flight_id,airline,origin,destination,departure_hour,day_of_week,month,distance_miles,temperature_c,wind_speed_kmh,visibility_km,precipitation_mm,pressure_hpa,humidity_pct,congestion_index,airline_delay_rate,is_delayed,delay_minutes
FL-1000,Southwest,SEA,LAX,23,5,8,2623,3.4,1.9,14.0,0.0,1018.5,73.1,1.73,0.22,0,0.0
FL-1001,JetBlue,MIA,ATL,11,6,10,1655,-9.5,20.6,13.2,0.0,1015.8,59.3,1.14,0.25,0,0.0
FL-1002,American,ATL,JFK,0,1,10,2330,9.8,3.4,15.0,0.0,1010.6,50.8,1.03,0.2,0,0.0
FL-1003,JetBlue,ATL,LAX,19,5,2,630,28.6,0.7,10.3,0.0,1010.3,68.0,4.02,0.25,1,123.0
FL-1004,JetBlue,SEA,DFW,15,6,3,2725,32.7,1.6,11.1,0.0,1015.2,77.4,1.0,0.25,0,0.0
FL-1005,United,JFK,LAX,11,3,8,982,8.9,27.6,12.0,1.6,1020.6,47.6,1.18,0.18,0,0.0
FL-1006,American,LAX,MIA,8,1,3,2616,11.6,7.0,8.7,0.0,1007.9,80.6,3.01,0.2,0,0.0
FL-1007,American,LAX,DFW,12,1,1,1154,31.8,5.4,6.8,0.0,1018.4,68.2,1.0,0.2,0,0.0
FL-1008,American,SFO,DEN,16,0,9,2192,23.0,10.1,10.4,0.0,1007.9,62.5,2.58,0.2,0,0.0
FL-1009,JetBlue,ATL,SEA,16,4,8,1859,20.9,15.0,8.6,1.6,1011.2,64.0,3.48,0.25,1,56.0
FL-1010,Southwest,BOS,SFO,3,0,4,340,16.7,0.6,15.0,0.0,1011.4,44.4,1.0,0.22,0,0.0
FL-1011,American,ORD,LAX,13,6,8,919,23.7,34.3,5.5,0.0,1021.9,68.7,1.25,0.2,0,0.0
FL-1012,Alaska,ORD,JFK,18,0,5,1850,14.6,47.7,9.8,1.0,1009.1,61.2,2.01,0.14,1,68.0
FL-1013,JetBlue,ORD,SEA,6,5,3,2176,33.4,8.1,10.9,1.6,996.5,69.8,1.0,0.25,0,0.0
FL-1014,United,SFO,SEA,2,3,1,1215,13.6,8.0,7.5,7.5,1005.3,62.3,1.0,0.18,1,69.0
FL-1015,Southwest,MIA,BOS,0,5,10,487,13.4,31.6,8.6,2.1,1028.6,55.7,1.62,0.22,0,0.0
FL-1016,Alaska,DEN,SFO,11,3,5,2602,-9.7,8.4,10.2,0.0,999.8,44.8,1.35,0.14,0,0.0
FL-1017,Alaska,ATL,JFK,14,5,11,542,27.7,29.1,6.5,0.0,998.0,33.9,1.0,0.14,0,0.0
FL-1018,United,ATL,BOS,10,1,6,2396,3.4,0.4,11.2,3.4,1019.5,58.3,2.08,0.18,0,0.0
FL-1019,Southwest,BOS,ORD,9,3,4,2457,-13.4,10.1,14.7,2.1,1018.5,20.1,2.81,0.22,0,0.0
FL-1020,JetBlue,LAX,DEN,1,3,7,2901,12.9,45.7,8.9,0.0,1010.1,39.2,1.05,0.25,1,50.0
FL-1021,Delta,JFK,BOS,3,5,3,1175,10.9,4.4,12.3,0.0,1017.2,80.4,1.2,0.12,0,0.0
FL-1022,Southwest,SEA,ORD,16,2,7,2783,20.4,4.6,15.0,0.0,1009.5,49.0,2.78,0.22,0,0.0
FL-1023,United,LAX,SFO,16,1,1,2023,22.8,14.9,13.0,0.1,1005.2,76.8,2.73,0.18,0,0.0
FL-1024,Alaska,MIA,DFW,7,6,7,530,5.1,39.1,7.8,0.0,1026.6,75.0,2.48,0.14,1,55.0
FL-1025,JetBlue,SEA,DEN,22,1,1,564,47.6,3.3,5.4,0.5,1007.6,51.0,1.0,0.25,1,54.0
FL-1026,Southwest,ATL,DFW,13,6,11,210,12.6,38.2,9.1,0.0,1002.2,82.2,1.0,0.22,1,97.0
FL-1027,Delta,MIA,ATL,23,2,1,708,-5.3,16.3,10.2,0.0,999.5,89.2,1.0,0.12,0,0.0
FL-1028,Delta,SEA,DEN,3,5,2,2827,34.0,70.0,3.8,1.3,1023.5,38.6,1.0,0.12,0,0.0
FL-1029,American,BOS,SEA,5,5,2,1668,23.7,20.0,10.1,0.4,1014.4,81.0,1.0,0.2,0,0.0
FL-1030,American,BOS,ATL,18,1,4,1313,19.9,16.5,7.5,0.0,1019.7,53.4,2.67,0.2,1,66.0
FL-1031,United,DFW,ATL,23,5,1,821,9.8,25.3,9.6,0.0,1027.9,37.0,1.0,0.18,0,0.0
FL-1032,Southwest,DEN,SFO,3,4,4,1100,15.5,2.9,9.1,0.0,1008.9,69.4,1.39,0.22,0,0.0
FL-1033,Southwest,BOS,SFO,2,4,2,1671,-11.0,43.8,9.4,0.0,1030.0,74.9,1.0,0.22,1,50.0
FL-1034,Alaska,ATL,MIA,19,6,4,2965,11.7,2.7,12.3,1.4,1012.0,63.9,3.04,0.14,1,51.0
FL-1035,Alaska,JFK,LAX,5,2,4,526,44.5,0.4,7.0,1.1,1013.6,97.6,1.0,0.14,0,0.0
FL-1036,Alaska,ORD,ATL,22,3,9,273,3.5,18.0,4.5,0.0,1024.2,78.4,1.07,0.14,0,0.0
FL-1037,American,DFW,BOS,6,4,9,450,17.1,3.1,12.5,0.0,1013.3,63.9,1.0,0.2,0,0.0
FL-1038,Southwest,ORD,DEN,13,6,1,2697,-5.2,21.3,11.9,0.2,1019.7,68.0,1.0,0.22,0,0.0
FL-1039,Southwest,DEN,SFO,11,5,5,1105,8.8,23.8,11.6,0.4,1009.2,100.0,1.0,0.22,0,0.0
FL-1040,Delta,SEA,DFW,15,2,7,2602,-0.2,4.1,7.3,0.0,1016.2,73.5,1.0,0.12,0,0.0
FL-1041,American,SFO,ORD,19,6,4,732,20.1,1.4,11.8,0.0,1024.2,90.2,3.14,0.2,0,0.0
FL-1042,JetBlue,BOS,DFW,7,6,12,495,17.6,10.4,6.2,6.0,1017.8,82.3,2.1,0.25,1,76.0
FL-1043,American,JFK,LAX,22,4,5,497,-0.6,33.1,9.1,0.0,1009.7,44.3,1.0,0.2,0,0.0
FL-1044,JetBlue,DEN,ORD,1,0,2,1551,16.1,28.2,14.6,3.0,1013.6,46.0,1.36,0.25,0,0.0
FL-1045,Delta,ORD,DFW,12,2,3,501,16.5,1.9,11.8,0.1,1009.8,64.5,1.0,0.12,0,0.0
FL-1046,United,DFW,SFO,7,1,7,711,17.1,50.2,9.8,1.3,1012.4,63.1,2.2,0.18,1,152.0
FL-1047,Southwest,BOS,SEA,20,6,10,784,25.2,4.6,9.6,0.0,1025.1,70.4,3.69,0.22,1,114.0
FL-1048,Delta,ATL,DFW,19,4,7,2621,33.8,6.4,6.7,3.2,1014.1,87.5,2.51,0.12,0,0.0
FL-1049,Southwest,BOS,ORD,15,1,4,1317,7.6,2.4,14.9,0.7,1019.9,79.9,1.0,0.22,0,0.0
FL-1050,Alaska,DFW,JFK,3,2,12,2379,11.3,7.1,13.0,1.0,1017.0,38.5,1.42,0.14,0,0.0
FL-1051,United,DFW,DEN,15,4,1,1834,12.9,15.1,12.4,0.2,1023.4,53.3,1.0,0.18,1,47.0
FL-1052,United,SFO,MIA,19,1,1,1109,-0.6,10.6,9.7,0.0,1004.6,94.5,2.89,0.18,0,0.0
FL-1053,Delta,BOS,MIA,5,3,4,2133,2.9,26.4,8.9,0.0,1014.7,76.2,1.17,0.12,0,0.0
FL-1054,United,BOS,JFK,3,6,4,252,21.8,15.4,7.7,0.0,1027.9,36.8,1.42,0.18,0,0.0
FL-1055,JetBlue,SFO,ATL,15,3,6,1719,38.1,4.6,14.3,0.0,1007.7,61.7,1.28,0.25,0,0.0
FL-1056,United,MIA,DFW,22,0,7,2476,2.5,12.2,4.6,0.0,1030.5,30.8,1.0,0.18,0,0.0
FL-1057,Southwest,MIA,LAX,22,5,9,2887,42.5,1.0,11.7,0.5,1006.2,84.4,1.77,0.22,0,0.0
FL-1058,Southwest,SEA,JFK,20,2,9,990,8.2,13.0,5.3,0.0,1010.8,74.6,2.82,0.22,0,0.0
FL-1059,Southwest,MIA,SEA,12,5,10,1727,29.5,7.4,9.4,1.4,1019.5,61.5,1.0,0.22,0,0.0
FL-1060,Southwest,LAX,DEN,4,5,12,694,20.2,1.6,9.9,0.0,1014.2,63.7,1.46,0.22,0,0.0
FL-1061,JetBlue,BOS,DFW,14,1,12,1052,17.3,5.5,6.2,0.8,996.8,74.9,1.0,0.25,0,0.0
FL-1062,American,JFK,BOS,7,0,5,2918,9.9,34.3,7.4,0.0,1016.3,87.4,2.68,0.2,0,0.0
FL-1063,Alaska,BOS,LAX,6,2,10,1294,15.2,13.2,12.2,1.3,1014.1,72.9,1.0,0.14,0,0.0
FL-1064,Delta,LAX,SEA,13,3,11,2436,6.5,35.0,14.4,2.6,1008.7,78.0,1.0,0.12,0,0.0
FL-1065,Southwest,LAX,BOS,6,5,3,862,26.3,7.9,10.9,0.0,1011.0,72.1,2.2,0.22,0,0.0
FL-1066,United,ORD,JFK,21,1,3,207,28.4,57.9,7.9,0.3,996.5,89.8,1.06,0.18,1,76.0
FL-1067,Southwest,BOS,DEN,6,5,6,2579,7.2,6.7,7.1,0.0,1008.6,97.7,1.0,0.22,0,0.0
FL-1068,United,DEN,SEA,22,4,1,865,-4.7,21.2,7.8,0.0,1018.8,53.1,1.0,0.18,0,0.0
FL-1069,Alaska,LAX,ATL,17,3,7,868,11.1,5.5,9.9,1.3,1014.4,61.5,3.12,0.14,1,62.0
FL-1070,Alaska,JFK,DFW,9,5,3,1485,38.9,1.7,10.8,0.0,1021.1,66.0,1.78,0.14,0,0.0
FL-1071,Alaska,SFO,ORD,17,4,5,360,17.8,26.9,13.7,0.0,1027.9,52.6,2.68,0.14,0,0.0
FL-1072,United,SEA,DEN,13,4,7,2598,28.8,21.6,9.8,0.0,1006.4,58.5,1.4,0.18,0,0.0
FL-1073,Southwest,ORD,BOS,9,1,7,2564,3.9,25.8,8.0,0.0,1005.9,63.7,2.41,0.22,0,0.0
FL-1074,Alaska,SFO,ORD,6,1,9,1136,9.2,5.3,6.6,1.0,1020.6,65.4,1.35,0.14,0,0.0
FL-1075,JetBlue,ORD,DEN,6,4,1,217,11.3,18.2,9.4,0.0,1011.8,57.5,1.61,0.25,0,0.0
FL-1076,United,JFK,SEA,6,0,3,2733,0.9,3.7,5.1,0.0,1011.5,55.4,1.34,0.18,0,0.0
FL-1077,United,DFW,DEN,4,5,9,2614,17.0,0.2,8.2,0.0,1034.6,66.0,1.0,0.18,1,90.0
FL-1078,Southwest,BOS,LAX,0,4,8,550,5.2,30.2,6.2,0.0,1023.0,50.5,1.41,0.22,0,0.0
FL-1079,United,ATL,MIA,13,4,2,2775,26.4,11.1,9.2,0.0,1014.3,71.6,1.4,0.18,0,0.0
FL-1080,United,DEN,LAX,17,1,8,1071,16.1,61.7,11.4,4.3,1017.1,42.8,2.97,0.18,1,97.0
FL-1081,Alaska,SFO,LAX,12,5,8,1658,32.8,7.3,11.1,0.0,1014.7,64.6,1.0,0.14,0,0.0
FL-1082,Southwest,BOS,LAX,7,2,2,2517,-5.1,47.2,12.1,0.0,1002.5,95.0,2.51,0.22,0,0.0
FL-1083,Alaska,DEN,JFK,7,3,8,1291,8.6,14.3,7.2,0.0,1015.8,60.6,2.57,0.14,0,0.0
FL-1084,Alaska,DFW,JFK,9,1,3,1253,10.1,10.8,14.3,0.0,1011.9,81.0,1.91,0.14,0,0.0
FL-1085,Southwest,ATL,MIA,16,5,7,515,20.6,5.4,12.0,3.4,1007.8,44.7,3.43,0.22,1,64.0
FL-1086,Delta,DEN,DFW,5,5,9,2044,9.9,26.2,11.9,4.5,1010.0,57.5,1.0,0.12,0,0.0
FL-1087,Alaska,DEN,ORD,14,6,4,936,35.7,26.5,13.4,0.9,1003.0,76.8,1.0,0.14,0,0.0
FL-1088,JetBlue,SFO,JFK,14,0,11,2411,12.8,8.1,10.5,0.9,1000.7,20.0,1.18,0.25,0,0.0
FL-1089,JetBlue,MIA,SFO,15,3,6,519,4.1,19.5,9.7,0.0,1007.5,76.1,1.09,0.25,0,0.0
FL-1090,United,ATL,JFK,7,1,9,1237,13.1,8.9,14.0,0.0,1006.3,63.6,2.44,0.18,0,0.0
FL-1091,JetBlue,BOS,SEA,18,1,11,2526,11.1,20.2,7.5,0.0,1028.4,58.8,2.51,0.25,0,0.0
FL-1092,United,DFW,LAX,19,2,11,631,26.1,70.0,9.4,0.0,1024.2,91.1,3.74,0.18,1,69.0
FL-1093,Delta,ATL,JFK,14,6,5,2915,10.1,4.6,13.5,0.0,1009.4,38.7,1.69,0.12,0,0.0
FL-1094,Southwest,JFK,MIA,2,6,12,833,-3.2,15.1,9.4,0.0,1017.2,72.0,1.54,0.22,0,0.0
FL-1095,Southwest,MIA,SFO,5,0,1,1905,17.1,7.2,8.2,2.5,1013.0,80.0,1.0,0.22,0,0.0
FL-1096,Southwest,JFK,DEN,7,6,3,2769,7.2,11.9,7.2,2.9,1008.7,52.0,2.77,0.22,0,0.0
FL-1097,JetBlue,DFW,SFO,15,0,11,2605,1.1,31.1,10.7,0.0,1005.5,28.1,1.0,0.25,0,0.0
FL-1098,Delta,SFO,ATL,14,5,9,1236,15.3,6.4,8.7,0.0,1010.5,70.4,1.0,0.12,0,0.0
FL-1099,JetBlue,SFO,ATL,12,5,3,924,13.4,1.1,11.5,0.0,1009.1,80.0,1.0,0.25,0,0.0
FL-1100,JetBlue,DFW,ORD,19,1,11,872,12.4,24.1,14.9,0.0,1011.8,91.7,2.7,0.25,0,0.0
FL-1101,Delta,ORD,SEA,14,2,11,2479,18.1,12.1,13.2,0.0,1029.4,35.7,1.27,0.12,0,0.0
FL-1102,Delta,DFW,MIA,17,1,10,670,8.1,9.0,3.0,0.0,1012.3,60.1,3.5,0.12,1,45.0
FL-1103,Delta,MIA,BOS,12,6,2,2886,16.4,3.0,12.2,0.0,1003.0,100.0,1.0,0.12,0,0.0
FL-1104,Delta,LAX,JFK,23,4,4,2807,7.9,1.5,12.4,0.0,1011.4,69.6,1.0,0.12,0,0.0
FL-1105,Southwest,SFO,MIA,7,5,5,2820,24.9,4.9,9.1,0.0,1022.3,70.4,2.69,0.22,0,0.0
FL-1106,American,SEA,ATL,13,4,7,801,14.7,19.0,13.7,0.0,1029.3,75.5,1.0,0.2,0,0.0
FL-1107,American,MIA,DEN,10,6,7,1582,36.0,8.0,10.9,0.0,1002.2,65.6,3.22,0.2,0,0.0
FL-1108,Delta,MIA,JFK,5,2,9,2502,9.1,12.7,4.2,0.0,1013.3,59.9,1.0,0.12,0,0.0
FL-1109,American,MIA,DFW,23,1,8,2849,19.3,1.3,10.4,5.1,1015.9,61.4,1.0,0.2,1,60.0
FL-1110,American,DEN,ORD,0,5,2,1738,28.6,2.0,9.2,0.0,1021.0,91.0,1.32,0.2,0,0.0
FL-1111,Delta,MIA,DFW,1,2,12,479,21.4,0.2,8.1,1.0,1011.6,78.6,1.0,0.12,0,0.0
FL-1112,American,SFO,ATL,12,1,8,2364,16.7,16.8,11.1,0.0,1013.1,71.7,1.0,0.2,0,0.0
FL-1113,JetBlue,LAX,ORD,0,1,8,2857,19.0,4.6,12.0,0.0,1009.6,30.9,1.23,0.25,0,0.0
FL-1114,United,LAX,DFW,23,4,5,1385,21.1,51.1,12.0,0.0,1002.6,55.6,1.0,0.18,0,0.0
FL-1115,United,MIA,ORD,23,3,3,2110,18.6,5.5,12.1,9.5,1020.6,100.0,1.13,0.18,0,0.0
FL-1116,Delta,JFK,LAX,3,6,9,2213,14.8,6.8,6.5,2.5,1005.4,50.7,1.0,0.12,0,0.0
FL-1117,Southwest,SFO,SEA,23,0,12,2545,23.8,9.5,6.8,0.0,1000.4,66.4,1.0,0.22,0,0.0
FL-1118,Delta,SFO,DFW,22,5,7,1115,14.0,5.8,10.8,3.9,1009.3,63.2,1.61,0.12,0,0.0
FL-1119,Southwest,ATL,DFW,1,0,1,1817,3.2,25.5,13.2,1.5,999.6,38.9,1.0,0.22,0,0.0
FL-1120,United,BOS,DFW,20,2,8,1581,39.7,31.3,11.1,1.2,1009.8,48.0,3.22,0.18,1,73.0
FL-1121,Delta,ORD,DFW,19,0,10,1883,25.5,0.2,3.7,0.0,1009.3,36.4,2.58,0.12,0,0.0
FL-1122,Alaska,ORD,ATL,15,4,5,2765,4.1,15.9,11.6,3.0,1012.3,34.5,1.0,0.14,0,0.0
FL-1123,JetBlue,JFK,SFO,2,3,6,2625,12.1,17.4,5.3,3.2,1009.2,73.7,1.53,0.25,0,0.0
FL-1124,American,ORD,DFW,16,5,9,625,8.2,48.8,12.1,0.0,1013.4,51.2,2.99,0.2,1,61.0
FL-1125,Southwest,ATL,JFK,4,6,10,1987,9.0,6.9,8.3,2.1,1028.0,98.7,1.08,0.22,0,0.0
FL-1126,Alaska,DFW,ORD,7,1,8,2784,25.4,3.3,10.9,0.0,993.0,79.6,2.52,0.14,0,0.0
FL-1127,American,ORD,SEA,11,1,11,752,11.0,11.0,15.0,0.0,1025.2,64.2,2.05,0.2,0,0.0
FL-1128,American,SFO,MIA,22,6,3,368,38.0,8.9,8.9,2.3,1001.5,79.2,1.38,0.2,0,0.0
FL-1129,Delta,DFW,LAX,11,4,5,714,-6.2,23.5,7.7,0.2,1016.6,25.3,1.32,0.12,0,0.0
FL-1130,American,ORD,JFK,0,5,4,1906,14.6,35.1,8.7,2.1,1023.2,63.1,1.0,0.2,1,99.0
FL-1131,JetBlue,SFO,ORD,0,0,1,629,-1.0,1.4,5.5,0.4,1011.5,84.2,1.0,0.25,0,0.0
FL-1132,Alaska,SFO,DFW,14,6,5,2816,18.9,28.1,7.0,0.0,1014.6,41.2,1.0,0.14,0,0.0
FL-1133,American,MIA,JFK,16,1,10,2330,20.4,35.9,13.2,0.5,1018.9,77.5,3.3,0.2,1,75.0
FL-1134,Delta,LAX,ATL,1,0,7,2577,25.8,38.7,4.1,0.3,1021.4,69.6,1.0,0.12,0,0.0
FL-1135,JetBlue,JFK,ATL,16,4,1,890,0.3,21.7,8.1,0.0,1003.6,36.7,2.82,0.25,0,0.0
FL-1136,United,ATL,SFO,19,1,4,2704,20.2,20.3,10.7,0.5,1016.4,93.4,3.4,0.18,1,45.0
FL-1137,Alaska,DEN,ORD,8,2,6,552,4.5,0.2,8.8,0.0,1012.5,85.7,3.29,0.14,0,0.0
FL-1138,American,BOS,SEA,11,3,11,2591,16.1,37.9,14.0,0.3,1017.0,76.2,1.0,0.2,1,59.0
FL-1139,Delta,ORD,JFK,3,0,12,1317,9.7,6.5,9.5,0.7,1016.9,40.6,1.43,0.12,0,0.0
FL-1140,United,ORD,DFW,12,6,9,1605,-0.2,0.6,9.0,0.0,1012.5,49.6,1.0,0.18,0,0.0
FL-1141,United,DFW,ATL,3,5,11,1518,23.7,8.0,10.4,4.4,1013.1,62.9,1.3,0.18,0,0.0
FL-1142,Southwest,DFW,JFK,6,0,8,2445,11.9,19.8,10.8,0.8,1017.3,90.9,1.0,0.22,0,0.0
FL-1143,JetBlue,BOS,LAX,13,0,2,278,25.3,8.7,10.0,0.0,1009.4,60.9,1.0,0.25,0,0.0
FL-1144,American,ORD,JFK,8,0,11,877,26.1,21.3,9.8,0.0,1019.1,68.3,2.54,0.2,0,0.0
FL-1145,Delta,SEA,SFO,22,6,3,750,30.7,10.7,4.1,0.0,1007.1,51.9,1.0,0.12,0,0.0
FL-1146,Southwest,ATL,ORD,0,4,10,1019,8.9,5.3,6.6,0.0,1028.9,96.6,1.0,0.22,0,0.0
FL-1147,JetBlue,ORD,MIA,0,4,5,413,3.9,3.4,11.7,5.1,1016.9,46.6,1.0,0.25,1,58.0
FL-1148,Southwest,LAX,SFO,19,5,11,1866,29.4,8.2,13.0,0.0,1015.0,68.0,3.01,0.22,0,0.0
FL-1149,Alaska,BOS,SEA,3,4,7,868,16.2,0.5,13.8,0.4,1008.5,88.5,1.61,0.14,0,0.0
FL-1150,JetBlue,SEA,DEN,0,6,3,1188,31.2,8.2,5.7,0.0,1012.1,54.9,1.39,0.25,0,0.0
FL-1151,JetBlue,ATL,DFW,21,5,12,1093,0.8,1.1,7.5,0.0,1016.4,60.2,1.0,0.25,0,0.0
FL-1152,American,ORD,SFO,9,5,7,358,23.3,31.4,14.5,0.0,1022.9,48.9,1.93,0.2,0,0.0
FL-1153,JetBlue,DEN,DFW,1,4,5,2986,15.5,12.9,8.9,0.0,1003.8,39.8,1.01,0.25,0,0.0
FL-1154,Southwest,MIA,DFW,20,1,10,2804,14.5,15.6,11.9,0.0,1002.3,42.4,3.23,0.22,1,90.0
FL-1155,JetBlue,LAX,BOS,23,4,6,2448,11.1,5.1,15.0,0.0,1009.3,93.5,1.0,0.25,0,0.0
FL-1156,American,DEN,ORD,14,1,6,221,1.7,3.8,13.1,1.3,1009.8,36.3,1.0,0.2,1,89.0
FL-1157,American,DFW,DEN,2,2,11,1964,23.0,18.5,9.4,0.8,1009.5,51.7,1.58,0.2,0,0.0
FL-1158,Alaska,DFW,SEA,22,4,11,2129,10.3,16.7,9.6,0.2,1016.8,40.7,1.08,0.14,0,0.0
FL-1159,Southwest,ORD,BOS,8,2,12,1461,17.5,2.0,11.6,0.0,1014.9,50.8,2.5,0.22,0,0.0
FL-1160,United,DFW,MIA,16,4,4,1372,38.2,4.1,4.2,0.0,1011.2,59.8,2.97,0.18,0,0.0
FL-1161,United,LAX,ATL,20,2,12,984,8.6,43.9,11.3,0.0,1023.9,67.9,3.65,0.18,1,99.0
FL-1162,JetBlue,ATL,JFK,12,3,8,1802,11.4,5.4,9.2,0.0,1031.4,90.6,1.0,0.25,0,0.0
FL-1163,Alaska,SFO,ATL,2,2,9,2254,13.0,0.4,9.8,0.0,1017.4,81.8,1.21,0.14,0,0.0
FL-1164,Delta,JFK,DEN,3,1,2,1456,10.3,1.0,10.3,0.0,1016.6,77.8,1.0,0.12,0,0.0
FL-1165,JetBlue,BOS,ORD,3,0,9,2092,10.6,22.4,14.7,1.7,1013.6,78.5,1.0,0.25,0,0.0
FL-1166,Alaska,ATL,JFK,10,5,11,778,23.4,21.2,10.8,1.4,1004.1,34.0,1.65,0.14,0,0.0
FL-1167,Southwest,SFO,DEN,6,2,12,1300,30.9,7.2,10.7,0.0,1020.9,66.1,1.19,0.22,0,0.0
FL-1168,Southwest,SEA,JFK,10,0,4,688,16.6,2.5,12.1,0.2,1011.1,88.6,1.45,0.22,0,0.0
FL-1169,Southwest,LAX,BOS,23,6,6,1125,23.9,10.3,10.2,0.9,1012.5,99.3,1.0,0.22,0,0.0
FL-1170,Southwest,DEN,JFK,10,3,7,2334,12.9,6.0,12.0,0.0,1014.1,87.0,2.47,0.22,0,0.0
FL-1171,Southwest,SFO,DEN,9,3,4,1987,12.6,7.0,9.7,0.0,1003.4,55.9,2.51,0.22,0,0.0
FL-1172,Alaska,LAX,JFK,4,6,8,2190,10.2,4.5,13.5,0.0,1023.5,78.0,1.78,0.14,0,0.0
FL-1173,Alaska,MIA,DEN,12,6,10,421,5.8,1.0,13.8,7.3,1019.7,49.8,1.83,0.14,0,0.0
FL-1174,American,DEN,ORD,11,6,8,2660,29.8,23.5,12.0,0.0,1006.4,90.1,1.0,0.2,0,0.0
FL-1175,United,DFW,DEN,9,1,1,2831,9.0,14.4,3.1,0.0,1004.7,48.4,2.2,0.18,0,0.0
FL-1176,Southwest,DFW,MIA,6,6,8,2449,22.3,27.0,10.5,0.0,1006.7,46.5,1.0,0.22,1,60.0
FL-1177,Delta,DEN,JFK,18,1,10,2818,5.0,10.5,4.2,0.0,1006.6,85.6,3.49,0.12,0,0.0
FL-1178,Alaska,SEA,JFK,18,2,12,2468,15.6,63.0,11.1,1.7,1004.0,65.2,2.81,0.14,1,104.0
FL-1179,Delta,SEA,DFW,18,4,3,2404,15.0,49.3,14.8,0.3,1015.5,78.5,2.04,0.12,1,86.0
FL-1180,Delta,SEA,SFO,11,6,5,1948,5.1,4.8,13.4,0.3,1015.4,80.1,1.4,0.12,0,0.0
FL-1181,Delta,SFO,BOS,19,6,10,2376,10.8,7.3,9.2,1.5,1003.0,44.0,2.73,0.12,0,0.0
FL-1182,American,BOS,JFK,21,3,8,1466,2.2,21.0,9.5,0.0,1029.3,66.3,1.78,0.2,0,0.0
FL-1183,Alaska,SFO,ATL,14,0,11,1395,15.2,22.5,4.5,0.0,1005.0,50.9,1.2,0.14,0,0.0
FL-1184,Delta,ORD,SEA,4,4,6,1726,-6.1,36.2,10.0,5.2,996.8,29.6,1.4,0.12,1,56.0
FL-1185,Southwest,JFK,BOS,23,3,4,1703,14.3,15.9,9.4,0.0,1018.1,63.2,1.34,0.22,0,0.0
FL-1186,JetBlue,DEN,ORD,13,2,4,1076,22.8,9.7,6.2,0.0,1012.9,52.7,1.0,0.25,0,0.0
FL-1187,Delta,ATL,LAX,11,6,12,2517,14.8,7.1,7.1,1.4,1009.9,75.8,1.0,0.12,0,0.0
FL-1188,American,JFK,DFW,20,3,4,362,6.6,8.1,6.4,0.0,1014.1,85.4,3.82,0.2,1,58.0
FL-1189,Alaska,MIA,LAX,10,1,6,1154,7.2,28.5,15.0,0.0,1012.6,51.8,2.84,0.14,0,0.0
FL-1190,American,SFO,JFK,4,0,7,223,29.5,58.7,10.4,5.0,1018.6,44.8,1.0,0.2,1,73.0
FL-1191,Delta,SFO,ORD,15,0,5,2744,16.9,0.8,12.3,0.0,1011.4,63.7,1.0,0.12,0,0.0
FL-1192,Alaska,LAX,MIA,17,1,10,392,25.1,13.0,12.7,0.0,1009.0,70.5,3.71,0.14,1,52.0
FL-1193,JetBlue,JFK,LAX,11,6,8,1077,26.3,11.0,14.8,2.6,1014.7,74.3,1.1,0.25,0,0.0
FL-1194,Delta,LAX,ORD,4,6,7,589,9.7,7.1,14.7,3.9,1019.3,100.0,1.6,0.12,0,0.0
FL-1195,American,ATL,JFK,15,4,8,2744,3.0,28.6,12.8,0.0,1012.2,86.0,1.22,0.2,0,0.0
FL-1196,United,LAX,SEA,11,1,4,1163,22.8,12.9,5.4,3.8,1012.6,64.8,1.0,0.18,0,0.0
FL-1197,Southwest,JFK,SFO,22,6,8,2376,4.7,5.6,12.9,0.0,1023.4,100.0,1.0,0.22,1,66.0
FL-1198,American,DEN,SEA,1,0,6,2800,7.9,8.8,8.8,0.0,1013.4,80.6,1.0,0.2,0,0.0
FL-1199,Alaska,MIA,ORD,5,6,3,2608,16.2,6.6,6.2,0.0,1001.3,82.7,1.0,0.14,0,0.0
FL-1200,Delta,SFO,MIA,22,2,8,964,12.0,8.4,8.9,0.0,1013.6,100.0,1.0,0.12,0,0.0
FL-1201,Southwest,ATL,SEA,20,6,7,2173,-12.8,1.1,10.5,0.0,1013.1,73.2,2.93,0.22,0,0.0
FL-1202,Delta,SFO,DEN,3,4,10,1438,0.2,1.8,2.3,0.0,1015.1,68.4,1.4,0.12,1,89.0
FL-1203,Alaska,ORD,MIA,12,5,5,2534,27.1,14.7,11.2,0.0,1014.8,71.0,1.0,0.14,0,0.0
FL-1204,Delta,MIA,LAX,9,3,11,967,14.0,17.3,13.4,0.4,1013.1,64.4,2.81,0.12,0,0.0
FL-1205,United,BOS,MIA,16,5,4,2616,23.8,15.2,10.3,0.0,1015.6,56.0,3.16,0.18,0,0.0
FL-1206,Southwest,LAX,SFO,13,2,1,1692,5.3,21.6,6.8,0.0,1003.3,43.6,1.59,0.22,0,0.0
FL-1207,Southwest,DFW,MIA,23,5,10,1098,1.7,43.1,11.8,0.3,1031.1,85.3,1.24,0.22,1,62.0
FL-1208,Alaska,JFK,LAX,14,6,3,1284,23.7,29.6,9.9,0.0,1013.6,86.3,1.0,0.14,0,0.0
FL-1209,United,SFO,DFW,7,4,2,2509,30.6,8.1,15.0,0.0,1004.5,55.8,1.77,0.18,0,0.0
FL-1210,American,LAX,JFK,22,0,8,987,4.5,3.7,3.1,0.0,1001.2,66.0,1.92,0.2,1,57.0
FL-1211,Delta,ATL,SEA,23,0,8,310,27.2,5.6,2.3,0.0,1016.7,53.9,1.0,0.12,1,72.0
FL-1212,JetBlue,SFO,ATL,17,2,12,2052,3.3,13.3,9.7,0.8,1009.8,75.1,2.87,0.25,0,0.0
FL-1213,Delta,BOS,ATL,2,5,5,340,-4.6,29.1,8.6,0.0,1015.4,75.3,1.0,0.12,0,0.0
FL-1214,Delta,MIA,LAX,16,4,5,944,22.0,18.1,10.8,0.0,1030.0,58.9,2.69,0.12,0,0.0
FL-1215,American,MIA,DFW,23,3,11,2782,3.5,11.7,11.3,0.0,1013.2,60.5,1.55,0.2,0,0.0
FL-1216,Delta,SFO,JFK,23,6,4,278,0.5,13.8,14.6,0.0,1021.7,61.1,1.02,0.12,0,0.0
FL-1217,United,ATL,BOS,6,5,1,1717,0.7,11.3,9.3,0.0,1005.2,54.5,1.0,0.18,0,0.0
FL-1218,United,MIA,DFW,12,5,1,2756,10.8,53.4,11.3,0.0,1015.1,71.7,1.15,0.18,0,0.0
FL-1219,Southwest,MIA,SFO,15,3,6,1170,-5.4,25.4,6.1,2.8,1006.2,26.5,1.0,0.22,0,0.0
FL-1220,Alaska,BOS,LAX,4,1,4,265,22.1,22.8,15.0,0.5,1003.7,66.3,1.26,0.14,0,0.0
FL-1221,JetBlue,JFK,LAX,3,6,4,1733,20.8,10.9,13.3,0.3,1014.5,96.4,1.96,0.25,1,88.0
FL-1222,Delta,ATL,DFW,9,2,3,1594,20.8,6.0,12.6,0.1,1024.9,77.2,2.13,0.12,0,0.0
FL-1223,Delta,ATL,MIA,12,6,9,486,29.5,0.3,7.6,0.0,1020.7,47.8,1.0,0.12,0,0.0
FL-1224,American,DEN,SFO,9,4,3,322,26.6,0.7,14.1,0.0,1034.8,48.4,3.96,0.2,1,81.0
FL-1225,Alaska,DEN,JFK,13,2,8,2802,4.1,0.5,13.0,0.0,1012.6,55.6,1.0,0.14,1,65.0
FL-1226,United,MIA,JFK,21,3,2,1203,23.1,59.0,11.9,0.0,1015.7,53.4,1.94,0.18,1,118.0
FL-1227,JetBlue,DFW,SEA,11,4,4,203,28.3,1.8,9.7,0.0,1018.3,77.4,2.02,0.25,0,0.0
FL-1228,Southwest,DEN,ATL,0,0,1,2039,24.8,2.3,6.8,1.8,1013.9,50.9,1.0,0.22,0,0.0
FL-1229,United,MIA,DFW,20,0,11,611,25.7,9.9,9.8,1.0,1020.1,76.9,3.59,0.18,1,139.0
FL-1230,Alaska,SEA,DEN,19,6,5,449,13.2,9.8,7.6,0.0,1008.7,62.3,2.47,0.14,0,0.0
FL-1231,Southwest,ORD,SEA,19,4,2,1710,7.2,37.9,11.1,0.0,1007.5,70.7,3.28,0.22,1,136.0
FL-1232,American,ORD,MIA,6,2,11,2117,12.2,1.1,6.7,2.8,1008.9,76.9,1.48,0.2,0,0.0
FL-1233,American,ATL,LAX,8,2,1,1556,6.6,47.3,7.8,0.0,1004.9,73.7,1.98,0.2,0,0.0
FL-1234,Delta,DFW,ATL,7,0,1,2700,27.0,3.7,3.7,0.0,999.5,95.1,3.14,0.12,0,0.0
FL-1235,Alaska,BOS,JFK,12,0,2,357,17.2,52.7,11.6,0.0,1011.8,89.7,1.47,0.14,0,0.0
FL-1236,JetBlue,JFK,BOS,13,3,5,1800,24.9,11.7,11.3,0.0,995.1,51.0,1.87,0.25,1,117.0
FL-1237,Southwest,DEN,ORD,11,4,12,1810,-2.4,15.8,8.5,6.6,1009.8,100.0,1.11,0.22,0,0.0
FL-1238,United,SEA,ORD,7,2,9,1663,9.6,5.7,2.7,0.0,996.5,68.3,1.32,0.18,1,98.0
FL-1239,Alaska,MIA,BOS,20,3,6,1177,2.7,14.2,4.9,1.7,1025.8,72.4,3.12,0.14,1,40.0
FL-1240,Alaska,DFW,ORD,21,2,12,2582,-4.5,18.6,10.3,0.0,1009.8,82.2,1.0,0.14,0,0.0
FL-1241,American,ATL,SEA,17,0,4,1461,18.6,0.2,13.0,0.1,990.5,47.7,3.57,0.2,1,68.0
FL-1242,Delta,DEN,LAX,15,4,3,352,2.2,0.5,7.0,0.0,1013.2,96.6,1.0,0.12,0,0.0
FL-1243,Delta,DFW,ORD,10,1,8,1829,10.5,64.6,13.6,2.4,1015.1,71.1,3.72,0.12,1,102.0
FL-1244,Southwest,DEN,LAX,15,4,3,2996,3.3,9.2,15.0,1.6,1008.2,90.6,1.11,0.22,0,0.0
FL-1245,American,JFK,LAX,13,5,1,1255,10.1,41.2,11.4,0.0,1025.9,64.5,1.76,0.2,0,0.0
FL-1246,Alaska,JFK,ORD,2,1,4,2779,22.1,19.6,13.1,0.0,1017.7,50.3,1.0,0.14,0,0.0
FL-1247,JetBlue,BOS,MIA,20,6,11,252,3.5,7.0,6.6,1.7,1011.0,77.7,2.9,0.25,0,0.0
FL-1248,American,ORD,BOS,1,6,5,2965,9.6,2.5,4.7,0.0,1017.2,49.3,1.94,0.2,0,0.0
FL-1249,Southwest,LAX,ORD,2,3,5,1954,21.3,57.4,15.0,1.2,1025.4,58.9,1.0,0.22,1,42.0
FL-1250,Southwest,LAX,MIA,3,1,5,1528,23.2,13.2,7.0,0.0,1003.3,20.6,1.0,0.22,0,0.0
FL-1251,American,DEN,DFW,21,1,8,2592,10.3,3.2,13.5,0.0,1006.4,91.9,1.02,0.2,0,0.0
FL-1252,Southwest,BOS,ORD,4,3,8,200,18.5,17.2,11.3,0.8,1013.2,58.0,1.51,0.22,0,0.0
FL-1253,American,LAX,BOS,9,4,12,366,24.8,1.4,15.0,0.0,999.6,61.7,2.32,0.2,0,0.0
FL-1254,United,ATL,DEN,19,3,4,2564,2.3,30.4,12.3,0.0,1015.3,67.9,2.93,0.18,1,44.0
FL-1255,American,LAX,JFK,1,5,9,1164,6.4,1.4,6.5,1.8,1026.2,77.0,1.05,0.2,0,0.0
FL-1256,American,SFO,DFW,11,0,1,2085,10.5,4.0,9.0,0.8,1012.0,44.3,1.0,0.2,0,0.0
FL-1257,Southwest,MIA,DEN,4,6,5,472,20.4,1.4,12.1,0.0,1000.3,41.2,1.29,0.22,1,48.0
FL-1258,Southwest,BOS,ATL,4,0,5,1892,17.2,1.6,8.4,0.6,1019.4,87.1,1.0,0.22,0,0.0
FL-1259,Delta,ATL,SEA,22,6,5,2620,15.8,11.1,13.1,0.0,1026.1,57.6,1.0,0.12,0,0.0
FL-1260,Delta,DFW,SFO,0,1,8,1099,2.7,17.4,10.3,1.9,991.2,73.1,1.19,0.12,0,0.0
FL-1261,United,ATL,BOS,3,3,9,2448,25.5,23.3,13.2,0.0,1017.3,58.4,1.0,0.18,1,77.0
FL-1262,Delta,ORD,BOS,20,3,3,2387,9.0,17.8,13.4,0.0,1018.2,78.7,3.53,0.12,1,56.0
FL-1263,American,DFW,BOS,23,3,9,2553,11.8,6.8,10.9,0.0,1016.8,58.0,1.0,0.2,0,0.0
FL-1264,Southwest,SEA,JFK,11,5,11,1419,17.3,12.2,9.6,0.0,1014.9,70.6,1.26,0.22,0,0.0
FL-1265,Delta,MIA,LAX,11,5,8,559,38.7,39.4,8.4,0.0,1014.0,76.3,1.29,0.12,1,62.0
FL-1266,Delta,MIA,ORD,15,4,3,2554,7.3,7.4,6.6,0.5,1010.9,70.1,1.0,0.12,0,0.0
FL-1267,United,MIA,ATL,23,2,2,2239,6.7,4.4,15.0,0.4,1024.8,73.1,1.0,0.18,0,0.0
FL-1268,Alaska,MIA,BOS,16,6,4,2580,10.5,11.0,10.2,0.0,1013.7,64.6,3.04,0.14,0,0.0
FL-1269,United,DEN,SFO,20,2,12,533,28.9,5.3,9.3,0.0,1032.3,40.1,2.5,0.18,0,0.0
FL-1270,American,MIA,JFK,9,2,2,2764,16.8,4.6,9.3,0.0,1020.6,37.0,3.03,0.2,0,0.0
FL-1271,Southwest,MIA,BOS,16,6,4,930,19.5,22.6,9.8,0.1,1013.9,43.5,2.77,0.22,0,0.0
FL-1272,United,MIA,SFO,16,4,5,1697,24.7,33.2,8.5,0.0,1005.7,52.4,2.55,0.18,0,0.0
FL-1273,Delta,BOS,ATL,17,3,2,1617,28.5,10.5,8.3,0.0,1017.5,82.1,3.07,0.12,0,0.0
FL-1274,Southwest,DEN,ATL,1,2,12,1943,7.0,22.7,5.9,0.1,1006.3,28.3,1.66,0.22,0,0.0
FL-1275,Southwest,JFK,ATL,3,3,8,1800,21.3,3.1,10.1,0.0,1007.7,73.5,1.0,0.22,0,0.0
FL-1276,Delta,ATL,MIA,18,1,1,1603,28.8,11.9,13.9,0.0,1010.1,53.5,2.92,0.12,0,0.0
FL-1277,United,ATL,ORD,10,2,3,220,17.5,15.2,7.8,0.0,1002.8,73.8,2.59,0.18,0,0.0
FL-1278,Delta,DFW,LAX,16,1,7,2173,5.2,10.1,11.7,4.1,1027.1,93.1,2.88,0.12,0,0.0
FL-1279,Alaska,BOS,MIA,11,4,10,1078,2.8,1.9,11.7,6.6,1003.4,68.5,1.0,0.14,1,55.0
FL-1280,Southwest,SFO,ATL,1,0,1,376,20.4,19.9,11.2,2.4,1015.2,81.4,1.07,0.22,0,0.0
FL-1281,JetBlue,ATL,SEA,5,5,11,1586,1.2,27.4,15.0,0.0,1006.6,52.9,1.0,0.25,0,0.0
FL-1282,JetBlue,LAX,JFK,8,6,2,2269,5.2,15.1,11.8,2.4,1001.6,54.4,1.81,0.25,0,0.0
FL-1283,American,SFO,DFW,4,4,3,2795,9.1,2.8,10.2,3.9,1011.2,85.6,1.0,0.2,0,0.0
FL-1284,Delta,MIA,BOS,19,4,2,2497,18.4,1.2,11.0,0.0,1011.9,100.0,2.85,0.12,0,0.0
FL-1285,Delta,MIA,JFK,20,4,2,860,22.0,5.4,12.5,1.2,1025.2,79.6,2.9,0.12,0,0.0
FL-1286,American,DEN,ATL,8,2,12,1399,6.5,0.6,15.0,2.1,1016.3,32.4,1.9,0.2,0,0.0
FL-1287,American,SFO,DEN,22,1,11,325,-0.6,27.4,9.3,0.4,1014.7,45.7,1.31,0.2,0,0.0
FL-1288,American,LAX,SEA,7,5,6,1469,24.8,18.2,10.5,2.4,1019.1,58.4,3.07,0.2,0,0.0
FL-1289,Southwest,DEN,ORD,19,2,7,810,23.1,12.4,15.0,2.6,1010.8,72.8,2.97,0.22,0,0.0
FL-1290,Alaska,DFW,SFO,7,0,6,1494,20.6,33.1,9.9,3.2,1008.1,54.2,2.35,0.14,0,0.0
FL-1291,Delta,SFO,MIA,21,6,11,1209,19.5,1.7,9.7,0.0,1007.7,75.7,1.14,0.12,0,0.0
FL-1292,Southwest,BOS,JFK,20,6,6,2291,10.2,18.8,7.5,1.2,1007.2,45.8,3.13,0.22,0,0.0
FL-1293,American,MIA,DEN,22,5,9,1957,12.9,2.4,10.3,4.7,1015.4,83.1,1.0,0.2,0,0.0
FL-1294,Delta,MIA,SEA,5,6,8,2164,15.9,0.9,9.8,0.0,1001.3,68.1,1.32,0.12,0,0.0
FL-1295,Southwest,ORD,SEA,2,6,8,747,4.9,2.1,11.2,0.0,1011.2,77.5,1.0,0.22,0,0.0
FL-1296,Alaska,DEN,BOS,4,4,6,1391,19.6,45.2,10.8,0.0,1023.6,31.7,1.0,0.14,1,115.0
FL-1297,Southwest,JFK,DEN,8,3,5,2682,16.4,8.7,4.1,1.6,1015.4,70.5,2.39,0.22,0,0.0
FL-1298,Alaska,JFK,DEN,6,0,9,1253,13.4,0.8,6.1,1.2,1012.2,51.5,1.1,0.14,0,0.0
FL-1299,American,DEN,LAX,3,1,12,1820,26.0,13.1,9.5,0.0,1008.8,65.3,1.0,0.2,0,0.0
FL-1300,Alaska,BOS,ORD,6,0,2,2604,13.8,3.3,8.7,0.0,1006.1,57.1,1.35,0.14,0,0.0
FL-1301,Delta,SEA,ATL,4,2,7,2022,22.9,0.1,6.9,0.5,1023.1,51.2,1.0,0.12,0,0.0
FL-1302,American,DEN,ATL,10,6,6,1471,0.7,21.3,4.5,6.2,1013.8,64.2,3.14,0.2,1,44.0
FL-1303,Delta,BOS,MIA,14,3,7,1919,25.1,2.5,14.9,0.0,1008.9,76.6,1.45,0.12,0,0.0
FL-1304,JetBlue,DFW,JFK,1,2,12,452,22.3,42.8,14.8,0.0,1010.6,89.9,1.0,0.25,1,64.0
FL-1305,United,MIA,ATL,12,5,4,2968,40.9,13.5,12.3,1.0,1005.9,55.9,1.0,0.18,0,0.0
FL-1306,Alaska,LAX,DFW,21,4,9,1759,34.2,1.4,8.2,0.0,1013.9,84.2,1.0,0.14,0,0.0
FL-1307,United,SEA,JFK,15,6,7,936,26.2,3.7,14.4,0.0,1013.9,87.6,1.27,0.18,0,0.0
FL-1308,United,SFO,ORD,6,4,2,2246,8.5,14.2,7.8,0.7,1017.9,47.3,1.36,0.18,0,0.0
FL-1309,Alaska,SEA,DFW,7,0,4,1099,4.4,6.2,11.3,0.0,1000.8,70.1,2.84,0.14,0,0.0
FL-1310,American,LAX,DEN,5,4,5,2128,6.3,11.4,7.6,0.0,1014.1,79.9,1.0,0.2,0,0.0
FL-1311,JetBlue,ORD,BOS,23,4,2,2370,21.1,24.1,10.1,1.2,1017.5,60.9,1.0,0.25,0,0.0
FL-1312,Delta,MIA,BOS,6,5,10,1517,30.5,23.6,11.5,0.0,1011.7,63.6,1.5,0.12,0,0.0
FL-1313,Southwest,JFK,BOS,17,1,8,2932,0.5,18.0,5.5,0.0,1023.8,74.7,3.18,0.22,1,55.0
FL-1314,Delta,BOS,JFK,21,1,1,2390,4.9,32.6,8.7,0.0,1018.2,65.0,1.0,0.12,0,0.0
FL-1315,Southwest,DEN,BOS,21,2,3,1202,15.4,3.3,10.8,6.7,1021.7,63.3,1.92,0.22,1,56.0
FL-1316,Delta,DEN,SEA,19,6,1,2122,1.4,2.9,6.2,0.0,1004.4,53.3,3.02,0.12,0,0.0
FL-1317,Alaska,JFK,ORD,6,2,5,2758,9.9,24.1,7.2,3.9,998.4,54.7,1.2,0.14,0,0.0
FL-1318,JetBlue,SEA,JFK,2,1,8,2171,29.9,5.8,10.8,0.0,1015.3,53.3,1.0,0.25,0,0.0
FL-1319,Southwest,MIA,JFK,4,0,7,2304,23.7,10.8,8.4,0.5,996.8,58.3,1.0,0.22,0,0.0
FL-1320,American,ATL,DEN,0,1,9,241,25.0,20.4,6.3,1.7,1008.2,63.7,1.0,0.2,0,0.0
FL-1321,Delta,BOS,SEA,14,2,2,2047,3.2,7.6,10.1,0.1,1012.8,54.3,1.0,0.12,0,0.0
FL-1322,Delta,DFW,MIA,2,3,12,542,-6.0,2.1,11.3,3.8,1019.0,49.0,1.24,0.12,0,0.0
FL-1323,Southwest,LAX,SFO,7,6,8,531,9.9,17.1,15.0,0.0,1013.7,49.4,2.4,0.22,0,0.0
FL-1324,American,SEA,LAX,8,4,8,1660,-12.9,25.5,10.3,0.0,1024.6,64.7,2.69,0.2,0,0.0
FL-1325,American,SFO,JFK,14,5,6,540,20.4,0.2,10.0,0.6,1007.4,37.5,1.0,0.2,0,0.0
FL-1326,Alaska,ORD,LAX,9,3,3,2588,24.0,12.4,9.1,0.0,1005.7,80.3,2.37,0.14,0,0.0
FL-1327,Alaska,DEN,JFK,1,3,2,2429,5.6,9.5,13.4,0.0,1031.1,87.7,1.22,0.14,0,0.0
FL-1328,Alaska,SEA,ORD,19,4,8,1900,22.0,4.5,11.0,0.0,1011.8,87.9,2.91,0.14,0,0.0
FL-1329,Alaska,ORD,DEN,4,1,6,1487,21.9,2.6,12.5,1.1,1014.0,58.9,1.0,0.14,0,0.0
FL-1330,Alaska,LAX,SEA,18,6,4,1433,1.5,3.1,10.7,4.1,1008.5,55.4,3.3,0.14,0,0.0
FL-1331,Alaska,DEN,ORD,12,0,5,2770,10.2,19.4,12.7,0.6,1005.9,54.4,1.0,0.14,0,0.0
FL-1332,JetBlue,DEN,BOS,10,3,5,2429,9.4,11.5,11.1,0.0,1011.7,47.3,2.07,0.25,0,0.0
FL-1333,American,ATL,SFO,0,0,9,1667,26.2,59.6,5.8,1.1,1021.4,77.6,1.0,0.2,0,0.0
FL-1334,Alaska,SEA,DEN,21,5,9,2498,23.8,4.2,9.1,0.0,1011.2,30.3,1.0,0.14,0,0.0
FL-1335,American,MIA,SEA,14,5,8,337,21.9,47.2,9.2,0.0,993.1,55.5,1.0,0.2,1,68.0
FL-1336,American,JFK,ATL,17,5,8,2998,8.3,10.9,11.3,0.0,1004.2,54.5,3.99,0.2,1,85.0
FL-1337,United,JFK,ORD,15,2,12,2701,31.4,2.4,10.5,2.1,1028.1,56.9,1.0,0.18,0,0.0
FL-1338,JetBlue,DFW,LAX,8,3,2,286,17.2,2.4,14.0,0.0,992.7,54.6,2.63,0.25,0,0.0
FL-1339,Alaska,SFO,DFW,0,5,3,2033,20.9,14.1,11.2,0.0,1007.2,67.6,1.0,0.14,0,0.0
FL-1340,Delta,ORD,JFK,10,2,8,2540,35.8,26.7,11.4,3.7,1016.5,76.1,3.1,0.12,0,0.0
FL-1341,Southwest,SEA,LAX,8,5,5,2339,22.9,20.7,7.0,0.0,1016.7,70.7,3.14,0.22,0,0.0
FL-1342,Delta,BOS,SEA,22,1,7,407,13.6,16.0,10.5,0.0,1016.9,47.3,1.25,0.12,0,0.0
FL-1343,JetBlue,SFO,MIA,10,3,8,2433,9.0,2.8,9.4,3.3,1020.2,33.1,2.89,0.25,0,0.0
FL-1344,Southwest,ATL,DEN,12,2,6,2050,-5.8,1.7,3.8,0.0,1011.2,96.2,1.0,0.22,0,0.0
FL-1345,JetBlue,DEN,BOS,1,5,5,1887,-3.8,0.0,6.1,4.3,1004.8,82.0,1.61,0.25,0,0.0
FL-1346,American,MIA,DEN,13,6,8,2403,25.3,1.6,12.2,0.0,1011.2,99.0,1.35,0.2,0,0.0
FL-1347,Southwest,SEA,DFW,5,2,1,2540,-8.7,21.8,12.0,2.6,1022.6,73.0,1.0,0.22,0,0.0
FL-1348,American,SFO,BOS,7,5,1,2780,27.1,33.8,8.2,0.0,999.7,90.4,2.2,0.2,0,0.0
FL-1349,Delta,SFO,DEN,17,1,1,2408,24.6,4.1,8.3,0.0,1009.3,32.8,2.92,0.12,0,0.0
FL-1350,Delta,MIA,SFO,15,0,3,1708,4.6,23.8,6.6,0.0,1013.2,41.0,2.06,0.12,0,0.0
FL-1351,Southwest,DFW,ATL,20,5,10,1726,17.2,3.3,13.0,0.0,1007.8,53.6,2.86,0.22,0,0.0
FL-1352,Southwest,ORD,JFK,11,0,12,1050,21.9,4.3,7.6,0.0,1008.8,67.3,1.0,0.22,0,0.0
FL-1353,Alaska,ORD,SFO,10,3,6,2403,16.1,3.8,8.3,0.0,1016.3,52.7,2.15,0.14,0,0.0
FL-1354,JetBlue,SFO,BOS,5,1,6,2390,29.8,0.8,13.0,0.0,1014.1,83.3,1.0,0.25,0,0.0
FL-1355,Alaska,LAX,SEA,2,6,5,2809,-1.7,3.2,13.0,0.0,1020.6,81.8,1.37,0.14,0,0.0
FL-1356,JetBlue,SFO,SEA,13,3,7,2282,21.0,7.0,9.5,0.6,1017.4,82.4,1.39,0.25,0,0.0
FL-1357,Alaska,SFO,DFW,1,6,5,423,7.7,7.8,10.0,7.5,1021.3,77.2,1.0,0.14,0,0.0
FL-1358,American,MIA,BOS,10,0,2,2915,-5.9,5.6,11.4,0.0,1007.8,70.6,3.24,0.2,0,0.0
FL-1359,Southwest,DEN,ORD,21,1,4,2640,1.1,10.8,8.8,0.0,1033.8,94.5,1.0,0.22,0,0.0
FL-1360,Delta,MIA,ORD,2,4,1,2655,8.7,7.1,9.7,0.0,999.6,97.1,1.0,0.12,0,0.0
FL-1361,JetBlue,SEA,JFK,17,1,7,1611,15.3,52.8,9.4,0.3,1019.4,60.6,2.21,0.25,1,93.0
FL-1362,JetBlue,SFO,BOS,0,1,4,1919,4.2,24.7,12.1,5.3,1004.9,49.3,1.0,0.25,0,0.0
FL-1363,Delta,ORD,DEN,23,6,4,496,8.9,40.1,14.3,4.0,999.9,86.8,1.2,0.12,0,0.0
FL-1364,Alaska,BOS,LAX,0,4,4,522,10.2,12.2,13.4,0.0,1026.4,98.8,1.46,0.14,0,0.0
FL-1365,JetBlue,ORD,SEA,11,2,3,2077,4.4,17.0,13.0,7.6,1010.0,100.0,1.0,0.25,1,45.0
FL-1366,American,JFK,BOS,14,2,8,1711,8.2,2.7,6.7,1.2,1002.8,76.4,1.0,0.2,0,0.0
FL-1367,Southwest,DFW,BOS,4,2,4,2286,21.9,21.0,13.9,0.0,1009.8,61.8,1.0,0.22,0,0.0
FL-1368,Delta,ATL,LAX,5,0,8,704,34.8,4.0,8.0,0.0,1007.5,44.6,1.0,0.12,0,0.0
FL-1369,Southwest,SEA,LAX,15,1,9,1760,17.5,2.4,4.7,1.2,1011.7,63.7,1.04,0.22,0,0.0
FL-1370,JetBlue,SEA,DEN,11,5,1,1565,16.6,0.6,7.5,1.4,1010.4,48.6,1.47,0.25,0,0.0
FL-1371,JetBlue,DFW,ATL,11,4,4,2487,14.0,9.6,9.7,0.6,1002.1,45.5,1.0,0.25,0,0.0
FL-1372,Delta,BOS,JFK,2,5,6,886,10.3,5.1,3.9,1.3,1013.5,82.3,1.22,0.12,0,0.0
FL-1373,American,ATL,SEA,22,0,8,2217,21.9,64.8,12.1,0.2,1012.9,56.5,1.58,0.2,1,63.0
FL-1374,United,DEN,LAX,1,4,6,1668,26.8,4.3,12.5,4.8,1026.0,64.6,1.08,0.18,0,0.0
FL-1375,Delta,SFO,ORD,6,5,12,939,1.1,30.2,8.9,0.0,1024.6,93.6,1.24,0.12,0,0.0
FL-1376,United,ATL,SFO,1,6,6,1196,27.5,5.7,6.5,3.3,1013.0,27.4,1.0,0.18,0,0.0
FL-1377,Alaska,BOS,ORD,20,0,10,2734,34.5,20.7,12.8,0.0,1016.7,47.8,3.65,0.14,1,58.0
FL-1378,United,LAX,MIA,6,0,4,1634,2.9,16.2,7.2,0.0,1004.6,79.5,1.24,0.18,0,0.0
FL-1379,American,JFK,MIA,10,0,9,2115,26.0,12.4,5.1,1.5,1018.3,56.2,2.0,0.2,0,0.0
FL-1380,Alaska,ATL,LAX,10,4,7,822,34.6,8.1,9.8,0.8,1034.9,55.6,3.39,0.14,0,0.0
FL-1381,United,ATL,MIA,13,5,11,2983,23.6,16.7,10.1,0.0,1003.8,70.9,1.0,0.18,0,0.0
FL-1382,Alaska,JFK,DEN,2,5,6,497,12.9,7.8,10.9,0.0,1008.1,62.1,1.55,0.14,0,0.0
FL-1383,United,SFO,BOS,13,3,1,1275,24.3,11.9,12.3,0.0,1015.0,29.5,1.0,0.18,0,0.0
FL-1384,American,ATL,BOS,10,0,2,2980,5.2,13.4,12.7,0.0,1014.5,53.8,2.52,0.2,0,0.0
FL-1385,United,JFK,ORD,3,2,12,503,11.2,4.7,6.2,0.0,1013.9,37.9,1.6,0.18,0,0.0
FL-1386,United,JFK,MIA,16,1,6,1511,6.2,6.2,3.9,0.0,1007.5,80.6,2.32,0.18,0,0.0
FL-1387,United,JFK,SFO,15,6,11,863,-1.2,0.3,11.4,0.0,1001.8,40.0,1.18,0.18,0,0.0
FL-1388,Delta,MIA,SFO,2,6,1,1341,15.5,28.7,10.1,0.0,1006.1,40.0,1.0,0.12,0,0.0
FL-1389,Delta,BOS,JFK,9,3,11,2192,18.6,21.2,8.6,6.5,1019.6,42.3,2.36,0.12,0,0.0
FL-1390,Delta,MIA,DEN,20,3,5,2894,22.9,3.0,9.6,0.0,1029.3,80.2,3.72,0.12,1,75.0
FL-1391,American,LAX,DEN,14,4,1,408,-38.7,6.7,7.5,0.0,1017.3,53.5,1.0,0.2,1,43.0
FL-1392,Alaska,DEN,ATL,7,3,3,1516,17.2,8.2,15.0,0.0,1010.3,88.9,2.96,0.14,0,0.0
FL-1393,JetBlue,MIA,JFK,17,5,12,718,15.9,6.1,4.0,0.4,1019.6,80.8,3.41,0.25,1,65.0
FL-1394,United,MIA,BOS,2,4,12,2324,1.9,24.0,11.3,0.0,1002.1,85.1,1.0,0.18,1,82.0
FL-1395,United,BOS,ATL,6,4,12,537,9.7,19.4,6.1,0.0,1012.7,58.7,1.0,0.18,0,0.0
FL-1396,American,DEN,LAX,9,6,7,2013,24.1,21.9,8.0,0.0,1008.2,42.9,2.82,0.2,0,0.0
FL-1397,United,DFW,SEA,19,6,5,2069,16.2,35.2,8.7,2.2,1010.7,59.3,3.21,0.18,1,118.0
FL-1398,Delta,JFK,ORD,8,2,12,1112,14.8,13.6,7.1,0.0,1008.5,20.0,2.03,0.12,0,0.0
FL-1399,JetBlue,SEA,DFW,13,0,10,1006,25.7,14.3,9.3,4.5,1004.1,75.1,1.0,0.25,0,0.0
FL-1400,Southwest,DEN,SFO,22,3,1,1515,42.8,19.2,2.1,0.0,1026.6,69.8,1.11,0.22,1,70.0
FL-1401,United,LAX,SEA,13,0,1,1494,12.1,17.1,5.4,0.7,1008.0,53.0,1.0,0.18,0,0.0
FL-1402,Delta,SFO,JFK,10,0,8,771,18.0,30.6,4.4,1.6,1008.0,55.8,2.97,0.12,0,0.0
FL-1403,Southwest,LAX,JFK,0,0,11,2671,4.3,22.1,6.3,0.0,1012.5,85.0,1.0,0.22,0,0.0
FL-1404,JetBlue,JFK,DFW,3,4,9,1879,40.7,1.9,7.6,0.0,1014.7,73.8,1.0,0.25,0,0.0
FL-1405,Southwest,DEN,DFW,5,0,7,2920,8.5,39.5,10.0,7.6,1025.9,91.6,1.0,0.22,1,95.0
FL-1406,Delta,LAX,BOS,21,3,3,1239,-6.7,17.2,8.1,8.6,1014.4,49.3,1.24,0.12,1,85.0
FL-1407,Alaska,LAX,MIA,21,4,12,1125,22.5,2.0,7.4,0.0,1017.4,42.1,1.0,0.14,0,0.0
FL-1408,Alaska,DFW,MIA,4,3,6,1984,-4.3,22.2,8.4,0.0,998.2,71.6,1.0,0.14,0,0.0
FL-1409,Southwest,DFW,SEA,2,4,3,297,30.5,6.7,7.9,0.0,1015.4,79.3,1.9,0.22,0,0.0
FL-1410,American,DEN,DFW,1,1,10,1839,22.1,24.6,8.9,0.0,1006.9,70.4,1.0,0.2,0,0.0
FL-1411,Southwest,JFK,SFO,2,1,4,2547,2.7,46.7,9.0,1.5,1007.1,57.2,1.7,0.22,1,59.0
FL-1412,United,MIA,JFK,8,1,12,946,23.0,4.4,7.7,6.5,1003.5,100.0,2.06,0.18,1,56.0
FL-1413,United,ORD,BOS,18,1,4,1645,11.0,29.2,5.3,0.0,1010.3,100.0,2.71,0.18,1,49.0
FL-1414,Alaska,ATL,DEN,18,4,3,1530,20.1,22.3,9.9,1.5,1016.1,51.6,3.93,0.14,0,0.0
FL-1415,American,SEA,BOS,16,0,10,2521,-0.4,16.7,12.5,0.0,1016.5,54.2,1.8,0.2,0,0.0
FL-1416,Delta,ATL,ORD,17,2,6,460,-1.1,7.3,6.8,0.0,1014.6,51.3,2.95,0.12,1,96.0
FL-1417,United,BOS,DFW,10,6,5,1462,18.8,1.7,9.7,0.0,1008.0,90.1,3.16,0.18,0,0.0
FL-1418,Alaska,DFW,LAX,11,5,11,1135,37.6,9.9,8.7,0.0,1007.2,81.3,1.0,0.14,0,0.0
FL-1419,JetBlue,DEN,DFW,2,2,9,1997,7.3,1.7,11.7,0.0,1009.7,78.4,1.18,0.25,0,0.0
FL-1420,Alaska,ATL,SEA,17,1,9,531,6.4,10.4,7.4,0.0,1013.9,62.2,3.57,0.14,1,75.0
FL-1421,United,JFK,ORD,23,0,3,314,10.9,25.7,9.4,1.1,1000.4,80.8,1.0,0.18,0,0.0
FL-1422,United,SEA,MIA,5,3,9,467,-0.9,70.0,9.6,0.0,1010.9,71.6,1.69,0.18,1,60.0
FL-1423,Alaska,ATL,DFW,6,0,12,2259,21.6,3.3,10.8,0.0,1010.0,61.8,1.0,0.14,0,0.0
FL-1424,Delta,SEA,JFK,0,3,3,272,25.8,3.5,6.7,10.6,1015.8,71.9,1.0,0.12,0,0.0
FL-1425,Southwest,SFO,DFW,5,2,4,1215,20.8,25.0,10.9,4.3,1035.6,93.8,1.23,0.22,0,0.0
FL-1426,United,JFK,LAX,17,0,1,2653,13.0,9.5,8.4,0.0,1012.9,79.3,3.57,0.18,1,91.0
FL-1427,Alaska,ORD,MIA,12,0,5,377,2.7,37.1,11.5,0.0,1013.1,47.4,1.0,0.14,0,0.0
FL-1428,Alaska,LAX,SEA,21,5,12,2199,39.8,22.0,8.8,0.0,1018.3,49.7,1.0,0.14,0,0.0
FL-1429,American,SEA,ORD,18,2,9,971,4.7,20.0,13.8,0.0,1011.4,78.7,2.42,0.2,0,0.0
FL-1430,Southwest,JFK,ATL,6,0,2,1145,4.4,1.6,5.2,0.0,1016.4,53.0,1.0,0.22,0,0.0
FL-1431,JetBlue,SEA,DEN,18,3,4,599,-6.5,0.5,11.6,0.0,1023.5,71.6,2.73,0.25,0,0.0
FL-1432,Delta,SEA,ATL,8,6,10,469,-2.1,5.7,10.9,0.0,1010.7,54.1,2.63,0.12,1,54.0
FL-1433,JetBlue,MIA,ORD,2,0,2,2055,19.2,3.7,11.4,6.2,1025.2,79.7,1.0,0.25,1,140.0
FL-1434,Southwest,MIA,SEA,22,3,8,1855,9.9,18.7,13.2,0.0,1014.5,46.1,1.0,0.22,0,0.0
FL-1435,Southwest,JFK,ATL,11,1,9,2733,4.6,9.0,4.6,4.2,1019.4,70.5,1.38,0.22,0,0.0
FL-1436,Southwest,MIA,DEN,19,0,3,258,5.4,11.1,15.0,0.0,1021.2,57.0,3.23,0.22,1,91.0
FL-1437,JetBlue,BOS,LAX,23,3,9,2889,8.8,25.2,11.6,0.0,1023.6,64.0,1.41,0.25,0,0.0
FL-1438,Southwest,ORD,JFK,17,6,6,1086,7.0,9.8,15.0,1.9,1022.1,67.2,3.35,0.22,0,0.0
FL-1439,Alaska,DEN,SFO,7,2,6,465,31.8,11.8,15.0,0.0,1024.1,85.3,2.88,0.14,0,0.0
FL-1440,JetBlue,JFK,SEA,8,1,7,2322,10.5,27.7,11.3,0.0,1014.4,63.5,1.98,0.25,0,0.0
FL-1441,Southwest,JFK,LAX,12,0,12,2222,16.7,8.5,10.8,0.6,1007.4,82.7,1.0,0.22,0,0.0
FL-1442,Alaska,BOS,SEA,7,5,5,704,15.7,1.3,12.2,2.4,1013.8,49.0,2.92,0.14,0,0.0
FL-1443,American,DFW,ORD,21,3,6,2604,16.1,11.1,3.2,0.1,1004.4,35.4,1.0,0.2,0,0.0
FL-1444,Southwest,DFW,ORD,9,6,11,2401,10.6,13.0,9.7,0.0,1010.4,73.3,1.6,0.22,0,0.0
FL-1445,JetBlue,MIA,ATL,16,5,1,2123,9.3,10.8,12.9,0.0,1008.3,59.5,2.84,0.25,0,0.0
FL-1446,United,DEN,JFK,6,0,3,685,22.7,4.5,14.6,0.0,1001.0,46.1,1.0,0.18,0,0.0
FL-1447,Southwest,MIA,BOS,16,3,12,1763,17.6,3.8,9.1,0.0,1020.4,46.5,2.7,0.22,0,0.0
FL-1448,United,SFO,ORD,22,0,9,1353,5.9,6.9,11.1,0.0,1023.7,48.9,1.0,0.18,0,0.0
FL-1449,Alaska,SFO,ATL,17,1,12,265,-19.3,2.7,11.7,1.2,1007.2,70.6,3.57,0.14,1,84.0
FL-1450,American,LAX,JFK,23,6,5,2627,7.7,16.5,9.8,0.3,1018.1,58.6,1.0,0.2,0,0.0
FL-1451,Delta,SFO,ATL,1,6,5,1536,-1.3,14.3,7.2,4.6,1034.3,39.2,1.0,0.12,0,0.0
FL-1452,American,DFW,JFK,2,1,8,606,3.9,15.0,8.0,2.4,1022.5,54.6,1.0,0.2,0,0.0
FL-1453,Southwest,ORD,SFO,18,0,11,476,-0.9,3.8,6.9,0.0,1004.8,51.5,3.42,0.22,1,175.0
FL-1454,United,SFO,DFW,0,0,11,2862,28.9,4.2,5.5,0.6,1020.2,45.8,1.0,0.18,0,0.0
FL-1455,United,MIA,DEN,20,4,2,2561,28.8,23.2,9.5,0.6,1011.6,82.4,2.55,0.18,0,0.0
FL-1456,JetBlue,SEA,MIA,20,0,7,2796,24.1,17.6,15.0,6.6,1020.0,63.3,3.41,0.25,1,87.0
FL-1457,United,JFK,DFW,9,6,9,1472,11.0,31.2,10.7,0.0,1031.5,100.0,2.78,0.18,1,122.0
FL-1458,JetBlue,ORD,MIA,20,0,7,2168,7.0,7.8,9.1,0.9,1012.5,78.7,3.07,0.25,0,0.0
FL-1459,Alaska,ORD,DFW,13,5,12,660,-2.9,11.9,11.1,1.3,1024.3,79.6,1.0,0.14,0,0.0
FL-1460,Delta,MIA,ORD,12,5,5,2646,26.0,20.1,7.5,0.0,1007.0,67.7,1.0,0.12,0,0.0
FL-1461,Southwest,JFK,DEN,8,1,6,2698,25.4,54.8,5.0,0.0,1009.1,90.3,2.76,0.22,1,83.0
FL-1462,JetBlue,DFW,ATL,5,5,4,2718,20.9,68.5,7.9,0.0,997.2,87.5,1.0,0.25,0,0.0
FL-1463,Delta,ORD,ATL,5,0,12,1867,1.7,70.0,6.6,0.8,1026.0,69.1,1.0,0.12,0,0.0
FL-1464,United,LAX,BOS,18,2,7,1782,11.0,33.2,4.5,0.0,999.7,20.0,2.25,0.18,0,0.0
FL-1465,United,MIA,DFW,20,0,1,1155,13.6,15.3,8.3,0.0,1003.9,28.5,3.14,0.18,0,0.0
FL-1466,Delta,ORD,MIA,9,6,4,906,-6.2,0.1,11.5,2.0,1014.8,51.9,2.93,0.12,0,0.0
FL-1467,United,DEN,SFO,22,4,3,302,32.1,18.0,11.2,5.6,1029.4,69.2,1.02,0.18,1,52.0
FL-1468,Alaska,JFK,SFO,2,3,4,2575,-1.2,4.1,10.8,0.0,997.8,39.4,1.0,0.14,0,0.0
FL-1469,Alaska,SFO,MIA,17,6,1,2848,5.6,0.9,15.0,2.5,1016.0,72.6,2.24,0.14,1,53.0
FL-1470,Delta,ORD,DEN,20,1,12,2493,-6.3,17.9,8.3,0.7,1001.6,66.9,3.17,0.12,0,0.0
FL-1471,JetBlue,MIA,LAX,18,5,2,2352,12.6,21.2,11.3,2.3,1026.4,62.6,3.42,0.25,0,0.0
FL-1472,JetBlue,SFO,ORD,4,2,12,2939,12.0,16.2,8.8,0.4,1014.4,66.0,1.0,0.25,0,0.0
FL-1473,Delta,LAX,ORD,10,6,11,1171,26.8,6.8,14.3,0.8,1025.4,21.8,2.2,0.12,0,0.0
FL-1474,JetBlue,SFO,ORD,9,3,9,1525,3.6,10.7,7.6,0.0,1006.9,93.6,2.03,0.25,0,0.0
FL-1475,JetBlue,DEN,JFK,16,2,7,352,2.0,41.0,12.2,0.0,1009.4,58.4,3.59,0.25,1,86.0
FL-1476,Alaska,DFW,SEA,3,1,6,1156,16.0,19.6,10.7,1.1,1005.5,68.1,1.93,0.14,0,0.0
FL-1477,JetBlue,ORD,DEN,20,5,2,1329,-9.9,10.5,13.7,1.5,1024.6,66.9,2.97,0.25,1,98.0
FL-1478,American,ATL,LAX,17,4,1,929,31.0,13.5,10.0,1.0,1024.4,54.0,2.96,0.2,0,0.0
FL-1479,Southwest,ATL,SEA,17,6,2,273,-0.9,39.4,9.3,1.3,1007.8,66.7,3.1,0.22,1,65.0
FL-1480,United,SFO,DEN,0,6,7,1055,36.8,7.5,8.9,0.0,1020.8,46.9,1.43,0.18,0,0.0
FL-1481,American,BOS,DEN,13,6,2,2532,5.5,1.6,9.5,0.0,1012.2,63.3,1.42,0.2,0,0.0
FL-1482,JetBlue,JFK,LAX,7,1,3,1773,-2.1,5.9,4.4,0.0,997.5,66.3,3.17,0.25,0,0.0
FL-1483,Alaska,ATL,MIA,1,2,8,479,22.0,8.0,8.4,7.4,1017.0,59.7,1.09,0.14,0,0.0
FL-1484,Delta,BOS,ORD,18,2,7,986,21.3,4.8,8.3,1.2,1019.8,66.1,4.11,0.12,1,121.0
FL-1485,JetBlue,ATL,SEA,14,1,12,885,21.6,11.3,6.6,0.0,1021.8,76.5,1.32,0.25,0,0.0
FL-1486,Alaska,BOS,SFO,1,6,11,1779,16.2,5.5,8.3,0.0,1013.6,85.8,1.0,0.14,0,0.0
FL-1487,Southwest,JFK,DFW,3,0,11,1168,41.9,1.6,7.3,0.0,1010.3,100.0,1.62,0.22,0,0.0
FL-1488,JetBlue,SEA,MIA,0,1,11,2538,-1.2,3.1,8.5,0.0,1009.0,76.7,2.26,0.25,0,0.0
FL-1489,Delta,ATL,BOS,18,5,9,2233,31.3,37.5,11.9,0.0,1020.2,59.7,2.7,0.12,1,88.0
FL-1490,Alaska,DEN,LAX,20,5,12,1365,-4.3,14.9,11.9,2.1,1016.4,44.6,2.85,0.14,1,69.0
FL-1491,Alaska,ORD,DEN,9,4,4,967,34.8,5.7,14.7,1.2,1007.9,55.8,2.62,0.14,0,0.0
FL-1492,Alaska,BOS,DFW,0,1,7,2559,19.2,6.9,10.9,0.0,1015.3,40.5,1.0,0.14,0,0.0
FL-1493,Southwest,ORD,SFO,19,3,1,845,33.7,10.2,5.4,0.0,1018.8,59.8,3.49,0.22,1,55.0
FL-1494,JetBlue,MIA,ORD,21,5,11,225,25.7,16.8,9.0,2.3,1019.0,70.3,1.0,0.25,0,0.0
FL-1495,Southwest,MIA,SEA,14,5,11,2134,-11.1,13.1,8.1,3.8,1013.0,71.7,1.0,0.22,0,0.0
FL-1496,United,JFK,SEA,3,5,2,2502,10.9,40.5,7.1,0.5,1022.9,68.5,1.27,0.18,0,0.0
FL-1497,United,BOS,DFW,6,0,7,1958,-0.0,14.7,13.2,0.7,1006.7,68.7,1.87,0.18,0,0.0
FL-1498,JetBlue,LAX,SEA,6,3,2,1279,32.9,36.3,11.4,0.0,1013.4,70.5,1.0,0.25,0,0.0
FL-1499,Southwest,MIA,SEA,21,6,6,2540,24.6,0.1,10.2,0.9,1020.5,87.1,1.0,0.22,0,0.0
FL-1500,Delta,JFK,ATL,17,6,10,836,16.8,33.2,5.5,1.7,1015.5,48.3,3.04,0.12,0,0.0
FL-1501,Alaska,MIA,LAX,12,1,12,429,10.1,19.2,9.8,0.4,1013.7,52.6,1.0,0.14,0,0.0
FL-1502,Alaska,MIA,BOS,9,0,9,2300,20.1,2.8,15.0,0.0,1007.0,92.9,2.19,0.14,0,0.0
FL-1503,JetBlue,LAX,ORD,23,5,11,300,3.5,4.6,7.5,0.8,1002.7,52.9,1.0,0.25,0,0.0
FL-1504,United,ATL,BOS,7,6,5,1690,18.4,11.7,9.3,0.0,1007.5,89.2,2.99,0.18,0,0.0
FL-1505,United,SFO,ATL,9,3,10,1003,13.5,2.0,14.2,3.9,1022.4,88.3,1.84,0.18,0,0.0
FL-1506,Alaska,SEA,LAX,13,6,7,1068,5.2,23.1,8.7,3.6,1007.8,54.6,1.0,0.14,0,0.0
FL-1507,JetBlue,MIA,JFK,13,3,1,2514,23.3,23.5,8.6,1.4,1013.0,69.5,1.0,0.25,0,0.0
FL-1508,Southwest,MIA,ATL,19,0,8,2018,37.6,5.4,9.3,1.3,1028.9,75.6,2.54,0.22,1,88.0
FL-1509,United,DEN,BOS,21,6,9,201,-2.1,1.1,11.0,0.1,1021.2,99.3,1.09,0.18,1,153.0
FL-1510,Southwest,SEA,BOS,10,5,5,221,26.3,67.4,7.2,0.4,1011.8,64.1,2.73,0.22,1,112.0
FL-1511,United,LAX,DFW,5,0,6,2825,5.3,4.3,12.8,4.5,1011.0,63.4,1.0,0.18,0,0.0
FL-1512,United,ORD,BOS,20,2,11,2459,22.0,1.0,8.8,1.5,1024.5,78.7,3.2,0.18,1,58.0
FL-1513,American,BOS,SFO,0,5,8,2103,7.6,6.0,10.6,0.0,1010.3,51.8,1.0,0.2,0,0.0
FL-1514,United,MIA,JFK,18,0,4,2776,11.4,52.1,8.7,0.0,1013.1,65.2,3.25,0.18,1,92.0
FL-1515,Delta,SFO,DEN,6,1,2,2635,12.6,23.6,6.0,0.9,1011.5,26.0,1.3,0.12,0,0.0
FL-1516,JetBlue,BOS,SEA,23,6,10,213,31.3,9.8,3.4,0.6,1026.1,100.0,1.32,0.25,0,0.0
FL-1517,JetBlue,SEA,LAX,17,5,8,718,13.9,5.5,10.7,0.0,1012.9,94.0,1.95,0.25,0,0.0
FL-1518,Southwest,BOS,SFO,2,4,2,2135,10.9,8.3,4.6,0.0,1010.4,64.8,1.35,0.22,0,0.0
FL-1519,United,ATL,LAX,19,5,5,815,14.0,0.3,12.3,0.0,1018.6,48.4,3.23,0.18,1,110.0
FL-1520,Delta,MIA,ATL,10,2,6,1161,37.8,19.0,10.4,0.7,1028.6,47.5,3.1,0.12,0,0.0
FL-1521,Southwest,BOS,MIA,4,0,5,2650,21.7,1.6,15.0,2.1,1003.2,75.5,1.0,0.22,0,0.0
FL-1522,American,ORD,MIA,18,4,6,486,7.7,11.0,8.2,0.0,1015.8,48.7,3.16,0.2,0,0.0
FL-1523,Southwest,ORD,BOS,20,2,6,2631,33.0,12.5,15.0,0.2,1006.4,43.3,2.81,0.22,0,0.0
FL-1524,Southwest,MIA,DEN,23,1,3,2123,17.2,0.0,9.1,1.2,1024.5,40.4,1.0,0.22,0,0.0
FL-1525,United,DFW,JFK,23,5,11,1314,4.6,58.6,12.8,0.0,1004.1,67.0,1.05,0.18,0,0.0
FL-1526,American,ORD,LAX,1,6,11,1025,19.7,5.4,11.6,0.0,1019.5,69.5,1.0,0.2,0,0.0
FL-1527,Southwest,BOS,SFO,21,4,3,2559,13.2,1.2,4.5,0.0,1007.1,100.0,1.0,0.22,0,0.0
FL-1528,Delta,JFK,MIA,3,6,9,2973,-25.6,28.9,15.0,1.0,1026.1,53.2,1.0,0.12,0,0.0
FL-1529,Delta,ORD,ATL,9,0,3,2290,19.0,2.5,14.9,1.3,1032.3,75.1,2.18,0.12,0,0.0
FL-1530,JetBlue,SEA,BOS,1,0,3,1297,2.1,0.4,11.2,0.0,1022.8,52.5,1.12,0.25,0,0.0
FL-1531,American,DFW,MIA,7,1,11,1192,-0.3,10.2,14.0,0.0,1012.7,49.5,1.79,0.2,0,0.0
FL-1532,American,BOS,SFO,0,2,2,1784,-8.3,2.1,10.8,0.0,1003.4,73.2,1.0,0.2,0,0.0
FL-1533,JetBlue,LAX,DEN,5,4,7,2103,16.5,60.6,12.7,3.2,1014.5,83.4,1.84,0.25,1,58.0
FL-1534,Southwest,DEN,JFK,10,1,10,1075,13.2,0.2,10.5,2.4,1015.1,62.0,2.21,0.22,0,0.0
FL-1535,American,LAX,SFO,9,2,10,933,26.4,0.8,6.9,0.0,1031.6,41.7,2.23,0.2,0,0.0
FL-1536,Delta,ATL,ORD,12,3,4,2085,5.4,26.9,9.7,2.2,1014.1,79.1,1.0,0.12,0,0.0
FL-1537,Delta,DEN,MIA,0,3,1,343,9.2,4.1,8.4,0.3,1007.3,74.6,1.51,0.12,0,0.0
FL-1538,United,ATL,ORD,1,2,6,2456,38.8,36.4,11.9,0.0,1014.6,76.3,1.19,0.18,1,83.0
FL-1539,American,DEN,DFW,2,0,5,1322,-8.7,5.6,6.8,2.7,1009.9,97.2,1.0,0.2,0,0.0
FL-1540,Southwest,DEN,MIA,8,0,11,899,29.6,1.1,10.4,0.0,1012.2,49.4,2.62,0.22,0,0.0
FL-1541,JetBlue,JFK,ATL,4,3,2,313,5.6,0.2,5.8,0.0,1030.3,78.6,1.52,0.25,0,0.0
FL-1542,JetBlue,SFO,LAX,9,0,6,2422,52.4,5.0,12.3,0.0,1006.2,76.5,2.8,0.25,0,0.0
FL-1543,Southwest,SEA,SFO,9,6,1,470,23.7,9.6,6.3,4.0,1020.7,64.8,2.93,0.22,1,64.0
FL-1544,Alaska,LAX,SEA,11,0,3,262,7.5,0.0,11.8,0.0,1010.5,66.5,1.83,0.14,0,0.0
FL-1545,United,ORD,DFW,17,2,4,1207,-1.7,13.1,10.4,0.0,1012.7,72.9,2.37,0.18,0,0.0
FL-1546,JetBlue,BOS,SEA,20,5,3,1627,19.9,6.1,13.1,0.0,1012.9,76.3,3.25,0.25,1,96.0
FL-1547,American,DFW,SEA,20,2,6,2472,-7.9,7.4,9.5,0.4,1005.3,50.8,2.62,0.2,1,64.0
FL-1548,United,SEA,DEN,0,0,11,2182,23.3,4.5,12.4,2.0,1017.7,82.4,1.0,0.18,0,0.0
FL-1549,American,ATL,MIA,2,2,4,2408,-1.7,11.3,10.4,0.0,994.9,75.1,1.08,0.2,0,0.0
FL-1550,Delta,JFK,ATL,4,4,1,2628,3.4,3.9,11.3,0.0,1010.6,54.2,1.0,0.12,0,0.0
FL-1551,United,ATL,DEN,16,3,5,517,-18.6,2.2,4.6,0.0,1015.4,72.7,2.91,0.18,0,0.0
FL-1552,JetBlue,SFO,DFW,7,5,5,2955,16.6,33.2,8.1,0.0,1017.6,73.8,3.15,0.25,0,0.0
FL-1553,United,DFW,JFK,16,4,9,2703,18.4,7.4,9.5,0.0,1017.2,73.1,3.4,0.18,0,0.0
FL-1554,United,JFK,ATL,8,4,8,1492,15.3,1.2,14.1,0.0,1004.0,64.7,1.84,0.18,0,0.0
FL-1555,United,ATL,JFK,5,0,8,2591,-5.7,3.9,11.0,0.0,1009.7,48.3,1.0,0.18,0,0.0
FL-1556,Alaska,SFO,ATL,16,0,5,1263,32.2,5.6,4.8,0.0,1014.1,50.1,2.88,0.14,0,0.0
FL-1557,United,BOS,ORD,7,4,8,613,13.1,22.0,11.3,1.9,1007.0,95.0,2.19,0.18,0,0.0
FL-1558,American,BOS,ATL,20,4,10,1445,8.7,0.3,7.4,0.0,1014.4,66.3,3.28,0.2,1,47.0
FL-1559,Delta,ATL,BOS,6,1,7,1504,24.6,9.8,7.6,0.0,1017.3,82.9,1.0,0.12,0,0.0
FL-1560,Southwest,SEA,ORD,6,1,1,424,9.7,7.9,9.8,0.0,1008.7,66.5,1.12,0.22,0,0.0
FL-1561,United,DFW,DEN,14,6,12,1680,20.3,51.8,10.8,1.3,1018.1,46.1,1.2,0.18,0,0.0
FL-1562,JetBlue,MIA,SFO,6,3,7,1377,5.6,3.0,7.7,0.0,1011.0,75.2,1.0,0.25,0,0.0
FL-1563,United,SEA,DEN,21,4,11,2527,24.8,14.8,4.8,0.4,1006.5,66.7,1.03,0.18,1,93.0
FL-1564,JetBlue,BOS,SEA,7,2,8,1576,24.5,3.4,9.5,0.0,1023.6,81.6,3.47,0.25,1,53.0
FL-1565,American,DFW,MIA,8,5,3,2976,9.6,11.9,9.3,0.9,1009.1,61.7,2.42,0.2,0,0.0
FL-1566,JetBlue,SFO,JFK,14,1,9,820,16.8,12.1,14.3,0.0,1001.5,55.8,1.42,0.25,0,0.0
FL-1567,Southwest,JFK,SEA,1,0,8,2820,14.7,1.2,10.1,0.0,1008.9,30.4,1.0,0.22,0,0.0
FL-1568,Delta,DEN,DFW,6,4,2,2736,13.5,9.1,13.5,1.4,1015.0,78.4,1.0,0.12,0,0.0
FL-1569,JetBlue,ATL,BOS,14,2,6,1207,0.7,9.3,15.0,0.0,1015.7,71.1,1.0,0.25,0,0.0
FL-1570,JetBlue,LAX,SFO,17,5,4,2168,2.4,5.8,6.7,0.0,1004.3,55.0,3.47,0.25,0,0.0
FL-1571,Delta,DFW,SFO,21,2,3,1421,10.4,4.9,14.4,0.0,1018.0,73.0,1.23,0.12,0,0.0
FL-1572,Southwest,ORD,LAX,17,6,11,1499,15.8,3.8,12.8,0.7,1012.7,46.9,3.4,0.22,1,95.0
FL-1573,United,SFO,ORD,9,2,6,1395,4.4,0.1,3.3,0.0,1001.4,100.0,2.46,0.18,0,0.0
FL-1574,JetBlue,MIA,BOS,21,0,10,707,15.2,0.0,9.4,0.0,999.6,32.5,1.0,0.25,0,0.0
FL-1575,Delta,DEN,MIA,17,1,9,604,-12.5,13.4,12.1,10.3,1014.7,56.5,3.25,0.12,1,130.0
FL-1576,American,ORD,JFK,0,2,2,1494,15.0,5.2,11.0,4.7,1010.4,59.4,1.16,0.2,0,0.0
FL-1577,Delta,MIA,ORD,6,5,10,2158,15.9,2.8,15.0,2.3,1005.9,59.2,1.56,0.12,0,0.0
FL-1578,American,LAX,ORD,2,1,10,863,24.8,17.3,11.8,0.0,1008.0,63.5,1.28,0.2,0,0.0
FL-1579,Southwest,BOS,JFK,13,6,10,2378,32.1,11.3,5.7,0.0,1012.2,64.5,1.09,0.22,0,0.0
FL-1580,United,SEA,BOS,11,6,5,1849,23.2,37.0,12.4,0.0,1012.0,67.8,1.21,0.18,0,0.0
FL-1581,Delta,ATL,SEA,13,3,6,1608,36.6,26.7,6.6,0.5,1012.0,59.4,1.45,0.12,0,0.0
FL-1582,Alaska,JFK,SFO,3,0,4,1957,14.6,19.5,8.3,0.0,1011.8,50.7,1.42,0.14,0,0.0
FL-1583,JetBlue,MIA,LAX,12,1,7,2073,15.6,2.0,13.3,0.0,1028.8,69.5,1.0,0.25,0,0.0
FL-1584,Southwest,DEN,JFK,15,6,2,1519,24.7,16.5,13.0,0.0,1008.9,100.0,1.0,0.22,0,0.0
FL-1585,Delta,DFW,MIA,15,6,7,1606,13.7,17.8,10.1,0.0,1018.8,42.6,1.36,0.12,0,0.0
FL-1586,JetBlue,BOS,LAX,21,1,2,1618,11.0,21.6,7.8,0.0,1017.9,57.2,1.0,0.25,0,0.0
FL-1587,Delta,DFW,JFK,4,2,1,1777,31.5,4.6,9.4,2.7,1008.4,74.9,1.0,0.12,0,0.0
FL-1588,American,DEN,LAX,19,5,11,1483,23.7,15.3,9.7,0.0,999.4,89.3,3.53,0.2,0,0.0
FL-1589,Delta,DFW,MIA,5,2,5,480,22.9,14.4,8.3,1.4,1009.6,100.0,1.0,0.12,0,0.0
FL-1590,Alaska,MIA,DEN,5,5,2,2667,4.6,7.3,13.4,0.0,999.7,86.1,1.21,0.14,0,0.0
FL-1591,Delta,SFO,DEN,17,6,8,1415,26.3,16.3,8.8,0.0,998.5,51.5,3.68,0.12,1,73.0
FL-1592,Delta,DFW,SFO,5,6,12,836,16.0,1.4,9.2,0.0,1008.9,80.8,1.23,0.12,0,0.0
FL-1593,Alaska,SEA,ORD,6,0,12,1651,3.1,15.5,9.3,0.0,1013.6,71.9,1.0,0.14,0,0.0
FL-1594,Southwest,LAX,ATL,23,1,12,1007,23.4,14.0,12.1,0.0,1011.3,47.6,1.0,0.22,0,0.0
FL-1595,Delta,JFK,BOS,23,4,8,2595,0.6,3.5,10.8,1.4,1000.0,57.1,1.03,0.12,0,0.0
FL-1596,Alaska,MIA,ATL,15,6,1,628,-13.9,25.6,10.7,0.0,1003.3,32.3,1.32,0.14,0,0.0
FL-1597,JetBlue,ORD,BOS,8,5,4,1615,-6.7,31.1,7.2,4.0,1014.2,34.0,2.75,0.25,0,0.0
FL-1598,American,DEN,ATL,12,5,9,2794,12.0,3.5,10.7,3.0,1018.0,52.6,1.0,0.2,0,0.0
FL-1599,American,BOS,LAX,11,2,5,2649,33.5,1.2,12.2,0.0,1006.3,67.4,1.26,0.2,0,0.0
FL-1600,Delta,MIA,ATL,18,2,12,864,18.8,13.9,9.0,0.1,1012.8,83.6,4.7,0.12,1,93.0
FL-1601,Southwest,SFO,DEN,22,6,11,949,13.8,9.8,10.4,1.7,1014.6,59.1,1.16,0.22,0,0.0
FL-1602,Southwest,BOS,SFO,22,6,10,836,30.8,8.4,12.8,3.7,1026.8,49.0,1.0,0.22,0,0.0
FL-1603,JetBlue,SEA,DFW,0,3,6,2334,21.1,21.5,7.6,0.0,1025.6,100.0,1.63,0.25,0,0.0
FL-1604,Delta,DEN,JFK,7,5,3,714,27.3,52.4,7.6,2.9,1017.8,44.9,2.15,0.12,1,103.0
FL-1605,American,BOS,ORD,3,0,5,1203,26.7,9.7,9.6,0.0,996.6,47.7,1.69,0.2,0,0.0
FL-1606,Southwest,DFW,SFO,20,1,12,1520,11.2,0.1,12.3,0.8,1024.8,56.9,2.92,0.22,0,0.0
FL-1607,Delta,MIA,SFO,21,1,1,2698,12.2,13.6,1.1,0.0,1016.8,93.1,1.3,0.12,1,81.0
FL-1608,Southwest,LAX,JFK,18,1,8,1566,5.0,15.9,9.4,5.4,1007.8,78.0,2.71,0.22,1,118.0
FL-1609,Alaska,DEN,BOS,20,5,11,540,25.0,26.4,7.9,0.0,1028.8,54.4,3.23,0.14,0,0.0
FL-1610,Southwest,ATL,ORD,4,2,6,1684,0.3,3.3,11.1,0.7,1010.5,61.7,1.18,0.22,0,0.0
FL-1611,American,SEA,ORD,16,0,12,1615,4.4,11.1,9.7,0.8,1030.2,63.2,3.51,0.2,0,0.0
FL-1612,United,JFK,ORD,2,1,2,1760,14.2,8.9,13.4,0.0,1004.0,33.7,1.0,0.18,1,57.0
FL-1613,JetBlue,DEN,SEA,18,5,4,1774,16.3,16.4,11.9,0.0,1009.6,71.8,3.65,0.25,1,69.0
FL-1614,JetBlue,SFO,ORD,0,4,4,2668,22.0,1.0,9.3,0.0,996.5,65.0,1.22,0.25,0,0.0
FL-1615,American,MIA,SFO,22,6,9,2628,14.5,32.3,6.9,0.0,1009.3,61.4,1.0,0.2,0,0.0
FL-1616,Southwest,DFW,LAX,0,3,9,2252,10.6,10.7,11.0,0.0,1022.6,70.2,1.15,0.22,0,0.0
FL-1617,Delta,JFK,MIA,22,3,5,2895,23.7,31.4,9.1,0.0,1008.5,79.1,1.0,0.12,0,0.0
FL-1618,Southwest,JFK,DFW,19,1,12,2227,26.0,6.2,9.4,0.0,1006.3,64.3,2.33,0.22,0,0.0
FL-1619,American,SEA,BOS,8,2,3,515,-5.4,15.9,6.5,0.7,1023.0,62.2,2.35,0.2,0,0.0
FL-1620,JetBlue,BOS,SEA,22,3,1,2045,27.8,47.1,10.5,0.0,1014.3,79.1,1.0,0.25,1,61.0
FL-1621,Southwest,SFO,MIA,4,3,6,1301,11.1,43.1,8.5,0.8,1014.1,44.0,1.0,0.22,1,60.0
FL-1622,JetBlue,BOS,MIA,6,3,8,730,34.2,43.3,8.8,4.0,1004.2,42.0,1.0,0.25,1,86.0
FL-1623,Delta,DFW,ORD,5,3,1,2602,7.2,0.7,0.5,0.9,1004.9,62.0,1.0,0.12,0,0.0
FL-1624,JetBlue,JFK,SFO,16,1,11,2059,3.1,7.7,10.1,1.4,1011.0,78.5,2.53,0.25,0,0.0
FL-1625,JetBlue,SFO,LAX,21,5,1,861,22.8,0.9,7.1,0.9,997.5,63.6,1.06,0.25,1,78.0
FL-1626,United,SFO,MIA,16,0,11,1495,40.6,5.6,11.5,0.0,1019.4,83.3,3.68,0.18,1,75.0
FL-1627,United,ORD,SEA,12,0,7,1419,-4.5,2.9,10.2,1.9,1017.9,60.6,1.0,0.18,0,0.0
FL-1628,Alaska,MIA,BOS,11,2,7,326,25.1,14.5,5.6,2.4,1016.3,94.1,1.0,0.14,0,0.0
FL-1629,United,JFK,MIA,3,5,2,548,21.7,22.8,9.7,0.0,1002.5,62.2,1.19,0.18,0,0.0
FL-1630,JetBlue,JFK,SEA,7,6,3,1966,14.6,10.8,10.6,0.0,1018.6,77.3,1.98,0.25,0,0.0
FL-1631,American,SFO,BOS,4,4,2,1267,39.9,23.8,15.0,0.0,1006.2,78.5,1.54,0.2,0,0.0
FL-1632,JetBlue,BOS,SFO,4,0,6,2989,-8.0,0.2,11.8,9.1,1022.9,73.1,1.6,0.25,1,65.0
FL-1633,American,JFK,ORD,12,4,8,927,28.3,25.8,6.1,2.3,1010.6,67.5,1.97,0.2,0,0.0
FL-1634,American,SFO,LAX,10,0,8,443,26.7,2.9,15.0,0.9,1013.6,61.4,2.75,0.2,0,0.0
FL-1635,United,JFK,DFW,7,0,1,2256,29.4,9.3,9.2,6.9,1018.0,72.9,1.97,0.18,0,0.0
FL-1636,Southwest,SFO,BOS,7,2,11,1985,27.8,8.8,9.2,0.0,1015.4,84.1,3.01,0.22,0,0.0
FL-1637,Delta,ORD,MIA,0,3,9,911,17.8,31.0,15.0,0.0,987.4,87.5,1.0,0.12,0,0.0
FL-1638,United,MIA,LAX,12,2,11,285,11.3,50.7,8.1,0.0,999.2,53.4,1.6,0.18,1,110.0
FL-1639,United,SFO,SEA,4,0,8,1708,7.7,4.4,9.5,0.0,1006.7,50.2,1.07,0.18,0,0.0
FL-1640,Southwest,JFK,MIA,20,5,9,470,22.1,1.0,5.1,2.3,1016.3,45.3,2.75,0.22,0,0.0
FL-1641,Delta,DFW,BOS,7,3,9,1997,14.9,15.8,9.9,2.5,1026.8,42.8,2.3,0.12,0,0.0
FL-1642,JetBlue,MIA,SEA,16,5,11,2760,12.5,10.5,9.5,2.6,1010.5,72.7,2.91,0.25,0,0.0
FL-1643,Alaska,ORD,ATL,22,5,12,1243,8.4,12.5,8.8,2.0,1019.5,75.6,1.57,0.14,0,0.0
FL-1644,Alaska,SFO,JFK,22,5,6,2377,10.1,0.7,10.5,0.0,1018.4,87.7,1.0,0.14,0,0.0
FL-1645,JetBlue,DFW,LAX,12,3,3,1037,24.3,22.4,7.5,0.0,1002.3,66.0,1.21,0.25,0,0.0
FL-1646,United,SFO,LAX,8,5,1,1976,15.2,4.0,14.4,0.0,1013.0,58.9,2.9,0.18,0,0.0
FL-1647,Delta,BOS,ATL,1,3,11,1136,29.5,6.1,10.1,0.0,1008.2,99.1,1.0,0.12,0,0.0
FL-1648,United,JFK,DEN,18,4,8,1533,-1.2,3.9,7.7,0.0,1005.6,59.5,3.87,0.18,1,88.0
FL-1649,American,DEN,ATL,19,6,10,2032,22.4,43.8,5.8,0.0,1026.6,41.1,3.6,0.2,1,223.0
FL-1650,United,SEA,BOS,16,0,3,1850,2.9,2.8,10.1,0.0,1016.1,53.0,2.65,0.18,0,0.0
FL-1651,United,LAX,DFW,6,1,7,2720,29.5,19.8,12.8,0.0,1006.3,48.5,1.11,0.18,0,0.0
FL-1652,JetBlue,BOS,SFO,2,5,10,2585,29.8,4.2,11.1,0.0,1008.2,82.3,1.0,0.25,0,0.0
FL-1653,JetBlue,DFW,DEN,18,2,6,518,-1.9,8.3,15.0,0.0,1014.0,50.7,2.81,0.25,0,0.0
FL-1654,JetBlue,BOS,JFK,18,4,3,1736,5.8,70.0,15.0,0.0,1016.0,91.3,2.22,0.25,0,0.0
FL-1655,Alaska,ATL,SEA,23,2,6,1248,6.3,1.6,6.2,0.0,997.3,65.7,1.03,0.14,0,0.0
FL-1656,American,SFO,ORD,8,1,12,2968,30.2,32.0,5.5,4.7,1023.6,70.0,1.87,0.2,0,0.0
FL-1657,JetBlue,SFO,DEN,9,3,3,342,7.9,43.8,7.7,4.8,1014.6,81.9,2.01,0.25,0,0.0
FL-1658,Delta,LAX,ATL,13,1,9,1932,23.3,18.0,12.1,0.0,1005.6,84.2,1.22,0.12,0,0.0
FL-1659,Alaska,LAX,ORD,17,2,1,2904,7.1,0.2,11.2,0.0,1032.3,60.0,3.16,0.14,0,0.0
FL-1660,Southwest,ATL,SFO,14,1,8,1372,27.9,25.8,13.0,1.4,1016.5,85.0,1.0,0.22,0,0.0
FL-1661,Delta,JFK,LAX,0,0,5,1916,29.1,32.1,6.9,0.0,1025.4,68.8,1.0,0.12,0,0.0
FL-1662,Delta,SEA,BOS,5,1,4,2718,35.0,59.4,4.7,0.0,1023.0,73.2,1.29,0.12,1,79.0
FL-1663,JetBlue,DEN,MIA,14,5,1,562,12.9,27.4,8.2,0.9,1029.1,35.6,1.35,0.25,0,0.0
FL-1664,Southwest,DEN,ORD,5,0,9,849,15.0,8.8,11.8,0.0,1021.5,77.2,1.51,0.22,0,0.0
FL-1665,Southwest,ORD,DFW,17,5,9,2456,13.3,17.5,10.5,0.0,1020.6,47.3,3.52,0.22,0,0.0
FL-1666,Alaska,ORD,DEN,0,6,5,748,15.3,10.0,13.7,0.0,1019.1,89.5,1.18,0.14,0,0.0
FL-1667,Southwest,JFK,ATL,23,6,11,1335,9.9,6.5,7.9,0.0,1024.5,100.0,1.0,0.22,0,0.0
FL-1668,American,ORD,MIA,2,1,9,462,27.7,14.8,13.0,0.0,1008.5,41.2,1.0,0.2,0,0.0
FL-1669,JetBlue,ORD,DEN,16,0,10,1401,5.9,22.0,8.2,0.0,1016.3,91.6,3.3,0.25,0,0.0
FL-1670,Southwest,ATL,BOS,15,0,9,965,13.3,15.2,12.3,0.1,1008.6,74.5,1.0,0.22,0,0.0
FL-1671,Alaska,ATL,SFO,7,6,7,2248,17.3,26.3,12.3,0.0,1020.5,55.4,2.72,0.14,0,0.0
FL-1672,American,ORD,DFW,16,1,8,2395,20.9,2.9,14.7,0.0,1010.6,35.3,2.16,0.2,0,0.0
FL-1673,United,BOS,ORD,7,4,1,1075,0.7,7.0,6.0,0.0,1011.2,20.0,2.81,0.18,1,48.0
FL-1674,United,MIA,JFK,16,3,4,2059,12.0,5.6,14.1,0.0,997.7,85.9,3.11,0.18,0,0.0
FL-1675,American,MIA,ORD,8,3,10,1352,15.3,3.2,11.3,0.0,1028.9,87.3,2.06,0.2,0,0.0
FL-1676,Alaska,JFK,ATL,11,3,10,2760,24.6,8.8,10.2,0.0,1003.1,54.7,1.0,0.14,0,0.0
FL-1677,American,DEN,MIA,18,0,4,2122,12.4,44.3,9.6,3.1,1016.4,50.6,2.94,0.2,1,83.0
FL-1678,JetBlue,LAX,MIA,3,6,12,828,13.8,11.6,9.8,0.0,1017.9,65.4,1.85,0.25,0,0.0
FL-1679,JetBlue,JFK,LAX,20,3,9,1725,16.6,5.1,10.1,0.0,1024.3,63.5,2.87,0.25,1,60.0
FL-1680,United,ORD,ATL,21,6,3,1924,27.6,6.6,5.2,0.0,1009.1,82.5,1.15,0.18,0,0.0
FL-1681,Southwest,ATL,SEA,10,0,12,852,-9.6,14.2,10.7,1.5,1002.1,64.9,2.75,0.22,0,0.0
FL-1682,Alaska,SFO,BOS,3,6,10,2236,16.3,6.5,10.5,0.0,1020.7,82.7,1.0,0.14,0,0.0
FL-1683,United,BOS,DEN,13,4,10,1328,29.0,11.6,8.0,4.2,1022.3,52.7,1.76,0.18,0,0.0
FL-1684,Southwest,DFW,MIA,13,1,1,665,5.1,4.8,10.1,0.0,1015.9,68.7,1.06,0.22,0,0.0
FL-1685,Southwest,ATL,SEA,5,6,11,963,6.0,6.4,13.3,2.4,1013.4,77.3,1.0,0.22,0,0.0
FL-1686,JetBlue,MIA,SFO,16,6,5,1219,29.7,18.3,8.2,0.0,1012.7,59.2,3.02,0.25,0,0.0
FL-1687,Delta,ATL,ORD,1,1,7,1128,10.8,13.2,6.6,0.0,1004.2,63.5,2.1,0.12,0,0.0
FL-1688,Delta,BOS,JFK,7,0,12,1581,11.2,1.5,7.8,6.0,995.1,100.0,2.25,0.12,0,0.0
FL-1689,American,LAX,MIA,3,0,4,874,18.3,54.3,3.7,0.0,1026.3,89.8,1.21,0.2,1,57.0
FL-1690,JetBlue,ORD,JFK,9,6,9,1208,-20.8,0.8,15.0,0.0,1013.1,43.7,2.17,0.25,0,0.0
FL-1691,Southwest,SFO,JFK,6,4,6,1426,-6.8,1.3,7.5,0.0,1019.6,70.4,1.0,0.22,0,0.0
FL-1692,Alaska,MIA,BOS,3,3,6,1835,22.0,18.1,13.8,0.0,1010.2,29.7,1.58,0.14,0,0.0
FL-1693,Delta,MIA,DEN,15,4,3,480,12.1,18.5,6.3,0.0,1010.2,73.3,1.38,0.12,0,0.0
FL-1694,Southwest,SEA,ATL,13,1,10,1480,13.1,0.3,8.1,0.0,1009.3,49.7,1.16,0.22,0,0.0
FL-1695,Delta,DEN,SFO,15,1,10,523,7.1,15.4,10.2,5.1,1011.4,61.3,1.06,0.12,1,96.0
FL-1696,Delta,LAX,JFK,8,5,5,1885,11.7,0.5,11.9,0.0,1022.0,75.5,2.43,0.12,0,0.0
FL-1697,Delta,MIA,DEN,3,3,10,1285,29.3,48.6,9.8,1.6,1014.1,70.0,1.13,0.12,0,0.0
FL-1698,Alaska,DEN,SFO,23,6,6,2434,16.6,17.9,5.4,1.2,1026.5,50.3,1.57,0.14,0,0.0
FL-1699,JetBlue,MIA,ATL,5,1,4,741,27.7,3.1,9.8,0.2,1003.9,41.0,1.0,0.25,0,0.0
FL-1700,Alaska,ORD,MIA,0,5,3,1527,13.1,2.6,13.8,0.0,1011.6,72.5,1.15,0.14,0,0.0
FL-1701,United,DEN,ORD,6,0,5,2010,15.2,12.6,11.0,0.0,1012.6,52.1,1.0,0.18,0,0.0
FL-1702,Southwest,BOS,JFK,0,1,7,838,18.9,15.1,15.0,0.0,1018.8,60.5,1.0,0.22,0,0.0
FL-1703,JetBlue,SEA,ATL,18,2,11,635,21.3,26.7,10.5,10.7,1007.4,42.9,3.7,0.25,1,109.0
FL-1704,JetBlue,ORD,ATL,7,3,6,2460,4.8,35.0,13.0,2.2,1022.2,23.7,2.92,0.25,0,0.0
FL-1705,JetBlue,BOS,JFK,2,5,2,1629,14.7,7.5,11.6,0.0,1018.1,76.2,1.25,0.25,0,0.0
FL-1706,JetBlue,SFO,LAX,0,3,1,1161,6.9,27.9,8.1,0.0,1025.8,56.7,1.55,0.25,0,0.0
FL-1707,Alaska,LAX,SFO,0,3,5,1357,33.1,11.7,9.8,0.0,1008.9,51.1,1.16,0.14,0,0.0
FL-1708,JetBlue,LAX,SEA,6,2,5,1116,-5.7,9.5,13.3,0.0,999.7,89.9,1.15,0.25,0,0.0
FL-1709,American,DFW,JFK,20,4,12,2668,22.0,18.0,9.0,0.0,1020.7,79.6,2.82,0.2,1,61.0
FL-1710,Southwest,DFW,ATL,12,0,12,2566,5.7,1.6,11.2,0.0,1021.7,72.1,1.13,0.22,0,0.0
FL-1711,JetBlue,DEN,ATL,0,3,6,2435,1.4,4.6,8.1,2.9,994.5,66.8,1.0,0.25,0,0.0
FL-1712,Southwest,LAX,SFO,15,1,3,1699,11.4,25.5,12.8,0.0,1017.5,41.0,1.0,0.22,0,0.0
FL-1713,American,DEN,MIA,21,0,1,2409,30.5,10.5,10.2,0.0,1015.5,74.9,1.0,0.2,0,0.0
FL-1714,American,DFW,SEA,21,1,4,328,7.3,35.8,12.6,1.9,1008.7,87.7,1.81,0.2,1,55.0
FL-1715,Southwest,SFO,DEN,13,0,4,503,-6.7,1.4,13.7,0.0,1025.4,64.4,1.0,0.22,0,0.0
FL-1716,Delta,MIA,JFK,3,6,10,1116,3.7,5.6,12.0,4.7,1009.6,86.1,1.18,0.12,0,0.0
FL-1717,United,BOS,DEN,22,0,2,1385,16.5,6.6,9.5,0.0,1026.6,49.5,1.0,0.18,0,0.0
FL-1718,Delta,ATL,ORD,22,5,8,1121,-4.4,8.2,9.5,0.0,1020.5,38.1,1.0,0.12,0,0.0
FL-1719,Delta,DEN,SFO,11,1,6,1259,23.7,64.9,3.7,0.0,1018.7,53.9,1.0,0.12,1,93.0
FL-1720,Alaska,SFO,SEA,11,1,12,1450,-4.0,5.6,11.3,0.0,1016.9,69.0,1.0,0.14,0,0.0
FL-1721,Delta,BOS,DEN,16,6,3,2398,9.2,11.0,13.1,0.0,1018.9,65.1,2.6,0.12,0,0.0
FL-1722,JetBlue,LAX,DEN,20,0,1,792,24.8,11.5,6.3,0.7,1008.2,59.9,2.19,0.25,0,0.0
FL-1723,Alaska,MIA,BOS,14,3,12,2294,9.0,22.1,9.5,2.1,1003.4,74.6,1.1,0.14,0,0.0
FL-1724,Alaska,BOS,SEA,9,1,11,1139,-1.1,10.9,9.5,0.0,1026.6,63.1,2.98,0.14,0,0.0
FL-1725,American,SEA,JFK,2,6,3,2907,13.9,14.0,11.4,1.7,1008.5,39.7,1.0,0.2,0,0.0
FL-1726,Delta,DFW,JFK,22,2,8,2478,9.1,21.0,10.4,1.3,1011.3,74.0,1.25,0.12,0,0.0
FL-1727,American,BOS,JFK,19,2,4,1762,29.5,1.6,7.3,0.0,1002.3,53.3,2.86,0.2,0,0.0
FL-1728,Southwest,ATL,SEA,19,0,3,1201,24.9,49.6,14.8,0.4,1017.9,67.6,3.43,0.22,1,98.0
FL-1729,United,SFO,MIA,11,4,11,2412,21.1,28.1,5.0,0.0,1004.5,58.2,1.0,0.18,0,0.0
FL-1730,Alaska,MIA,ORD,0,0,4,2971,15.3,7.4,8.2,0.3,1016.3,39.6,1.73,0.14,0,0.0
FL-1731,Southwest,ORD,LAX,0,6,11,1810,12.4,19.6,6.0,1.1,1010.4,71.2,1.0,0.22,0,0.0
FL-1732,Southwest,BOS,ATL,9,0,4,1827,12.3,21.6,11.1,4.4,1014.9,53.1,3.33,0.22,1,116.0
FL-1733,JetBlue,JFK,ATL,17,3,2,1797,-5.5,28.5,11.4,0.0,1026.5,48.3,2.31,0.25,0,0.0
FL-1734,United,ATL,MIA,14,3,4,1303,15.0,3.1,9.6,0.0,1003.9,57.0,1.06,0.18,0,0.0
FL-1735,Southwest,ATL,SEA,1,5,11,2387,5.5,18.2,6.4,2.4,1008.9,71.8,1.0,0.22,0,0.0
FL-1736,Southwest,JFK,DEN,16,6,12,2647,14.0,0.5,7.2,0.8,1006.8,65.4,3.24,0.22,0,0.0
FL-1737,United,SEA,ORD,7,4,9,2155,15.6,1.8,12.7,1.1,1017.0,46.0,1.88,0.18,1,52.0
FL-1738,United,ORD,DEN,21,6,4,329,9.2,22.4,9.8,2.0,1016.3,58.5,1.0,0.18,0,0.0
FL-1739,Southwest,DFW,LAX,21,6,12,2693,26.2,25.1,8.6,1.0,1011.3,73.6,1.0,0.22,0,0.0
FL-1740,United,SFO,MIA,8,4,1,228,2.1,13.5,7.9,3.2,1022.4,64.6,2.11,0.18,0,0.0
FL-1741,Southwest,MIA,DEN,20,6,1,1425,9.1,13.1,9.6,6.9,1013.2,47.4,2.86,0.22,1,66.0
FL-1742,Southwest,SFO,ATL,19,4,1,1460,11.1,20.8,11.7,0.0,1008.1,78.2,2.13,0.22,0,0.0
FL-1743,JetBlue,ORD,SEA,10,4,5,1831,28.9,35.5,9.3,1.6,1023.6,90.9,2.72,0.25,1,58.0
FL-1744,Delta,SFO,ATL,5,4,6,998,15.4,8.2,11.3,0.0,1011.1,55.7,1.34,0.12,0,0.0
FL-1745,Southwest,JFK,MIA,23,6,12,1562,14.8,1.8,5.3,1.1,1011.7,63.3,1.0,0.22,0,0.0
FL-1746,American,ATL,DFW,13,6,6,1622,25.4,27.4,13.4,0.8,1012.3,73.9,1.47,0.2,0,0.0
FL-1747,Alaska,SFO,DFW,0,0,6,2536,8.7,6.3,9.9,0.0,1014.8,60.8,1.0,0.14,0,0.0
FL-1748,Delta,DEN,MIA,6,6,9,299,25.5,2.2,7.1,0.0,1022.5,74.8,1.0,0.12,0,0.0
FL-1749,Delta,BOS,ORD,23,0,1,2139,19.8,14.3,11.3,0.1,1020.1,41.2,1.0,0.12,0,0.0
FL-1750,Delta,ORD,SFO,8,5,10,621,29.9,12.9,10.5,0.0,1018.0,64.5,2.3,0.12,0,0.0
FL-1751,JetBlue,SEA,ORD,10,2,6,2890,10.5,9.6,6.6,0.8,1005.3,81.3,1.99,0.25,0,0.0
FL-1752,Southwest,DEN,DFW,23,2,8,893,11.5,29.5,9.6,0.0,1012.8,44.8,1.0,0.22,0,0.0
FL-1753,JetBlue,JFK,ATL,22,5,8,905,16.7,4.8,8.4,0.0,1011.9,62.0,1.0,0.25,0,0.0
FL-1754,Southwest,LAX,MIA,15,5,12,217,14.3,0.2,6.2,3.3,1017.5,41.8,1.0,0.22,0,0.0
FL-1755,JetBlue,JFK,LAX,18,1,3,2718,24.2,5.9,8.7,2.2,1011.5,63.7,2.72,0.25,0,0.0
FL-1756,JetBlue,SEA,BOS,1,0,5,2970,12.4,0.1,6.9,0.0,1024.5,79.7,1.0,0.25,0,0.0
FL-1757,Alaska,SEA,BOS,14,4,10,1230,2.3,11.8,6.3,1.2,1018.2,59.2,1.26,0.14,0,0.0
FL-1758,American,DEN,DFW,2,1,4,2666,31.3,7.1,11.5,0.0,1017.7,78.9,1.0,0.2,0,0.0
FL-1759,JetBlue,BOS,SEA,3,3,12,579,38.0,25.2,10.9,0.0,1005.2,83.4,1.0,0.25,0,0.0
FL-1760,Alaska,ORD,DEN,19,0,1,2755,-3.8,24.0,9.2,0.0,1007.3,33.2,3.04,0.14,1,61.0
FL-1761,United,DFW,SFO,21,6,9,313,20.8,8.6,3.3,0.0,1008.8,51.8,1.49,0.18,0,0.0
FL-1762,American,ATL,ORD,6,5,5,2758,24.0,3.7,9.8,0.6,1013.1,41.3,1.1,0.2,0,0.0
FL-1763,JetBlue,DEN,SEA,11,2,2,1819,17.9,8.2,12.3,1.8,1022.5,66.9,1.71,0.25,0,0.0
FL-1764,Delta,SEA,ATL,3,0,12,1050,33.9,15.4,13.6,0.6,1006.9,84.0,1.0,0.12,0,0.0
FL-1765,United,LAX,ATL,9,5,2,2096,-1.1,3.2,13.1,0.0,1000.0,70.4,2.28,0.18,0,0.0
FL-1766,United,MIA,SFO,5,0,11,1175,8.2,22.2,6.4,0.0,1024.5,72.2,1.95,0.18,0,0.0
FL-1767,Alaska,SEA,MIA,21,6,7,2861,16.3,6.0,7.7,0.0,1009.3,57.8,1.25,0.14,0,0.0
FL-1768,United,BOS,SEA,13,0,4,2716,26.0,40.4,9.5,0.7,1012.5,76.8,1.0,0.18,1,90.0
FL-1769,American,BOS,SFO,2,6,1,292,29.5,10.8,9.8,0.0,1021.1,68.5,1.25,0.2,0,0.0
FL-1770,JetBlue,SEA,DFW,16,0,5,1715,0.5,28.2,10.1,0.0,1022.4,87.3,2.89,0.25,0,0.0
FL-1771,JetBlue,BOS,LAX,10,3,2,1325,-6.3,14.4,13.4,3.0,1005.7,68.1,2.91,0.25,0,0.0
FL-1772,Delta,DEN,LAX,9,2,7,692,24.4,12.1,10.6,0.0,1015.1,38.5,2.38,0.12,0,0.0
FL-1773,Alaska,SEA,BOS,20,0,9,1708,16.4,17.2,13.6,4.0,1024.1,42.9,3.46,0.14,0,0.0
FL-1774,Delta,SEA,LAX,9,5,1,2726,17.0,25.0,7.7,0.0,1013.3,44.8,2.42,0.12,0,0.0
FL-1775,United,ORD,LAX,9,3,12,2235,24.6,15.5,8.8,0.0,1021.9,54.8,2.64,0.18,0,0.0
FL-1776,Delta,ATL,ORD,2,1,2,366,5.3,23.9,8.7,0.0,1014.3,92.2,1.68,0.12,1,87.0
FL-1777,American,LAX,ATL,23,0,11,339,12.1,3.2,9.8,3.0,1021.8,85.7,1.09,0.2,0,0.0
FL-1778,JetBlue,BOS,ATL,14,6,6,293,21.3,4.9,5.9,0.2,1023.7,72.7,1.0,0.25,0,0.0
FL-1779,United,ORD,MIA,16,3,8,775,3.6,3.9,15.0,0.0,1026.9,79.2,2.51,0.18,1,41.0
FL-1780,Delta,DFW,BOS,17,4,7,805,8.5,24.0,10.3,1.4,1016.8,77.6,3.62,0.12,1,103.0
FL-1781,Alaska,DFW,LAX,18,1,9,2018,16.3,1.4,6.6,0.0,1009.9,83.7,1.91,0.14,1,46.0
FL-1782,American,SFO,ATL,18,2,2,1355,21.3,23.8,6.7,0.0,1015.2,46.3,2.63,0.2,0,0.0
FL-1783,American,DEN,BOS,11,0,12,783,-2.4,7.4,10.2,0.0,1015.7,88.1,2.44,0.2,0,0.0
FL-1784,Delta,DEN,LAX,23,0,9,1015,23.0,1.2,11.8,0.0,1013.1,66.7,1.0,0.12,0,0.0
FL-1785,JetBlue,JFK,LAX,4,3,4,2127,20.2,8.3,12.8,1.4,1018.9,70.8,1.16,0.25,1,50.0
FL-1786,Delta,LAX,SEA,23,2,11,2840,4.9,5.4,10.1,0.0,1017.5,85.2,1.0,0.12,0,0.0
FL-1787,United,SEA,BOS,15,4,3,1735,42.0,13.4,11.8,0.3,1015.3,70.1,1.22,0.18,0,0.0
FL-1788,Delta,BOS,DEN,14,1,7,2933,3.6,9.6,11.0,1.1,1030.6,49.4,1.38,0.12,0,0.0
FL-1789,American,LAX,SEA,14,5,5,1162,23.8,5.3,9.7,0.0,1006.5,61.9,1.0,0.2,0,0.0
FL-1790,Delta,SFO,ATL,5,2,5,1275,18.3,29.7,9.0,0.0,1015.9,77.8,1.04,0.12,0,0.0
FL-1791,JetBlue,JFK,DFW,11,0,12,2247,10.0,7.8,10.1,0.0,1013.1,54.2,1.0,0.25,1,65.0
FL-1792,Alaska,ORD,LAX,1,3,2,1513,16.1,9.5,9.7,0.0,998.2,54.7,1.0,0.14,0,0.0
FL-1793,Southwest,LAX,SEA,19,4,6,645,21.4,28.1,10.0,1.3,1008.0,71.2,3.0,0.22,0,0.0
FL-1794,Delta,ORD,LAX,8,3,6,2484,49.3,1.4,11.3,0.1,1001.7,68.3,3.48,0.12,1,51.0
FL-1795,JetBlue,DFW,BOS,3,1,12,1714,-2.4,7.4,14.9,0.0,1019.7,53.4,1.0,0.25,0,0.0
FL-1796,JetBlue,BOS,ATL,4,6,4,1267,-17.5,7.7,7.0,0.0,1002.9,89.1,1.26,0.25,0,0.0
FL-1797,Alaska,SFO,JFK,20,6,5,1081,2.9,10.3,10.3,0.0,1002.0,68.8,3.48,0.14,1,128.0
FL-1798,American,SEA,ATL,7,2,7,1136,14.6,1.7,11.1,0.0,1011.4,26.4,2.34,0.2,0,0.0
FL-1799,JetBlue,BOS,ORD,21,3,8,2148,23.0,1.6,8.9,0.9,1010.2,72.4,1.34,0.25,0,0.0
FL-1800,JetBlue,ATL,DEN,9,5,6,2606,16.2,8.1,13.2,0.0,1009.8,76.8,3.03,0.25,1,55.0
FL-1801,JetBlue,DEN,MIA,6,5,5,2893,13.2,0.5,8.5,0.0,1004.3,77.6,1.99,0.25,0,0.0
FL-1802,JetBlue,SFO,SEA,21,6,12,1749,33.4,4.4,12.0,0.0,1020.2,57.3,1.91,0.25,1,45.0
FL-1803,United,LAX,ORD,13,6,3,2937,5.5,3.4,13.8,4.8,1011.6,48.2,1.0,0.18,0,0.0
FL-1804,United,BOS,SFO,4,3,7,661,35.0,10.1,11.2,0.7,1020.8,65.7,1.0,0.18,0,0.0
FL-1805,American,MIA,SFO,15,0,8,300,22.4,0.2,9.5,0.3,1005.1,68.5,1.22,0.2,0,0.0
FL-1806,Delta,DEN,DFW,14,3,3,2939,33.0,16.9,11.4,0.0,1007.9,78.7,1.07,0.12,0,0.0
FL-1807,JetBlue,DEN,MIA,4,4,5,2515,3.7,29.0,8.8,7.3,1006.0,71.1,1.39,0.25,1,55.0
FL-1808,Alaska,MIA,ORD,2,2,11,607,10.8,18.4,7.9,0.3,1012.8,84.9,1.14,0.14,0,0.0
FL-1809,Delta,JFK,DFW,22,1,2,2715,-2.5,25.6,11.1,0.9,1007.6,85.7,1.14,0.12,0,0.0
FL-1810,Alaska,JFK,BOS,9,5,10,1939,18.6,15.5,12.2,0.0,1021.6,65.3,2.57,0.14,0,0.0
FL-1811,Delta,MIA,ATL,4,3,10,458,18.9,10.6,10.3,2.7,995.0,47.6,1.2,0.12,0,0.0
FL-1812,American,ATL,ORD,22,4,12,708,39.1,3.7,11.7,0.0,1026.5,83.5,1.29,0.2,0,0.0
FL-1813,JetBlue,DFW,LAX,14,6,4,1890,16.0,4.9,15.0,0.0,1010.6,75.4,1.26,0.25,0,0.0
FL-1814,JetBlue,MIA,DFW,17,5,12,508,-3.2,5.7,13.7,3.9,1006.8,47.2,1.75,0.25,0,0.0
FL-1815,Southwest,DFW,ATL,7,5,4,824,26.3,0.6,8.3,1.7,1027.7,60.9,1.91,0.22,0,0.0
FL-1816,Alaska,BOS,MIA,20,1,12,2357,4.0,36.6,10.6,6.2,1012.2,46.7,3.05,0.14,1,133.0
FL-1817,Delta,ATL,MIA,1,5,8,878,-0.2,34.6,10.9,1.9,1010.6,30.1,1.29,0.12,0,0.0
FL-1818,Delta,SFO,DEN,21,4,3,1483,23.4,1.7,7.5,0.9,1008.1,47.4,1.25,0.12,0,0.0
FL-1819,United,DFW,LAX,7,5,5,1880,5.8,12.2,11.8,0.0,1010.9,26.5,1.61,0.18,0,0.0
FL-1820,Southwest,DEN,ORD,22,5,11,941,7.8,9.5,7.7,0.0,1016.9,73.5,1.0,0.22,0,0.0
FL-1821,United,BOS,SEA,7,3,5,1106,31.8,17.3,12.0,0.0,1017.1,65.9,2.65,0.18,0,0.0
FL-1822,United,DEN,BOS,3,3,2,467,21.2,13.9,15.0,0.0,1003.5,49.9,1.34,0.18,0,0.0
FL-1823,United,ATL,SFO,18,6,9,2230,22.2,2.0,9.6,0.0,1003.6,78.1,3.14,0.18,1,55.0
FL-1824,Alaska,DFW,ORD,22,2,4,1139,-1.5,16.2,11.3,0.0,1021.2,39.3,1.04,0.14,0,0.0
FL-1825,Alaska,ORD,LAX,17,0,9,1010,23.5,14.1,10.9,0.0,1008.8,87.4,3.19,0.14,0,0.0
FL-1826,American,ATL,SEA,20,4,9,1400,11.7,11.4,7.2,1.1,1012.5,56.8,3.34,0.2,1,100.0
FL-1827,American,ATL,DEN,22,0,2,2351,9.7,7.7,7.8,0.3,1014.0,72.8,1.0,0.2,0,0.0
FL-1828,United,ORD,MIA,0,0,9,1459,19.9,46.5,11.1,1.7,1024.7,46.2,1.0,0.18,1,145.0
FL-1829,Southwest,BOS,JFK,19,5,9,1316,15.1,28.4,10.4,0.0,1023.6,67.2,3.24,0.22,1,73.0
FL-1830,Delta,DFW,JFK,14,6,2,2448,-2.6,13.2,9.6,3.7,1015.7,63.1,1.0,0.12,0,0.0
FL-1831,Alaska,DFW,LAX,17,1,11,2034,26.4,0.1,12.8,0.0,1007.6,59.7,3.03,0.14,0,0.0
FL-1832,Southwest,DEN,ORD,21,1,6,1098,27.6,8.5,11.4,0.0,1031.5,56.7,1.0,0.22,0,0.0
FL-1833,JetBlue,ATL,JFK,11,5,9,2990,8.0,18.1,15.0,0.0,1018.6,72.2,1.0,0.25,1,45.0
FL-1834,Alaska,ATL,SFO,0,6,4,1124,22.3,1.9,7.2,1.2,1023.9,49.0,1.09,0.14,0,0.0
FL-1835,Alaska,SEA,ORD,6,4,2,1990,26.0,7.8,8.8,0.9,1011.1,29.6,1.0,0.14,0,0.0
FL-1836,American,SFO,JFK,18,0,7,2844,-7.4,3.2,14.4,0.0,1003.8,63.8,3.11,0.2,0,0.0
FL-1837,Delta,ATL,SEA,0,2,9,1258,8.8,6.2,15.0,1.8,1017.1,84.1,1.0,0.12,0,0.0
FL-1838,Delta,LAX,DEN,23,6,6,887,-11.1,0.4,7.4,0.0,1013.1,34.7,1.0,0.12,0,0.0
FL-1839,JetBlue,SFO,BOS,6,0,11,1681,22.6,2.0,8.8,0.0,1026.2,66.5,1.44,0.25,0,0.0
FL-1840,JetBlue,LAX,ATL,1,1,11,1694,20.4,9.1,9.5,0.0,1012.2,65.0,1.81,0.25,0,0.0
FL-1841,Alaska,DFW,BOS,6,0,4,2158,7.1,34.3,14.2,1.1,1009.4,74.8,1.11,0.14,0,0.0
FL-1842,United,SFO,BOS,18,3,1,987,13.2,10.1,9.6,0.0,1023.3,66.7,3.12,0.18,0,0.0
FL-1843,American,ATL,JFK,12,3,4,598,10.6,9.1,9.5,0.0,1009.7,52.5,1.0,0.2,0,0.0
FL-1844,American,ORD,ATL,23,2,3,2844,-9.5,23.2,9.2,0.0,1010.8,35.9,1.71,0.2,0,0.0
FL-1845,Alaska,DEN,SFO,4,4,7,2364,30.6,4.7,10.3,0.0,1000.6,66.6,1.82,0.14,0,0.0
FL-1846,Southwest,LAX,SEA,22,0,11,561,18.1,1.5,11.0,0.0,1022.0,52.8,1.11,0.22,0,0.0
FL-1847,United,SFO,ATL,18,3,11,403,13.3,3.5,15.0,0.0,1011.6,49.5,3.65,0.18,0,0.0
FL-1848,Alaska,ATL,SFO,0,4,10,2691,13.3,23.5,14.4,0.0,1003.6,66.7,1.04,0.14,0,0.0
FL-1849,United,SFO,BOS,0,6,5,926,23.5,17.0,6.8,1.1,1022.3,45.5,1.0,0.18,0,0.0
FL-1850,United,ATL,DEN,17,6,12,2238,-4.0,1.4,9.4,0.0,1010.9,67.1,3.07,0.18,0,0.0
FL-1851,United,ATL,MIA,23,3,3,1840,4.5,16.5,10.1,0.0,1027.5,74.6,1.0,0.18,0,0.0
FL-1852,Alaska,ATL,MIA,0,4,2,1804,17.6,40.2,8.7,0.0,1023.2,37.9,1.9,0.14,0,0.0
FL-1853,American,SEA,ATL,4,4,2,966,28.4,0.7,13.0,0.0,1003.3,82.4,1.55,0.2,0,0.0
FL-1854,American,DEN,ATL,8,3,5,1454,-13.9,14.4,14.0,0.0,1018.8,64.4,2.06,0.2,0,0.0
FL-1855,United,ORD,DFW,11,5,8,1426,27.0,7.2,8.6,0.0,1021.4,83.3,1.16,0.18,0,0.0
FL-1856,Southwest,ORD,SFO,8,1,8,2609,6.5,10.4,10.0,0.0,999.6,59.3,2.58,0.22,0,0.0
FL-1857,Delta,SFO,DFW,17,4,12,594,11.6,11.3,12.7,0.0,1010.9,98.2,3.31,0.12,0,0.0
FL-1858,Alaska,SFO,SEA,22,6,5,447,15.4,22.1,13.2,2.3,1008.7,91.4,1.0,0.14,0,0.0
FL-1859,Delta,ATL,BOS,10,5,2,1113,1.7,12.2,8.5,0.0,1021.7,64.8,2.11,0.12,0,0.0
FL-1860,Southwest,SEA,LAX,0,0,4,1619,0.1,13.5,11.4,0.0,1005.8,62.1,1.0,0.22,0,0.0
FL-1861,Alaska,ATL,MIA,18,5,7,2903,17.5,6.1,7.9,0.0,1015.1,21.5,2.8,0.14,0,0.0
FL-1862,United,SEA,JFK,21,3,6,2018,37.7,2.0,13.2,0.7,1028.5,61.3,1.26,0.18,1,64.0
FL-1863,American,ATL,JFK,9,5,10,555,3.6,17.2,7.8,0.0,996.8,69.9,2.81,0.2,1,68.0
FL-1864,Delta,LAX,DFW,1,1,7,440,3.6,0.0,10.3,0.0,1013.8,64.7,1.83,0.12,0,0.0
FL-1865,JetBlue,LAX,MIA,6,3,5,2110,0.3,6.0,8.6,0.7,1014.0,68.3,1.0,0.25,0,0.0
FL-1866,JetBlue,DFW,LAX,19,2,2,2476,12.3,3.7,7.1,0.0,993.2,73.7,3.84,0.25,1,84.0
FL-1867,Southwest,ATL,LAX,1,0,8,820,3.2,7.4,8.3,3.5,999.6,59.6,1.0,0.22,0,0.0
FL-1868,United,DEN,JFK,18,6,12,1762,3.5,5.6,9.0,2.7,1019.9,68.8,3.3,0.18,1,71.0
FL-1869,Delta,DFW,LAX,5,2,2,1054,17.5,18.3,13.7,3.6,1012.5,53.6,1.18,0.12,0,0.0
FL-1870,United,SFO,MIA,9,5,12,2776,-2.3,4.5,8.6,1.1,1014.6,43.1,2.0,0.18,1,60.0
FL-1871,Delta,BOS,SEA,8,4,8,2514,34.5,12.3,10.2,0.0,1011.8,95.0,2.62,0.12,0,0.0
FL-1872,Southwest,ATL,DEN,7,5,7,2467,0.9,9.1,8.0,0.0,1023.0,43.5,2.2,0.22,0,0.0
FL-1873,Southwest,LAX,ORD,10,6,3,1305,28.6,24.2,12.8,0.0,1032.2,60.1,3.15,0.22,0,0.0
FL-1874,JetBlue,BOS,SEA,8,6,4,2808,38.7,8.4,13.2,0.0,1021.9,78.5,1.9,0.25,0,0.0
FL-1875,United,SEA,DEN,19,4,7,1550,29.4,29.9,12.4,0.0,994.2,60.3,3.26,0.18,1,54.0
FL-1876,Alaska,BOS,JFK,19,2,4,1260,27.9,0.0,8.9,0.0,1012.7,75.2,3.43,0.14,1,140.0
FL-1877,JetBlue,DEN,BOS,8,2,9,581,24.6,13.9,8.0,0.0,1024.3,84.4,1.67,0.25,0,0.0
FL-1878,United,ATL,LAX,7,4,7,2135,17.6,0.1,7.2,0.0,1009.6,66.3,1.95,0.18,0,0.0
FL-1879,JetBlue,ORD,DFW,14,1,1,2286,29.1,18.8,12.3,1.3,1024.4,73.3,1.0,0.25,0,0.0
FL-1880,Alaska,BOS,SEA,1,0,1,1332,11.9,4.0,8.6,1.6,1010.3,75.0,1.0,0.14,0,0.0
FL-1881,American,ORD,DFW,23,3,4,2676,25.4,7.2,12.6,0.0,1003.0,49.9,1.48,0.2,0,0.0
FL-1882,American,SEA,ORD,0,2,9,2279,28.3,7.2,7.4,0.0,1018.8,40.0,1.21,0.2,0,0.0
FL-1883,American,DFW,JFK,8,0,4,1144,21.1,28.1,9.4,0.3,1016.7,100.0,2.82,0.2,0,0.0
FL-1884,American,ORD,MIA,8,3,5,1944,11.8,1.6,8.6,0.0,1008.2,72.8,2.89,0.2,0,0.0
FL-1885,Delta,DFW,DEN,12,5,1,2778,20.9,16.5,7.9,0.0,1023.4,49.4,1.11,0.12,0,0.0
FL-1886,American,LAX,DFW,7,3,2,305,10.6,59.7,4.8,0.0,998.2,100.0,1.69,0.2,1,100.0
FL-1887,Alaska,ATL,DEN,20,2,11,2729,8.5,0.3,6.0,0.0,1021.4,38.2,2.82,0.14,0,0.0
FL-1888,Southwest,BOS,SFO,4,1,4,405,24.5,50.7,13.4,0.0,1008.6,49.2,1.5,0.22,1,41.0
FL-1889,Southwest,LAX,DFW,2,1,12,1034,16.8,0.3,7.5,7.6,1027.1,56.5,1.0,0.22,1,77.0
FL-1890,Delta,LAX,DEN,20,0,4,288,24.3,27.6,12.0,0.0,1019.5,82.6,3.06,0.12,0,0.0
FL-1891,American,MIA,SEA,3,5,11,1272,16.8,48.8,10.0,1.2,1010.2,58.0,1.49,0.2,0,0.0
FL-1892,American,JFK,ATL,16,0,10,1095,21.1,70.0,9.0,0.0,1005.3,63.1,3.58,0.2,1,114.0
FL-1893,American,DEN,ATL,15,4,6,1796,31.8,9.2,8.7,0.2,1000.0,42.9,1.94,0.2,0,0.0
FL-1894,JetBlue,DFW,JFK,15,1,6,1394,13.1,30.3,9.8,0.0,1012.4,62.0,1.01,0.25,0,0.0
FL-1895,United,MIA,ATL,19,0,8,342,10.2,2.0,12.0,0.0,1013.4,60.1,2.83,0.18,0,0.0
FL-1896,JetBlue,JFK,BOS,2,4,12,406,20.2,8.3,6.3,0.0,1021.4,36.3,1.0,0.25,0,0.0
FL-1897,United,DEN,SEA,5,5,9,2756,-15.9,5.5,9.8,0.6,1007.2,59.3,1.0,0.18,0,0.0
FL-1898,American,DFW,ATL,0,6,1,2252,23.5,7.5,11.2,6.2,1015.9,48.8,1.0,0.2,0,0.0
FL-1899,American,ATL,MIA,20,3,1,410,4.7,18.2,12.2,0.0,1010.1,90.9,2.7,0.2,0,0.0
FL-1900,JetBlue,DEN,ORD,15,0,6,228,35.1,1.4,13.0,0.0,1025.0,69.8,1.51,0.25,0,0.0
FL-1901,JetBlue,BOS,SEA,14,4,4,1413,24.5,70.0,9.4,2.0,1012.0,91.5,1.0,0.25,1,62.0
FL-1902,United,LAX,DFW,6,1,11,387,26.0,15.1,5.8,1.7,1007.2,30.6,1.87,0.18,0,0.0
FL-1903,Southwest,JFK,ORD,1,3,4,2060,26.3,31.0,11.2,2.8,1003.4,46.4,1.0,0.22,0,0.0
FL-1904,United,JFK,SFO,9,0,1,1373,9.5,26.6,9.6,0.0,1009.4,52.0,2.48,0.18,0,0.0
FL-1905,JetBlue,JFK,ORD,14,1,9,2772,11.9,21.8,13.6,0.0,1011.1,50.4,1.46,0.25,0,0.0
FL-1906,Alaska,DFW,DEN,5,6,12,2232,-5.3,0.6,10.6,0.0,1011.4,70.6,1.0,0.14,0,0.0
FL-1907,JetBlue,BOS,JFK,1,3,11,1589,32.9,10.9,13.6,0.0,1016.4,59.8,1.0,0.25,0,0.0
FL-1908,Alaska,DEN,SFO,23,2,3,356,-0.5,6.0,8.4,0.0,1010.3,46.8,1.28,0.14,0,0.0
FL-1909,Delta,LAX,DFW,23,1,5,2327,14.8,1.8,13.6,0.0,1006.3,100.0,1.34,0.12,0,0.0
FL-1910,JetBlue,BOS,ORD,16,2,10,2091,29.7,6.3,10.5,0.0,1009.6,68.5,2.57,0.25,0,0.0
FL-1911,Delta,MIA,LAX,0,5,1,1496,33.4,15.5,11.3,1.3,1011.3,28.6,1.0,0.12,0,0.0
FL-1912,Southwest,ATL,MIA,0,0,8,2907,12.0,3.9,4.8,0.5,1008.5,78.1,1.71,0.22,0,0.0
FL-1913,United,ORD,BOS,3,6,3,1941,-5.5,8.8,13.3,0.0,1000.1,100.0,1.1,0.18,0,0.0
FL-1914,Alaska,BOS,ORD,19,4,1,2873,17.8,7.8,9.4,0.0,1000.8,78.1,2.45,0.14,0,0.0
FL-1915,United,MIA,SFO,15,0,10,2013,19.0,0.8,11.5,0.0,997.4,46.4,1.0,0.18,0,0.0
FL-1916,Delta,LAX,BOS,7,1,6,431,20.1,14.8,9.0,0.2,1014.4,57.0,2.7,0.12,0,0.0
FL-1917,Alaska,ORD,LAX,0,2,1,359,11.3,14.5,13.5,0.0,1016.6,79.6,1.45,0.14,0,0.0
FL-1918,United,ORD,MIA,18,2,3,543,13.3,50.9,10.7,0.0,1006.3,48.1,3.55,0.18,1,111.0
FL-1919,JetBlue,BOS,DFW,10,3,5,404,6.7,5.3,10.4,0.0,1016.9,62.2,3.2,0.25,0,0.0
FL-1920,American,JFK,SFO,16,0,4,504,16.9,8.1,15.0,0.0,1009.9,48.7,3.12,0.2,0,0.0
FL-1921,Delta,SFO,MIA,9,0,7,1583,24.6,7.8,2.5,0.0,1011.8,75.6,2.51,0.12,1,81.0
FL-1922,United,LAX,BOS,11,1,6,2917,18.2,37.8,8.8,0.0,1002.6,79.6,1.16,0.18,0,0.0
FL-1923,Delta,JFK,DFW,8,2,12,599,14.5,7.9,9.5,0.7,1023.0,88.8,2.79,0.12,0,0.0
FL-1924,Delta,LAX,BOS,6,1,3,2353,28.5,8.8,7.5,0.0,1025.8,83.2,1.0,0.12,0,0.0
FL-1925,Alaska,SFO,BOS,11,1,11,2589,18.1,4.4,11.0,0.0,1015.6,90.5,1.12,0.14,0,0.0
FL-1926,Alaska,ATL,DFW,14,5,8,1185,15.4,0.0,6.0,0.0,1006.9,94.3,1.0,0.14,0,0.0
FL-1927,American,SFO,ORD,7,2,8,2005,15.9,1.8,6.1,0.0,1013.8,39.8,1.0,0.2,0,0.0
FL-1928,JetBlue,SEA,LAX,16,1,2,1151,0.5,18.3,11.3,0.0,1006.8,51.0,2.86,0.25,0,0.0
FL-1929,Delta,BOS,SEA,4,2,7,1644,1.9,17.2,7.3,0.0,1002.3,48.5,1.35,0.12,0,0.0
FL-1930,United,BOS,LAX,13,1,1,2296,13.5,5.8,11.5,0.0,1018.6,68.0,1.0,0.18,0,0.0
FL-1931,Southwest,MIA,SFO,1,4,2,405,6.2,9.6,8.2,1.3,1005.0,53.6,1.37,0.22,0,0.0
FL-1932,Delta,JFK,SFO,15,1,8,1441,14.5,5.3,7.5,0.0,1006.2,58.1,1.28,0.12,0,0.0
FL-1933,Delta,MIA,DFW,16,1,12,2041,25.3,19.7,7.0,0.0,995.3,84.3,2.61,0.12,0,0.0
FL-1934,American,SEA,ATL,2,6,1,1659,23.5,27.7,7.1,0.3,1021.5,74.9,1.87,0.2,0,0.0
FL-1935,JetBlue,SFO,DEN,22,4,2,1545,19.7,34.4,8.7,0.7,1025.1,56.1,1.0,0.25,0,0.0
FL-1936,Southwest,BOS,DFW,0,0,12,430,25.1,2.9,7.6,3.1,1018.9,79.2,1.0,0.22,0,0.0
FL-1937,Alaska,DFW,ATL,17,2,1,1710,27.4,17.8,9.6,0.0,1019.5,70.2,3.24,0.14,0,0.0
FL-1938,Alaska,SFO,BOS,17,6,5,1082,26.9,49.5,4.4,0.0,1002.3,70.3,3.51,0.14,1,113.0
FL-1939,United,SFO,DEN,3,3,7,2973,26.6,15.8,7.5,0.0,1010.9,77.0,1.81,0.18,0,0.0
FL-1940,Southwest,SEA,ORD,14,4,6,2531,0.6,6.5,13.7,8.6,1018.8,20.8,1.03,0.22,1,80.0
FL-1941,Alaska,ATL,DEN,18,6,6,1709,-7.7,15.2,6.2,0.0,1005.2,48.9,3.47,0.14,1,79.0
FL-1942,United,LAX,JFK,18,0,6,2523,5.6,17.5,8.0,0.0,1009.7,46.7,2.74,0.18,0,0.0
FL-1943,JetBlue,SEA,DFW,9,1,8,632,9.5,7.6,13.7,0.9,999.9,65.6,2.8,0.25,0,0.0
FL-1944,United,LAX,DEN,4,5,5,1408,26.1,1.6,9.9,5.7,1010.6,78.8,1.87,0.18,0,0.0
FL-1945,Alaska,BOS,MIA,18,0,10,2880,13.8,14.0,4.8,2.3,1011.5,55.7,4.2,0.14,1,47.0
FL-1946,American,SEA,BOS,10,4,7,2463,9.2,24.3,11.8,0.2,1017.0,48.2,2.19,0.2,0,0.0
FL-1947,American,LAX,ATL,6,5,3,2344,17.0,70.0,13.6,0.2,999.7,26.0,1.73,0.2,1,92.0
FL-1948,American,MIA,LAX,4,1,9,1342,21.4,3.8,9.9,0.0,999.6,71.7,1.0,0.2,0,0.0
FL-1949,Alaska,SEA,ATL,19,0,10,2612,24.3,18.1,8.3,0.0,1022.9,43.8,2.69,0.14,0,0.0
FL-1950,American,BOS,MIA,11,3,3,2017,10.0,0.4,4.8,0.0,1021.6,70.5,1.0,0.2,0,0.0
FL-1951,Southwest,SEA,MIA,18,2,6,1207,3.5,52.5,8.5,0.0,1007.8,49.0,3.45,0.22,1,116.0
FL-1952,JetBlue,BOS,ORD,14,2,3,817,5.7,0.2,6.3,0.0,1025.2,75.0,1.06,0.25,0,0.0
FL-1953,United,SEA,ATL,11,4,1,596,16.4,6.7,10.0,0.0,1014.3,71.6,1.0,0.18,0,0.0
FL-1954,United,LAX,ATL,3,6,1,2705,2.4,1.2,12.5,0.0,1022.1,33.0,1.24,0.18,0,0.0
FL-1955,Alaska,ATL,LAX,11,1,3,517,26.4,14.6,7.0,2.5,1010.7,80.7,1.67,0.14,0,0.0
FL-1956,American,DEN,ATL,17,1,4,2629,2.5,6.2,12.1,0.2,1015.5,70.4,3.07,0.2,0,0.0
FL-1957,American,LAX,DEN,16,2,2,2389,-3.7,19.8,4.7,0.9,1010.3,84.5,3.45,0.2,0,0.0
FL-1958,Delta,JFK,SFO,18,0,9,656,16.9,10.0,9.3,0.0,1026.4,40.0,2.62,0.12,0,0.0
FL-1959,JetBlue,ORD,ATL,15,1,11,700,11.7,8.2,4.0,2.9,1011.7,45.0,1.48,0.25,0,0.0
FL-1960,Southwest,ATL,LAX,10,3,8,522,20.7,6.4,10.5,0.0,1012.3,58.0,2.15,0.22,0,0.0
FL-1961,United,MIA,BOS,1,3,12,1199,9.0,1.4,13.4,0.0,1000.1,62.2,1.06,0.18,0,0.0
FL-1962,Delta,SFO,JFK,15,1,3,2515,19.8,3.4,8.7,0.2,1012.0,60.1,1.0,0.12,0,0.0
FL-1963,Delta,LAX,BOS,0,1,7,2734,27.1,15.3,10.5,0.0,1026.9,29.9,1.0,0.12,0,0.0
FL-1964,Alaska,SEA,JFK,16,2,4,1077,7.5,10.3,8.5,0.5,1023.8,69.8,2.48,0.14,0,0.0
FL-1965,United,LAX,MIA,17,4,5,878,21.2,1.1,11.1,0.0,1011.5,59.9,2.79,0.18,0,0.0
FL-1966,Alaska,DFW,DEN,12,2,4,2261,36.5,11.8,12.4,0.9,1012.3,58.1,1.08,0.14,0,0.0
FL-1967,Southwest,ATL,MIA,4,4,9,1203,24.3,0.8,10.0,0.0,1003.0,65.3,1.0,0.22,0,0.0
FL-1968,Delta,DEN,ORD,23,3,11,2952,5.5,10.8,8.4,0.0,1015.8,69.4,2.32,0.12,0,0.0
FL-1969,Delta,MIA,ORD,5,4,7,354,19.0,50.3,10.9,0.0,1015.6,62.8,1.0,0.12,1,53.0
FL-1970,JetBlue,DFW,JFK,0,2,4,300,-0.6,5.5,15.0,0.0,1017.2,47.5,1.0,0.25,0,0.0
FL-1971,Southwest,BOS,ATL,9,1,8,2819,1.1,19.3,10.9,0.0,1000.3,40.1,1.41,0.22,0,0.0
FL-1972,Delta,DFW,LAX,4,4,2,1266,32.9,20.5,6.2,0.0,1022.3,80.9,1.94,0.12,0,0.0
FL-1973,Southwest,LAX,SEA,0,2,7,1534,19.9,7.8,15.0,0.0,1011.2,47.3,1.23,0.22,0,0.0
FL-1974,United,MIA,ORD,22,3,11,820,33.5,13.5,7.6,0.3,1022.8,42.6,1.0,0.18,0,0.0
FL-1975,American,LAX,MIA,10,5,1,1828,20.1,9.6,7.6,0.0,1014.6,65.4,2.34,0.2,0,0.0
FL-1976,Delta,BOS,DEN,23,4,8,1214,8.5,5.0,13.0,0.0,1024.4,73.6,1.0,0.12,0,0.0
FL-1977,JetBlue,SFO,BOS,23,3,12,2712,15.5,21.1,8.7,0.8,1018.2,87.8,1.42,0.25,0,0.0
FL-1978,United,MIA,SFO,6,3,6,2598,18.2,18.2,11.5,0.0,1006.3,49.2,2.02,0.18,0,0.0
FL-1979,Southwest,SFO,JFK,17,0,12,2481,41.6,34.6,11.3,0.0,1019.6,51.8,2.56,0.22,1,67.0
FL-1980,Alaska,ATL,SEA,20,5,5,2151,23.4,14.4,11.3,0.0,1021.1,68.7,3.37,0.14,1,105.0
FL-1981,United,ATL,JFK,19,4,9,602,6.1,7.4,14.3,0.0,1014.7,76.5,3.02,0.18,0,0.0
FL-1982,Delta,SFO,ORD,20,2,9,2598,12.7,18.8,9.2,0.3,1010.8,54.5,2.75,0.12,0,0.0
FL-1983,Southwest,ATL,SFO,9,4,3,1371,20.7,14.5,10.1,0.0,1020.4,76.8,2.34,0.22,0,0.0
FL-1984,American,MIA,SEA,14,4,9,2275,1.9,14.4,7.2,0.5,1022.2,54.2,1.0,0.2,0,0.0
FL-1985,United,SEA,BOS,3,5,9,458,14.8,28.4,12.2,0.6,1002.5,67.1,1.15,0.18,0,0.0
FL-1986,Delta,JFK,MIA,15,6,2,819,12.5,36.2,10.6,1.7,1014.1,41.4,1.18,0.12,1,96.0
FL-1987,JetBlue,ATL,BOS,14,3,5,1665,20.8,3.0,13.8,0.8,1011.4,72.5,1.31,0.25,0,0.0
FL-1988,Alaska,ATL,ORD,14,3,11,2173,13.8,5.7,11.1,0.0,1028.2,74.2,1.1,0.14,0,0.0
FL-1989,Southwest,LAX,SFO,11,3,2,2161,-1.8,15.8,15.0,0.3,1007.3,68.6,1.0,0.22,0,0.0
FL-1990,United,SFO,SEA,7,3,1,1852,14.5,12.2,9.6,0.6,1017.4,31.2,2.83,0.18,0,0.0
FL-1991,United,ORD,JFK,7,5,7,1075,24.2,15.8,10.7,0.0,1018.5,57.8,2.08,0.18,1,87.0
FL-1992,American,DEN,SEA,17,2,4,1750,32.3,8.5,10.2,1.8,1013.5,71.5,2.97,0.2,0,0.0
FL-1993,American,DFW,MIA,5,1,5,1434,26.5,8.0,7.9,1.6,1024.1,50.7,1.0,0.2,0,0.0
FL-1994,JetBlue,ATL,JFK,4,0,4,742,-4.1,1.9,4.1,0.0,1012.2,86.7,1.49,0.25,0,0.0
FL-1995,Alaska,DFW,DEN,1,6,6,652,-1.0,14.7,10.7,0.0,1003.2,100.0,1.0,0.14,0,0.0
FL-1996,JetBlue,MIA,JFK,11,6,11,2944,2.3,2.9,5.2,0.0,1024.7,49.2,2.05,0.25,0,0.0
FL-1997,Delta,ORD,LAX,3,3,2,603,33.1,16.7,11.4,1.4,1009.4,76.3,1.0,0.12,0,0.0
FL-1998,Delta,DEN,DFW,22,3,8,1218,20.9,51.2,13.5,0.0,1013.8,62.2,1.28,0.12,1,54.0
FL-1999,JetBlue,SFO,LAX,12,0,4,1628,46.7,4.4,9.8,0.4,1011.8,73.0,1.3,0.25,0,0.0
FL-2000,Alaska,JFK,LAX,16,3,8,1082,30.4,2.3,11.1,0.0,1005.4,62.9,2.35,0.14,0,0.0
FL-2001,JetBlue,DEN,SFO,15,1,3,2051,16.1,0.4,11.2,0.0,1005.7,61.7,1.0,0.25,0,0.0
FL-2002,Alaska,DEN,SEA,8,6,12,774,9.5,7.1,12.9,3.0,1000.7,56.7,1.99,0.14,0,0.0
FL-2003,Alaska,JFK,SEA,0,4,12,1658,19.5,3.6,9.7,2.2,1017.2,74.3,1.1,0.14,0,0.0
FL-2004,Southwest,SEA,MIA,14,0,11,1699,25.1,10.2,6.4,0.7,1018.8,37.8,1.0,0.22,0,0.0
FL-2005,Alaska,SFO,DEN,11,6,5,1691,29.5,11.1,4.7,0.3,1015.0,52.4,1.0,0.14,0,0.0
FL-2006,American,LAX,ATL,4,2,12,2670,11.5,6.4,9.0,0.0,1017.9,66.5,1.82,0.2,0,0.0
FL-2007,Alaska,DFW,JFK,22,6,3,1362,41.3,20.8,5.1,0.0,1012.0,54.2,1.0,0.14,0,0.0
FL-2008,Alaska,ATL,LAX,23,0,12,2796,14.5,35.3,10.1,0.0,1014.6,87.1,1.45,0.14,0,0.0
FL-2009,Alaska,DEN,DFW,17,1,7,2715,29.2,3.6,10.8,1.5,1012.8,74.8,2.84,0.14,0,0.0
FL-2010,Delta,MIA,DFW,19,5,3,310,19.0,27.1,8.4,1.9,1012.4,45.7,2.89,0.12,0,0.0
FL-2011,American,JFK,LAX,1,2,12,2400,10.7,2.1,12.2,0.0,1004.3,60.4,1.0,0.2,0,0.0
FL-2012,American,DFW,JFK,3,4,8,2967,-8.6,3.9,10.5,0.0,1023.5,79.1,1.0,0.2,0,0.0
FL-2013,JetBlue,ORD,BOS,14,3,9,881,0.1,12.4,8.0,2.1,1010.7,70.5,1.0,0.25,0,0.0
FL-2014,Southwest,JFK,ORD,5,0,12,968,29.1,5.5,8.6,0.0,1009.3,62.7,1.0,0.22,0,0.0
FL-2015,Alaska,ORD,MIA,21,2,2,478,24.0,0.6,14.0,0.0,1008.5,62.3,1.0,0.14,0,0.0
FL-2016,United,SFO,ATL,11,0,3,562,22.1,5.2,4.9,0.0,1009.9,86.1,1.32,0.18,0,0.0
FL-2017,Southwest,DEN,MIA,17,4,12,1848,33.6,35.3,9.3,0.0,1010.0,41.0,3.76,0.22,1,170.0
FL-2018,Southwest,MIA,SEA,19,0,7,1631,3.2,2.9,10.6,0.4,1014.6,98.0,3.64,0.22,1,45.0
FL-2019,American,ATL,SFO,3,6,5,1398,9.3,21.6,8.2,0.0,999.5,68.7,1.0,0.2,0,0.0
FL-2020,Southwest,ORD,JFK,0,6,10,800,10.1,19.2,7.8,0.3,1006.1,95.8,1.0,0.22,0,0.0
FL-2021,Alaska,DFW,ATL,14,2,7,1358,-1.1,1.7,13.3,0.0,1024.9,64.4,1.0,0.14,0,0.0
FL-2022,Alaska,SEA,ORD,17,1,2,2541,5.4,6.0,15.0,0.0,1024.3,100.0,3.19,0.14,0,0.0
FL-2023,Delta,SFO,DFW,13,5,4,1718,2.1,3.1,9.0,0.0,1010.9,53.6,1.0,0.12,0,0.0
FL-2024,Alaska,SEA,SFO,2,2,1,2038,-3.8,0.4,10.1,0.0,1033.0,66.4,1.38,0.14,0,0.0
FL-2025,Alaska,SFO,LAX,14,0,5,1070,4.2,2.8,11.7,0.0,1018.6,79.7,1.0,0.14,0,0.0
FL-2026,American,LAX,MIA,4,4,8,1642,14.2,3.4,6.9,0.0,1024.8,79.1,1.0,0.2,0,0.0
FL-2027,Alaska,DFW,ORD,23,6,1,1541,36.4,2.7,10.2,1.5,1013.7,49.4,1.0,0.14,0,0.0
FL-2028,Delta,SEA,JFK,21,3,7,2320,2.8,1.4,14.6,3.4,1011.0,38.9,1.0,0.12,0,0.0
FL-2029,United,MIA,ORD,2,3,7,2506,27.9,11.2,15.0,4.0,1020.6,49.9,1.0,0.18,0,0.0
FL-2030,American,DEN,BOS,21,4,7,1581,17.7,5.8,6.3,0.0,1021.9,60.6,1.0,0.2,1,78.0
FL-2031,United,JFK,DEN,6,0,1,1371,20.2,35.8,7.3,0.7,1010.8,62.4,1.0,0.18,1,67.0
FL-2032,American,ATL,DEN,5,5,12,1448,16.7,3.1,8.7,0.0,1016.5,66.9,1.9,0.2,0,0.0
FL-2033,JetBlue,DEN,ATL,21,4,11,1328,-7.2,13.9,8.9,0.0,989.5,78.0,1.0,0.25,1,50.0
FL-2034,Southwest,DEN,SEA,0,0,3,2603,2.4,34.6,13.3,0.5,1007.8,63.0,1.0,0.22,0,0.0
FL-2035,JetBlue,SFO,DFW,18,2,11,1761,21.9,0.7,10.1,0.0,1024.4,29.2,2.66,0.25,0,0.0
FL-2036,Alaska,MIA,DEN,6,5,2,1484,15.6,10.9,13.0,0.0,1008.7,82.5,1.0,0.14,0,0.0
FL-2037,United,SFO,BOS,3,1,5,770,-4.7,9.0,10.7,4.3,1012.6,85.9,2.07,0.18,0,0.0
FL-2038,Alaska,BOS,DFW,11,0,2,2820,12.4,39.6,9.7,0.0,1012.0,70.8,1.22,0.14,1,62.0
FL-2039,Southwest,ORD,SFO,19,3,5,2149,22.1,16.3,11.3,0.0,1004.2,59.9,2.74,0.22,1,126.0
FL-2040,American,ATL,DFW,22,3,5,2177,-0.0,6.4,3.2,1.4,1012.3,69.6,1.0,0.2,1,45.0
FL-2041,Southwest,ORD,DEN,17,6,4,2180,10.2,18.6,9.0,0.0,1011.3,85.9,3.38,0.22,1,67.0
FL-2042,Delta,JFK,ORD,8,5,11,646,33.2,13.1,9.1,2.7,1005.7,45.0,3.09,0.12,0,0.0
FL-2043,Southwest,BOS,ORD,18,1,7,982,22.1,6.4,5.8,0.0,1011.8,53.9,3.21,0.22,1,53.0
FL-2044,Delta,DFW,JFK,21,0,10,1480,34.0,23.1,14.0,0.0,1003.6,53.6,1.91,0.12,0,0.0
FL-2045,Southwest,JFK,ORD,3,1,6,1143,10.5,16.5,9.3,3.6,1012.6,44.8,1.0,0.22,1,52.0
FL-2046,Delta,JFK,ORD,0,6,2,836,28.0,0.1,11.1,0.0,1012.4,100.0,1.0,0.12,0,0.0
FL-2047,United,LAX,SEA,8,2,4,730,2.6,30.1,12.6,0.0,1028.8,67.3,2.59,0.18,0,0.0
FL-2048,Alaska,ATL,SEA,14,1,11,318,25.0,7.6,7.5,0.0,1006.6,44.7,1.18,0.14,0,0.0
FL-2049,Alaska,SFO,LAX,21,2,7,265,6.4,15.6,10.9,0.0,1019.5,40.2,1.0,0.14,0,0.0
FL-2050,JetBlue,MIA,SFO,7,3,9,2492,20.5,7.6,5.1,0.0,1001.4,80.1,3.03,0.25,0,0.0
FL-2051,Alaska,ORD,SFO,14,2,9,2304,21.1,32.0,11.6,0.0,1032.7,85.6,1.29,0.14,0,0.0
FL-2052,American,JFK,ATL,14,0,12,1267,23.3,15.8,8.3,0.0,1016.2,82.2,1.0,0.2,0,0.0
FL-2053,Southwest,ORD,SFO,17,5,3,2771,2.9,13.0,9.2,0.0,1014.9,98.8,2.81,0.22,1,53.0
FL-2054,JetBlue,ORD,SFO,6,5,1,2113,18.8,58.9,13.4,2.7,1017.9,57.1,1.51,0.25,1,62.0
FL-2055,American,DFW,SFO,21,0,9,623,15.3,4.9,15.0,0.0,1013.5,41.9,1.0,0.2,0,0.0
FL-2056,American,ATL,ORD,17,0,8,594,30.1,1.0,7.8,0.0,1009.7,100.0,2.53,0.2,0,0.0
FL-2057,Delta,ATL,ORD,15,0,7,2697,7.3,10.9,7.4,0.0,1005.5,52.7,1.0,0.12,0,0.0
FL-2058,Alaska,SEA,ATL,1,4,6,1480,-0.7,8.3,12.1,6.8,1014.6,76.5,1.0,0.14,0,0.0
FL-2059,United,DEN,MIA,3,6,10,2240,-4.7,9.1,11.9,0.0,1023.0,49.9,1.0,0.18,0,0.0
FL-2060,United,ATL,LAX,19,2,7,1153,11.6,14.5,6.4,0.0,998.1,84.3,1.72,0.18,0,0.0
FL-2061,JetBlue,ORD,DFW,15,0,11,2019,9.9,14.3,9.9,0.0,1030.7,42.0,1.0,0.25,0,0.0
FL-2062,United,SFO,ATL,2,5,9,2059,11.4,7.5,9.9,0.7,1006.1,100.0,2.15,0.18,0,0.0
FL-2063,Southwest,ORD,JFK,23,1,6,962,11.4,29.8,9.9,0.0,1015.5,72.0,1.0,0.22,0,0.0
FL-2064,United,SFO,SEA,22,1,10,1829,31.7,15.8,12.0,0.0,1007.2,40.8,1.37,0.18,0,0.0
FL-2065,JetBlue,SEA,JFK,1,4,3,1603,13.2,33.1,14.5,0.4,1012.5,26.7,1.1,0.25,0,0.0
FL-2066,United,SFO,SEA,2,2,3,642,28.6,36.7,9.3,1.1,1015.6,63.7,1.71,0.18,0,0.0
FL-2067,Southwest,ATL,MIA,4,2,4,2781,19.6,2.7,15.0,5.2,1011.6,84.8,1.0,0.22,0,0.0
FL-2068,Delta,DFW,BOS,1,6,10,1697,4.0,17.1,9.6,0.0,1014.4,56.7,1.02,0.12,0,0.0
FL-2069,JetBlue,SFO,SEA,18,2,10,356,15.1,5.7,14.9,1.6,1013.9,88.3,2.87,0.25,0,0.0
FL-2070,Delta,ORD,SFO,23,5,8,288,33.5,27.2,11.3,0.0,1017.5,46.7,1.04,0.12,0,0.0
FL-2071,Delta,MIA,SEA,19,5,10,2449,27.2,19.8,13.3,2.9,1017.0,78.7,2.44,0.12,0,0.0
FL-2072,Delta,ATL,ORD,1,6,9,1179,29.4,3.3,12.8,0.0,995.7,60.0,1.0,0.12,0,0.0
FL-2073,American,MIA,DEN,1,4,8,661,21.1,41.9,7.6,1.1,1010.3,78.1,1.0,0.2,0,0.0
FL-2074,Alaska,BOS,ATL,21,2,11,2956,9.3,17.3,11.1,0.0,1023.7,50.2,1.0,0.14,0,0.0
FL-2075,American,BOS,DFW,23,2,10,2701,34.7,44.5,7.3,0.0,1019.8,54.6,1.06,0.2,0,0.0
FL-2076,Alaska,ORD,BOS,22,0,2,579,21.7,3.4,9.7,0.0,1004.1,40.1,1.96,0.14,0,0.0
FL-2077,Delta,BOS,DEN,19,2,4,600,26.2,30.6,6.6,0.0,1010.0,86.0,3.52,0.12,1,56.0
FL-2078,JetBlue,DEN,ATL,17,5,4,1302,16.3,16.5,9.4,1.9,1011.2,56.2,3.13,0.25,1,54.0
FL-2079,Alaska,SEA,SFO,19,0,12,750,2.6,12.1,10.2,2.2,1011.0,56.3,2.72,0.14,0,0.0
FL-2080,Southwest,ATL,MIA,20,0,2,1609,19.7,25.8,7.4,3.4,1011.7,55.8,2.25,0.22,0,0.0
FL-2081,Southwest,MIA,BOS,13,2,8,2908,35.3,15.0,10.0,0.0,1008.9,74.8,1.0,0.22,0,0.0
FL-2082,United,ORD,DFW,14,1,3,644,24.7,16.6,12.4,0.0,1005.3,24.6,1.0,0.18,0,0.0
FL-2083,Alaska,DEN,ORD,11,3,2,2299,21.6,4.4,7.1,1.0,1030.0,42.0,1.98,0.14,0,0.0
FL-2084,JetBlue,ORD,SEA,10,5,7,2167,4.7,25.5,12.7,2.5,1014.5,89.4,2.84,0.25,0,0.0
FL-2085,American,DEN,JFK,10,1,1,2117,33.3,15.8,12.8,0.0,1011.3,69.2,2.61,0.2,0,0.0
FL-2086,Delta,BOS,SEA,6,2,6,528,31.2,27.9,7.1,0.0,1019.0,54.1,2.13,0.12,0,0.0
FL-2087,United,BOS,JFK,11,2,3,2131,-6.4,6.5,2.2,0.0,1000.5,80.9,1.06,0.18,1,65.0
FL-2088,Southwest,SFO,LAX,15,1,3,2190,26.1,6.0,13.3,0.0,1017.4,68.7,1.27,0.22,0,0.0
FL-2089,American,LAX,SEA,4,2,5,969,12.0,0.4,9.3,0.0,1001.3,89.3,2.08,0.2,0,0.0
FL-2090,American,ORD,BOS,1,5,3,1682,18.5,22.0,10.0,1.3,1015.9,54.0,1.49,0.2,0,0.0
FL-2091,Delta,SFO,MIA,21,6,12,2745,5.2,6.0,15.0,0.0,1006.1,50.6,1.24,0.12,1,56.0
FL-2092,Alaska,ATL,ORD,15,0,4,324,16.4,5.9,11.3,0.0,1018.6,40.1,1.0,0.14,0,0.0
FL-2093,Southwest,SFO,MIA,22,4,3,403,1.8,17.5,11.4,0.4,1034.3,84.5,1.73,0.22,0,0.0
FL-2094,JetBlue,JFK,DEN,14,2,7,842,5.4,4.4,10.0,1.7,1014.2,84.2,1.0,0.25,0,0.0
FL-2095,American,BOS,LAX,10,2,3,1244,21.2,36.0,9.4,0.0,1001.0,77.6,1.64,0.2,1,80.0
FL-2096,Delta,JFK,ATL,5,1,10,789,5.9,11.6,9.8,0.0,1007.8,47.2,1.14,0.12,0,0.0
FL-2097,JetBlue,ORD,SFO,12,0,4,1786,20.1,52.3,9.6,0.0,1015.7,39.3,1.29,0.25,0,0.0
FL-2098,Alaska,MIA,ATL,18,1,2,2609,16.3,1.2,4.9,2.7,1023.1,81.2,2.47,0.14,0,0.0
FL-2099,Southwest,MIA,LAX,9,6,2,2608,43.6,6.2,7.0,0.0,1004.1,69.4,1.74,0.22,0,0.0
FL-2100,Alaska,ATL,DFW,23,5,9,1339,7.2,7.2,9.8,0.0,1028.0,48.5,1.0,0.14,0,0.0
FL-2101,American,SFO,SEA,18,1,11,254,11.0,19.7,15.0,0.0,1018.1,76.3,2.74,0.2,0,0.0
FL-2102,JetBlue,MIA,DFW,4,2,1,2539,6.4,3.6,5.8,2.1,1012.9,98.7,1.0,0.25,0,0.0
FL-2103,JetBlue,DEN,DFW,20,0,1,1274,32.2,7.1,8.4,0.0,1019.9,58.7,2.3,0.25,0,0.0
FL-2104,JetBlue,DEN,ORD,6,5,10,1041,16.3,36.2,8.4,0.0,1002.9,63.5,2.0,0.25,1,113.0
FL-2105,American,ATL,SEA,10,2,1,2501,13.1,1.8,12.1,0.0,1005.7,82.0,2.14,0.2,0,0.0
FL-2106,American,SEA,SFO,13,5,3,691,24.2,20.5,10.3,0.6,1002.0,87.3,1.0,0.2,0,0.0
FL-2107,Alaska,BOS,LAX,22,2,2,1184,4.6,18.2,8.1,0.0,1030.9,66.0,1.49,0.14,0,0.0
FL-2108,United,SFO,LAX,20,2,3,2820,-1.1,2.1,13.5,0.0,1013.1,33.3,2.54,0.18,1,72.0
FL-2109,Alaska,ORD,BOS,15,2,5,1192,18.4,17.5,7.0,1.7,1014.5,84.1,2.0,0.14,0,0.0
FL-2110,Southwest,DFW,MIA,17,4,9,2194,16.9,12.7,8.5,0.0,1022.1,53.2,3.49,0.22,1,55.0
FL-2111,Delta,DFW,BOS,20,3,2,2132,6.2,5.1,6.7,1.7,1001.6,72.6,2.83,0.12,0,0.0
FL-2112,JetBlue,DFW,DEN,22,0,12,1160,19.3,5.6,13.0,1.4,1006.5,85.5,1.72,0.25,0,0.0
FL-2113,United,MIA,DFW,22,6,11,2086,37.2,26.8,9.9,0.0,1015.8,77.4,1.73,0.18,0,0.0
FL-2114,Delta,SEA,JFK,3,4,1,2472,20.4,3.9,7.9,0.0,1026.5,66.9,1.0,0.12,0,0.0
FL-2115,United,SEA,SFO,0,3,11,2245,-8.8,10.8,11.3,0.0,1020.1,64.3,1.0,0.18,0,0.0
FL-2116,Alaska,SFO,DEN,21,5,6,302,32.0,17.1,14.7,2.3,1015.8,51.6,1.0,0.14,1,132.0
FL-2117,American,SFO,ORD,14,3,3,1169,38.9,2.1,3.2,3.8,1015.1,69.7,1.26,0.2,0,0.0
FL-2118,JetBlue,SEA,ORD,13,3,7,1271,21.3,40.4,11.8,1.0,1022.0,45.8,1.0,0.25,1,91.0
FL-2119,Alaska,ATL,ORD,18,4,6,936,17.1,4.5,15.0,0.0,1005.3,80.2,2.84,0.14,0,0.0
FL-2120,Delta,SFO,ORD,4,0,11,1565,-3.6,5.8,14.7,0.0,1015.4,81.8,1.0,0.12,0,0.0
FL-2121,Delta,ATL,MIA,3,1,7,2480,4.6,16.5,9.3,0.0,1016.8,63.9,1.0,0.12,0,0.0
FL-2122,Delta,JFK,ORD,12,3,5,427,11.3,1.2,10.3,0.3,1010.9,52.4,1.15,0.12,0,0.0
FL-2123,Delta,DEN,LAX,17,1,1,2769,6.2,14.8,10.6,0.1,1011.9,33.6,2.74,0.12,1,49.0
FL-2124,Delta,BOS,ORD,11,1,3,1920,8.9,37.2,9.2,0.4,1000.1,50.3,1.75,0.12,1,68.0
FL-2125,United,SFO,MIA,22,2,3,1815,16.5,4.3,12.8,4.1,1008.6,52.4,1.0,0.18,0,0.0
FL-2126,Alaska,SEA,ORD,20,1,7,2260,6.8,6.7,5.2,0.0,994.1,66.2,2.47,0.14,1,74.0
FL-2127,JetBlue,DEN,MIA,14,5,3,644,33.2,4.0,11.7,0.0,1018.4,49.1,1.03,0.25,0,0.0
FL-2128,American,DEN,BOS,22,5,11,2587,15.9,25.6,9.8,0.0,1014.0,81.0,1.35,0.2,0,0.0
FL-2129,American,LAX,DFW,8,2,5,1547,21.1,2.8,13.0,2.6,1011.9,90.7,2.44,0.2,0,0.0
FL-2130,Alaska,SEA,DEN,3,0,4,1819,21.1,6.4,13.3,0.0,1015.1,67.2,1.0,0.14,0,0.0
FL-2131,Alaska,BOS,SEA,4,6,4,797,19.6,13.8,10.3,1.7,1015.4,40.6,1.0,0.14,0,0.0
FL-2132,American,SEA,MIA,8,0,7,2404,15.6,7.8,8.1,2.6,1010.2,24.6,2.65,0.2,0,0.0
FL-2133,American,SFO,SEA,12,5,1,2903,27.0,1.0,13.1,1.4,1001.8,66.0,1.2,0.2,0,0.0
FL-2134,United,ORD,BOS,9,6,7,1381,29.5,44.3,6.2,0.0,1017.0,57.8,3.02,0.18,1,99.0
FL-2135,Southwest,JFK,SFO,15,2,8,997,-9.8,6.2,6.8,0.0,1005.1,46.5,1.0,0.22,1,64.0
FL-2136,JetBlue,ATL,SFO,12,0,3,2738,-2.2,8.8,9.8,1.3,1015.8,59.9,1.04,0.25,1,57.0
FL-2137,Delta,ORD,ATL,3,6,3,1034,8.5,2.8,8.4,0.7,1023.5,100.0,1.0,0.12,0,0.0
FL-2138,Southwest,JFK,SFO,20,6,4,2232,1.6,30.1,9.4,0.0,1027.2,97.7,3.08,0.22,1,100.0
FL-2139,Alaska,ORD,SEA,12,3,6,556,6.2,5.2,9.1,0.0,1016.0,96.8,1.0,0.14,0,0.0
FL-2140,American,ATL,SFO,20,0,7,2964,9.6,0.3,9.9,0.0,1010.5,56.9,3.62,0.2,1,168.0
FL-2141,Southwest,MIA,ATL,7,2,1,2609,11.9,5.7,14.5,0.0,1009.2,59.7,1.47,0.22,0,0.0
FL-2142,JetBlue,SEA,MIA,12,6,4,207,-2.9,62.1,6.5,1.3,1015.7,82.6,1.0,0.25,1,66.0
FL-2143,Alaska,ORD,MIA,14,5,12,2719,10.0,2.4,8.6,3.4,997.5,66.0,1.08,0.14,0,0.0
FL-2144,Delta,SFO,DEN,19,3,7,2419,32.1,0.5,12.5,0.0,1006.6,75.6,2.54,0.12,0,0.0
FL-2145,Delta,BOS,DFW,19,1,11,2343,12.0,12.9,10.1,0.8,1006.9,42.3,2.55,0.12,0,0.0
FL-2146,JetBlue,DFW,SFO,12,1,2,2921,22.1,7.0,7.1,0.0,1016.3,72.9,1.33,0.25,1,54.0
FL-2147,JetBlue,SFO,LAX,22,1,1,2855,14.2,23.8,9.7,0.0,1012.6,38.0,1.0,0.25,0,0.0
FL-2148,American,ATL,DFW,4,5,1,1529,16.4,19.7,5.5,0.0,1014.2,22.6,1.0,0.2,0,0.0
FL-2149,Delta,BOS,MIA,21,6,10,2721,13.6,3.1,13.1,2.3,1012.0,58.1,1.0,0.12,0,0.0
FL-2150,Alaska,SFO,SEA,21,2,6,2173,23.9,12.5,10.4,5.2,1011.2,82.1,1.0,0.14,1,103.0
FL-2151,Southwest,DEN,JFK,5,1,12,1688,5.1,0.5,15.0,0.0,1015.4,71.8,1.4,0.22,0,0.0
FL-2152,Alaska,SEA,LAX,4,0,5,813,17.1,8.7,6.6,0.0,1018.6,61.8,1.22,0.14,0,0.0
FL-2153,United,BOS,DFW,12,1,1,888,8.1,18.8,8.0,0.0,1021.5,27.0,1.06,0.18,0,0.0
FL-2154,United,DEN,BOS,4,6,10,1097,23.0,8.0,10.5,0.0,1012.8,35.9,1.62,0.18,0,0.0
FL-2155,JetBlue,SFO,MIA,12,4,3,1551,1.7,1.9,14.0,0.0,1021.4,59.9,1.0,0.25,0,0.0
FL-2156,American,JFK,SFO,23,5,11,309,22.8,1.0,8.5,0.0,1025.7,58.8,1.03,0.2,0,0.0
FL-2157,United,LAX,JFK,19,4,7,909,17.5,28.8,7.9,0.0,1008.1,64.0,3.88,0.18,1,103.0
FL-2158,Delta,JFK,DEN,22,1,12,1360,-0.2,33.3,10.2,0.2,1019.3,97.4,1.16,0.12,0,0.0
FL-2159,Alaska,SEA,MIA,7,6,9,848,36.0,6.3,8.0,0.0,1008.4,67.6,1.98,0.14,0,0.0
FL-2160,Alaska,BOS,DEN,8,1,9,2596,21.7,2.7,11.4,0.0,1022.8,89.2,2.82,0.14,0,0.0
FL-2161,JetBlue,BOS,LAX,20,4,6,2203,2.0,57.7,10.2,0.0,1014.5,52.0,3.01,0.25,1,88.0
FL-2162,Southwest,SEA,DFW,18,6,3,2710,16.9,11.8,12.1,0.0,1009.9,24.6,3.04,0.22,0,0.0
FL-2163,JetBlue,DEN,ATL,19,5,1,1866,-4.7,9.7,12.7,0.0,1005.7,84.3,2.55,0.25,1,59.0
FL-2164,Southwest,LAX,BOS,14,5,3,1727,-5.6,20.3,11.1,1.5,1008.4,88.9,1.75,0.22,0,0.0
FL-2165,JetBlue,SFO,JFK,21,1,10,2113,29.4,2.8,13.5,0.0,1011.8,91.3,1.73,0.25,0,0.0
FL-2166,JetBlue,ATL,DEN,9,5,2,445,0.6,13.0,9.0,0.0,1022.0,48.0,2.41,0.25,0,0.0
FL-2167,JetBlue,JFK,ATL,10,3,11,1808,24.4,33.1,5.7,0.0,1010.6,54.5,2.28,0.25,0,0.0
FL-2168,Southwest,JFK,BOS,4,6,5,997,29.0,0.4,6.8,0.0,1009.4,55.0,1.43,0.22,0,0.0
FL-2169,Southwest,DFW,SFO,8,6,8,1273,3.2,16.8,9.7,0.0,1027.2,74.1,1.93,0.22,0,0.0
FL-2170,JetBlue,LAX,DEN,10,5,5,714,40.0,12.0,11.3,0.2,1009.8,48.0,2.08,0.25,0,0.0
FL-2171,United,ATL,BOS,18,6,1,2473,16.1,45.2,11.8,0.0,1003.7,70.9,3.34,0.18,1,99.0
FL-2172,American,JFK,BOS,1,4,3,2825,15.6,4.5,8.1,0.0,1002.1,81.5,1.0,0.2,0,0.0
FL-2173,American,ATL,SEA,5,2,12,705,3.0,29.4,12.6,0.0,1007.1,77.7,1.65,0.2,0,0.0
FL-2174,American,SFO,BOS,22,4,5,354,3.2,5.5,3.0,1.0,1013.0,47.0,1.0,0.2,0,0.0
FL-2175,Southwest,BOS,ATL,20,0,7,2206,-11.3,8.4,8.4,0.0,1013.2,82.3,2.47,0.22,0,0.0
FL-2176,Southwest,ATL,DEN,0,3,5,2097,5.7,3.6,11.5,0.0,1008.1,66.3,1.33,0.22,0,0.0
FL-2177,United,JFK,SFO,2,2,10,1703,29.0,29.9,12.7,0.0,1000.6,54.6,1.0,0.18,0,0.0
FL-2178,American,DEN,DFW,2,1,5,310,2.8,3.3,12.3,0.0,1005.9,83.5,1.36,0.2,0,0.0
FL-2179,American,LAX,DFW,13,6,7,2730,3.8,29.4,12.8,0.0,1002.4,66.2,1.02,0.2,0,0.0
FL-2180,JetBlue,SEA,LAX,19,0,8,2521,-0.4,9.1,10.5,0.0,989.0,90.5,2.54,0.25,0,0.0
FL-2181,Southwest,ORD,DEN,21,0,8,2402,-1.3,27.0,9.6,0.0,994.5,84.0,1.0,0.22,1,73.0
FL-2182,American,MIA,BOS,4,3,7,1874,25.7,4.6,4.4,0.0,1015.4,77.4,1.0,0.2,0,0.0
FL-2183,Alaska,MIA,JFK,16,2,3,1390,0.4,2.1,9.3,0.0,1010.6,64.3,2.26,0.14,0,0.0
FL-2184,United,ORD,MIA,14,0,11,1242,13.4,12.1,6.6,1.5,1017.7,39.3,2.04,0.18,0,0.0
FL-2185,Alaska,ATL,DEN,5,2,2,2592,10.7,10.7,11.8,0.3,1007.6,38.4,1.0,0.14,0,0.0
FL-2186,Alaska,LAX,ATL,13,2,1,2982,26.5,6.6,5.9,2.5,1008.1,100.0,1.12,0.14,0,0.0
FL-2187,United,ATL,JFK,13,5,6,2816,5.0,16.3,9.5,0.0,1006.1,74.6,1.0,0.18,0,0.0
FL-2188,Alaska,SEA,ATL,16,0,9,2121,9.8,1.5,6.4,5.7,1005.9,88.8,2.54,0.14,1,53.0
FL-2189,American,LAX,BOS,7,2,3,493,1.9,14.6,10.0,1.8,1006.9,67.8,2.9,0.2,0,0.0
FL-2190,Southwest,ORD,LAX,7,3,5,2892,7.3,3.6,9.6,0.0,1026.8,63.1,1.93,0.22,0,0.0
FL-2191,United,ATL,ORD,18,0,9,1685,4.2,2.1,4.7,0.0,1012.1,66.7,2.71,0.18,0,0.0
FL-2192,JetBlue,DFW,LAX,8,3,9,537,13.3,36.1,11.0,0.0,1006.7,69.1,2.65,0.25,1,50.0
FL-2193,Alaska,JFK,ORD,10,3,7,2027,34.2,9.2,9.1,4.3,1020.7,65.8,2.28,0.14,0,0.0
FL-2194,United,DEN,SEA,12,2,4,2699,12.6,21.6,10.1,0.0,1012.8,94.4,1.0,0.18,0,0.0
FL-2195,Delta,BOS,ORD,12,2,11,2591,29.1,1.4,8.8,0.0,1021.6,80.6,1.0,0.12,0,0.0
FL-2196,Delta,DEN,MIA,23,5,2,916,26.3,0.9,7.8,2.7,1017.0,72.1,1.42,0.12,0,0.0
FL-2197,Southwest,SEA,MIA,18,6,2,830,14.5,10.2,12.3,2.4,1014.1,80.5,3.67,0.22,1,96.0
FL-2198,American,ATL,ORD,20,5,4,964,26.5,5.7,13.1,0.0,1015.4,82.4,4.01,0.2,1,64.0
FL-2199,Southwest,SFO,LAX,18,0,1,284,17.8,0.1,12.9,2.7,1016.0,71.4,2.86,0.22,0,0.0
FL-2200,Southwest,LAX,SEA,4,5,4,936,-2.1,3.0,5.9,0.0,1002.8,76.0,1.18,0.22,0,0.0
FL-2201,Southwest,ATL,ORD,15,1,12,2907,14.5,3.7,14.2,0.3,1013.9,78.4,1.53,0.22,0,0.0
FL-2202,Southwest,LAX,MIA,8,0,11,1612,17.5,5.1,11.7,0.0,1015.2,77.6,2.55,0.22,0,0.0
FL-2203,JetBlue,BOS,JFK,19,3,6,426,36.2,31.5,13.7,0.0,1016.3,64.8,3.51,0.25,1,89.0
FL-2204,JetBlue,DFW,DEN,21,5,6,1507,3.8,8.2,13.7,0.0,1009.1,79.7,1.24,0.25,0,0.0
FL-2205,United,DEN,BOS,2,5,7,308,20.5,17.1,11.0,1.5,1022.7,46.0,1.34,0.18,0,0.0
FL-2206,Delta,JFK,ATL,18,6,5,334,0.2,0.3,7.6,1.0,1014.8,67.9,2.57,0.12,0,0.0
FL-2207,Southwest,BOS,DEN,4,5,9,1137,33.5,25.2,7.7,0.0,1009.7,65.1,1.0,0.22,0,0.0
FL-2208,United,BOS,SFO,7,2,2,490,29.7,4.1,8.0,0.0,1016.2,78.6,2.85,0.18,0,0.0
FL-2209,Delta,DEN,SEA,13,3,2,2025,0.6,5.5,9.5,0.0,1021.3,52.6,1.0,0.12,0,0.0
FL-2210,Alaska,BOS,ORD,23,5,4,1936,35.9,0.7,7.0,0.0,1007.2,55.3,1.0,0.14,0,0.0
FL-2211,American,SFO,ORD,2,4,4,1852,27.9,7.9,4.9,2.0,1006.1,50.1,1.0,0.2,0,0.0
FL-2212,JetBlue,SFO,ATL,23,4,4,2067,30.2,28.7,4.9,0.0,1019.5,76.7,1.67,0.25,0,0.0
FL-2213,Alaska,MIA,ORD,12,3,1,2641,33.8,7.1,9.9,0.0,1020.7,34.4,1.0,0.14,0,0.0
FL-2214,Delta,MIA,BOS,10,5,4,226,28.5,35.9,9.2,2.7,1012.1,48.6,1.38,0.12,0,0.0
FL-2215,Alaska,SFO,ATL,7,6,12,2260,11.0,30.3,11.5,0.0,1011.5,28.9,3.49,0.14,0,0.0
FL-2216,American,ORD,DEN,18,1,5,753,33.0,1.0,9.5,0.0,1020.1,52.6,2.93,0.2,1,167.0
FL-2217,Delta,DFW,SEA,9,6,9,1132,4.3,5.5,13.5,0.0,1006.6,65.6,2.77,0.12,0,0.0
FL-2218,Alaska,LAX,SEA,17,1,3,2692,5.7,36.2,8.2,2.1,993.9,86.7,4.46,0.14,1,68.0
FL-2219,JetBlue,DFW,SFO,17,0,3,2471,9.5,0.5,11.0,0.0,1013.9,89.0,2.73,0.25,1,78.0
FL-2220,JetBlue,SEA,DFW,6,0,5,2268,19.0,21.8,11.7,0.0,1013.9,39.9,1.02,0.25,0,0.0
FL-2221,United,BOS,SFO,15,6,10,1871,4.0,35.5,10.2,0.0,1020.5,58.2,1.0,0.18,1,89.0
FL-2222,Alaska,JFK,MIA,5,5,6,1549,0.6,22.1,13.0,2.8,1019.4,72.6,1.61,0.14,0,0.0
FL-2223,Southwest,BOS,DEN,15,6,3,1956,4.0,20.4,11.6,3.9,1026.3,59.2,1.0,0.22,0,0.0
FL-2224,Alaska,DFW,ATL,15,0,1,666,10.6,27.8,12.4,0.0,1015.1,50.1,1.68,0.14,0,0.0
FL-2225,Delta,SFO,DEN,22,2,10,1448,15.8,16.4,8.1,3.2,1030.7,33.4,1.46,0.12,0,0.0
FL-2226,Delta,DEN,MIA,23,1,8,2900,5.9,8.3,9.3,0.0,1022.4,45.0,1.0,0.12,0,0.0
FL-2227,Alaska,SEA,DFW,0,3,12,1698,0.5,1.0,3.4,0.0,1013.9,88.0,1.0,0.14,0,0.0
FL-2228,American,SFO,DFW,23,6,1,817,19.7,23.3,9.8,0.0,1021.6,85.4,1.88,0.2,0,0.0
FL-2229,JetBlue,DFW,LAX,18,5,2,657,36.7,35.3,5.9,2.6,1005.9,100.0,1.97,0.25,1,58.0
FL-2230,Delta,DEN,MIA,2,5,3,2887,10.0,10.7,15.0,0.0,1010.8,81.0,1.02,0.12,0,0.0
FL-2231,JetBlue,JFK,DEN,5,4,6,1436,25.7,11.4,10.9,0.7,1011.8,47.4,1.0,0.25,0,0.0
FL-2232,Delta,DFW,JFK,3,1,4,2910,15.0,7.7,8.8,0.0,1011.5,73.5,1.0,0.12,0,0.0
FL-2233,United,LAX,DFW,3,1,4,1160,22.6,29.2,12.3,2.7,1019.8,75.0,1.0,0.18,0,0.0
FL-2234,Southwest,ATL,ORD,3,1,9,1704,24.8,0.2,5.8,0.0,1021.8,76.9,1.0,0.22,0,0.0
FL-2235,Delta,DEN,ORD,9,6,6,379,15.1,14.7,8.5,2.5,1019.3,62.1,1.54,0.12,0,0.0
FL-2236,JetBlue,DFW,MIA,8,0,12,2785,3.2,35.7,9.0,0.0,1008.0,59.9,2.63,0.25,1,68.0
FL-2237,United,SFO,ATL,7,2,2,2774,0.2,1.6,11.9,0.0,1018.4,73.7,2.67,0.18,0,0.0
FL-2238,Delta,LAX,SEA,18,6,7,2269,28.8,48.0,7.1,0.0,1022.7,49.8,3.76,0.12,1,95.0
FL-2239,American,ORD,BOS,16,3,3,1568,22.6,51.5,7.9,0.0,1018.8,84.7,3.7,0.2,1,63.0
FL-2240,Southwest,DEN,ORD,16,0,9,2824,26.8,39.8,10.3,0.7,1001.7,45.6,2.98,0.22,1,49.0
FL-2241,Delta,LAX,SFO,0,6,6,962,23.1,9.3,11.9,0.0,1005.3,43.7,1.48,0.12,0,0.0
FL-2242,United,SFO,ATL,19,2,8,1121,27.9,7.2,10.6,0.0,1017.5,57.8,3.56,0.18,1,72.0
FL-2243,American,DFW,DEN,13,1,1,944,17.7,18.4,7.3,0.0,1022.3,75.0,1.06,0.2,0,0.0
FL-2244,Alaska,BOS,ATL,21,2,2,1631,-3.2,5.8,10.3,3.3,1005.2,83.2,1.0,0.14,1,69.0
FL-2245,United,JFK,SEA,19,0,6,1710,18.4,1.1,7.9,0.0,1013.0,73.2,3.77,0.18,1,86.0
FL-2246,United,BOS,ORD,10,6,3,1639,36.5,34.8,7.2,0.0,1013.4,54.0,2.59,0.18,0,0.0
FL-2247,American,ATL,SFO,2,1,1,1495,19.2,15.1,11.2,1.1,1004.9,62.2,1.0,0.2,0,0.0
FL-2248,United,LAX,JFK,23,6,6,2919,0.2,3.5,11.6,9.9,1015.3,57.0,1.18,0.18,0,0.0
FL-2249,American,ATL,DEN,7,0,5,836,23.8,0.3,10.0,0.6,1016.2,84.1,2.12,0.2,0,0.0
FL-2250,Delta,JFK,SFO,21,3,9,1223,41.0,19.3,11.5,0.0,1014.4,68.8,2.18,0.12,0,0.0
FL-2251,American,LAX,SEA,9,1,6,351,8.3,28.7,12.3,0.0,1021.0,90.1,2.06,0.2,0,0.0
FL-2252,American,MIA,BOS,16,2,5,212,18.9,7.8,2.7,7.0,1012.7,78.8,2.79,0.2,1,192.0
FL-2253,Southwest,SFO,SEA,7,0,1,914,20.7,1.3,11.2,0.1,1018.7,60.1,3.0,0.22,0,0.0
FL-2254,American,LAX,SEA,21,4,1,448,17.4,15.7,14.6,5.8,1016.4,62.7,2.48,0.2,1,62.0
FL-2255,American,SFO,ORD,0,2,11,1344,24.6,5.3,9.1,0.0,1018.3,66.5,1.0,0.2,0,0.0
FL-2256,Alaska,BOS,ATL,19,2,1,586,10.1,2.3,14.6,4.8,1009.3,63.9,2.51,0.14,0,0.0
FL-2257,Delta,SEA,ATL,20,1,7,638,22.5,10.7,10.9,0.2,1017.3,78.7,2.52,0.12,0,0.0
FL-2258,Southwest,DEN,DFW,6,6,6,2547,29.0,9.9,10.2,3.7,1022.3,72.6,1.0,0.22,0,0.0
FL-2259,Alaska,SEA,BOS,23,5,5,920,12.2,10.9,10.8,0.0,1020.5,55.1,1.09,0.14,0,0.0
FL-2260,JetBlue,DFW,BOS,8,2,4,672,24.7,26.1,5.4,0.0,1022.8,100.0,2.68,0.25,0,0.0
FL-2261,Delta,DEN,JFK,11,0,11,1206,10.5,9.9,15.0,0.0,1014.5,68.8,1.0,0.12,0,0.0
FL-2262,Delta,DEN,SEA,21,4,11,832,-1.5,34.6,8.5,0.3,1025.8,47.6,1.0,0.12,0,0.0
FL-2263,JetBlue,ORD,JFK,8,3,8,2668,-1.6,27.7,6.4,0.0,1010.7,76.1,2.33,0.25,0,0.0
FL-2264,American,DEN,LAX,19,4,11,223,20.5,15.8,8.4,0.1,1011.0,46.0,2.65,0.2,1,63.0
FL-2265,Alaska,JFK,MIA,23,0,8,737,-7.5,0.9,10.1,0.0,1027.0,70.7,1.31,0.14,0,0.0
FL-2266,United,SEA,MIA,2,1,5,2885,16.1,30.0,13.4,0.0,1016.7,64.0,1.0,0.18,0,0.0
FL-2267,Southwest,BOS,JFK,3,0,4,2180,5.5,35.4,9.8,0.0,1020.3,66.1,1.74,0.22,1,117.0
FL-2268,United,SFO,ORD,9,5,2,2010,-11.3,7.1,9.0,9.3,999.3,49.8,1.65,0.18,1,53.0
FL-2269,JetBlue,DFW,MIA,3,5,7,739,23.2,11.2,9.1,1.1,1015.9,62.8,1.0,0.25,0,0.0
FL-2270,Delta,DEN,BOS,21,5,5,1926,-1.8,4.9,5.9,0.0,1015.2,63.1,1.0,0.12,0,0.0
FL-2271,Delta,DFW,SEA,8,2,3,620,42.7,0.2,8.4,0.0,1017.6,64.8,2.79,0.12,0,0.0
FL-2272,Southwest,BOS,MIA,21,1,9,683,34.6,9.8,8.2,0.0,1017.5,98.3,1.0,0.22,0,0.0
FL-2273,Delta,DFW,BOS,0,6,9,1228,14.2,2.1,10.8,0.0,1010.3,55.0,1.0,0.12,1,90.0
FL-2274,Delta,BOS,ORD,4,5,11,2404,-9.1,3.0,4.8,0.0,1032.6,68.9,1.0,0.12,0,0.0
FL-2275,Southwest,DEN,SEA,8,6,11,251,18.6,9.8,8.7,0.0,1006.7,41.4,3.04,0.22,0,0.0
FL-2276,Alaska,BOS,JFK,4,3,10,442,37.0,30.3,13.9,4.4,1011.1,27.7,1.53,0.14,0,0.0
FL-2277,Alaska,DEN,SEA,5,3,11,1886,27.7,27.9,11.3,0.0,1020.5,59.2,1.19,0.14,0,0.0
FL-2278,Southwest,ORD,MIA,18,6,8,2667,28.5,50.3,12.8,0.8,1005.0,90.5,2.79,0.22,1,89.0
FL-2279,JetBlue,ORD,SEA,7,0,1,2040,33.5,9.9,8.8,0.0,1012.6,42.3,2.6,0.25,0,0.0
FL-2280,Delta,BOS,JFK,9,5,12,624,-0.0,12.0,15.0,0.0,1019.3,78.0,2.64,0.12,0,0.0
FL-2281,Delta,ORD,DEN,10,2,3,2327,28.0,25.9,12.4,3.9,1009.4,86.3,2.38,0.12,0,0.0
FL-2282,JetBlue,SFO,MIA,12,3,2,894,38.3,18.0,10.2,0.0,1007.7,90.7,2.21,0.25,0,0.0
FL-2283,Alaska,SFO,DFW,19,4,4,553,7.6,3.0,11.9,0.0,1016.6,77.0,2.65,0.14,0,0.0
FL-2284,American,ORD,SFO,3,1,2,1889,10.2,7.6,6.3,0.0,1014.4,50.6,1.0,0.2,0,0.0
FL-2285,American,ORD,MIA,10,4,12,492,33.6,39.7,6.2,0.6,1008.2,43.1,2.28,0.2,1,72.0
FL-2286,American,MIA,ORD,11,6,11,916,31.7,2.4,12.4,0.0,1014.3,31.1,1.9,0.2,0,0.0
FL-2287,Alaska,MIA,SFO,4,3,8,728,4.6,3.5,13.4,0.0,1013.0,98.6,1.0,0.14,0,0.0
FL-2288,Alaska,DEN,MIA,9,3,1,679,-0.5,7.7,7.2,0.5,1021.0,80.6,2.97,0.14,0,0.0
FL-2289,JetBlue,BOS,JFK,23,0,4,676,13.6,42.2,12.6,0.0,1005.4,76.5,1.0,0.25,1,87.0
FL-2290,Delta,ATL,LAX,6,0,5,224,-2.7,1.8,11.6,0.0,1006.4,22.1,1.06,0.12,0,0.0
FL-2291,JetBlue,ATL,DFW,20,5,10,2678,4.7,16.8,7.6,0.0,1011.2,76.3,4.03,0.25,1,118.0
FL-2292,JetBlue,ORD,SEA,8,6,4,2564,6.8,2.1,7.0,1.8,1011.0,68.6,1.76,0.25,0,0.0
FL-2293,Alaska,DFW,DEN,8,1,8,837,28.5,11.2,7.8,1.0,1020.7,70.9,2.04,0.14,0,0.0
FL-2294,American,ORD,JFK,9,5,2,2605,31.7,11.5,8.5,0.8,1014.3,57.5,3.71,0.2,0,0.0
FL-2295,United,MIA,DFW,9,0,9,1499,28.5,0.7,8.8,4.9,1018.3,67.9,3.05,0.18,0,0.0
FL-2296,Delta,DEN,MIA,1,2,2,889,5.1,46.2,5.2,0.0,1024.6,46.1,1.0,0.12,1,55.0
FL-2297,Alaska,ORD,DEN,3,1,2,543,14.0,24.6,8.5,0.0,1006.6,66.4,1.0,0.14,1,101.0
FL-2298,American,SEA,BOS,7,2,2,1654,9.6,5.4,11.0,1.0,1024.6,42.1,2.32,0.2,0,0.0
FL-2299,United,DFW,SEA,13,5,12,2806,17.6,2.1,12.0,0.9,1013.3,83.4,1.36,0.18,0,0.0
FL-2300,United,SEA,ATL,16,0,10,911,24.0,6.4,8.2,2.1,994.6,80.2,3.33,0.18,1,72.0
FL-2301,Alaska,DEN,DFW,12,1,8,2810,9.3,33.7,14.5,3.8,1014.9,78.1,1.14,0.14,0,0.0
FL-2302,Southwest,DEN,MIA,20,5,3,638,2.8,2.1,10.1,0.0,1002.0,37.9,2.35,0.22,0,0.0
FL-2303,Delta,SFO,SEA,23,3,10,1654,33.9,6.4,15.0,0.0,1002.5,66.6,1.71,0.12,0,0.0
FL-2304,United,LAX,SFO,17,5,11,342,27.9,10.2,7.8,0.0,1005.1,78.0,3.39,0.18,1,61.0
FL-2305,Alaska,SEA,BOS,17,6,10,1983,19.1,0.5,11.1,0.0,1012.4,78.7,2.77,0.14,0,0.0
FL-2306,Alaska,SFO,ATL,12,4,8,1067,2.2,4.7,9.7,0.0,1003.0,96.9,2.29,0.14,0,0.0
FL-2307,American,MIA,ATL,7,3,7,2600,25.4,13.6,8.0,0.0,1023.2,47.7,2.36,0.2,0,0.0
FL-2308,Southwest,JFK,SEA,11,2,10,1688,13.0,5.9,12.6,0.0,1022.0,59.5,1.42,0.22,0,0.0
FL-2309,Delta,DFW,JFK,22,3,4,667,-11.6,30.7,12.3,0.0,1033.8,72.8,2.19,0.12,0,0.0
FL-2310,JetBlue,JFK,SEA,23,5,7,1687,8.7,41.4,9.2,0.0,1012.4,68.0,1.0,0.25,1,87.0
FL-2311,American,BOS,DFW,20,3,11,1076,20.5,8.7,11.0,1.5,1009.2,80.4,2.71,0.2,0,0.0
FL-2312,United,MIA,JFK,0,4,8,1617,12.4,11.4,10.8,0.0,1014.8,31.7,1.38,0.18,0,0.0
FL-2313,United,MIA,ATL,19,6,6,1118,21.1,14.9,9.2,1.1,1019.9,59.1,3.06,0.18,0,0.0
FL-2314,American,JFK,ORD,17,5,6,2009,20.6,16.4,7.7,0.0,1023.4,59.2,3.66,0.2,1,109.0
FL-2315,Alaska,SEA,ATL,2,4,3,1976,1.9,1.0,10.0,1.8,1008.2,79.1,1.41,0.14,0,0.0
FL-2316,United,LAX,SEA,11,3,5,1281,23.2,0.8,9.4,0.0,1021.1,86.6,1.51,0.18,0,0.0
FL-2317,Southwest,SEA,DFW,18,4,10,1349,24.3,30.1,6.8,0.0,1021.0,70.8,2.57,0.22,1,66.0
FL-2318,Delta,JFK,LAX,12,3,2,1040,14.6,3.7,12.0,0.6,1036.7,100.0,1.48,0.12,0,0.0
FL-2319,Southwest,BOS,DEN,9,1,12,2299,15.2,13.2,10.1,0.0,1024.3,63.9,1.91,0.22,0,0.0
FL-2320,United,SEA,JFK,14,3,5,1211,15.1,14.7,9.6,3.8,1028.0,53.9,1.33,0.18,0,0.0
FL-2321,JetBlue,ATL,BOS,19,0,5,1013,33.2,2.7,5.5,0.0,1028.9,94.3,3.33,0.25,1,98.0
FL-2322,Delta,SEA,ORD,1,4,7,2516,19.6,21.5,11.0,0.0,1007.7,61.9,1.0,0.12,0,0.0
FL-2323,Delta,DEN,ORD,18,6,4,2343,16.5,30.1,5.5,0.0,1006.9,51.6,3.58,0.12,1,72.0
FL-2324,American,SFO,DEN,2,4,11,472,20.6,5.0,10.4,0.0,1021.0,83.2,1.0,0.2,0,0.0
FL-2325,American,DFW,DEN,13,2,6,1916,20.4,31.5,12.6,0.0,1010.2,52.1,1.0,0.2,0,0.0
FL-2326,JetBlue,SEA,SFO,6,6,9,2380,13.8,1.3,15.0,0.5,1019.3,74.9,1.0,0.25,0,0.0
FL-2327,Alaska,LAX,JFK,7,6,4,2336,-1.0,24.2,10.2,3.2,1012.4,89.7,1.8,0.14,0,0.0
FL-2328,Delta,LAX,SFO,10,2,11,2932,16.3,15.3,15.0,0.4,1016.3,65.1,3.33,0.12,0,0.0
FL-2329,JetBlue,SEA,SFO,21,0,6,204,22.1,13.1,12.2,4.6,1015.7,88.5,1.39,0.25,1,57.0
FL-2330,American,ORD,SEA,19,4,12,556,18.5,3.9,11.4,0.0,1018.8,72.5,4.05,0.2,1,81.0
FL-2331,American,MIA,JFK,5,6,9,1566,9.0,6.7,13.3,0.0,1003.6,37.4,1.0,0.2,0,0.0
FL-2332,Delta,SEA,DFW,10,4,10,403,12.7,36.2,14.0,0.1,1002.8,82.1,2.33,0.12,1,56.0
FL-2333,Southwest,MIA,ORD,16,6,12,1796,26.9,9.4,12.5,0.0,1012.3,93.0,3.49,0.22,0,0.0
FL-2334,United,ATL,LAX,9,2,1,2718,-5.2,13.5,9.6,1.9,1014.0,74.3,3.04,0.18,0,0.0
FL-2335,American,JFK,SEA,23,2,8,2711,6.1,41.2,8.4,0.0,1026.4,59.2,1.64,0.2,1,55.0
FL-2336,Alaska,ATL,MIA,16,3,1,696,16.6,9.4,6.1,0.0,1016.5,70.6,3.56,0.14,0,0.0
FL-2337,Alaska,SEA,DEN,20,5,4,901,27.5,7.4,10.5,0.0,1015.0,55.8,3.91,0.14,1,57.0
FL-2338,American,LAX,SFO,1,4,3,1036,36.8,33.6,13.5,0.0,1011.0,90.8,1.41,0.2,0,0.0
FL-2339,Southwest,ORD,BOS,5,4,4,262,25.7,36.3,7.1,0.0,1017.2,70.1,1.29,0.22,1,88.0
FL-2340,Southwest,BOS,DFW,4,6,7,1779,7.9,6.6,6.8,0.0,1011.2,71.9,1.81,0.22,0,0.0
FL-2341,JetBlue,MIA,LAX,3,3,9,438,-6.1,13.4,15.0,0.0,1003.5,62.8,1.0,0.25,0,0.0
FL-2342,Alaska,SFO,ORD,1,4,9,739,37.4,49.8,9.2,0.0,1021.6,85.0,1.41,0.14,1,63.0
FL-2343,JetBlue,MIA,ATL,11,6,10,397,4.9,0.9,4.8,0.0,1009.0,49.2,1.0,0.25,0,0.0
FL-2344,Alaska,DEN,DFW,2,0,1,980,16.8,0.6,5.6,0.0,1009.6,100.0,1.16,0.14,0,0.0
FL-2345,United,DFW,ORD,5,2,10,229,13.6,10.9,11.3,1.1,1001.6,66.4,1.23,0.18,0,0.0
FL-2346,United,SEA,DEN,23,2,1,2913,14.2,5.2,8.6,1.0,1016.1,69.7,1.0,0.18,0,0.0
FL-2347,Delta,ATL,SFO,13,5,9,1432,1.0,13.1,11.4,3.8,1026.7,48.7,1.0,0.12,0,0.0
FL-2348,JetBlue,SFO,DFW,7,2,4,1286,36.6,19.3,9.3,0.0,999.3,95.6,2.6,0.25,0,0.0
FL-2349,American,LAX,DEN,20,1,12,1280,4.5,1.1,10.6,0.0,1000.1,73.9,3.12,0.2,1,68.0
FL-2350,JetBlue,LAX,MIA,20,0,3,2055,16.9,32.1,15.0,0.4,1016.2,79.8,3.4,0.25,1,60.0
FL-2351,American,LAX,SEA,13,0,9,1798,9.7,4.9,9.4,0.0,1015.1,55.6,1.23,0.2,0,0.0
FL-2352,Southwest,BOS,SEA,2,3,5,1828,22.4,7.2,13.5,0.0,1009.2,90.0,1.13,0.22,0,0.0
FL-2353,JetBlue,DEN,ATL,15,1,12,2847,12.5,6.2,10.3,0.0,1008.6,54.6,1.01,0.25,0,0.0
FL-2354,Southwest,LAX,SFO,14,4,6,1217,11.2,27.5,6.5,4.8,1015.3,82.0,1.0,0.22,0,0.0
FL-2355,United,LAX,SFO,6,5,1,2867,28.0,2.8,15.0,0.0,997.8,58.7,1.16,0.18,0,0.0
FL-2356,United,SEA,MIA,14,0,1,1269,11.1,0.4,15.0,0.0,1002.6,44.0,1.0,0.18,0,0.0
FL-2357,Delta,DEN,BOS,12,1,7,2324,31.9,53.5,9.5,1.5,1004.9,56.7,1.0,0.12,1,58.0
FL-2358,JetBlue,ORD,MIA,5,1,10,2976,0.2,59.2,10.5,0.0,1009.9,44.8,1.0,0.25,1,93.0
FL-2359,Southwest,ORD,SFO,14,6,8,1392,12.0,4.5,13.7,6.2,1010.1,64.4,1.0,0.22,1,96.0
FL-2360,American,DEN,ORD,16,0,11,1013,4.7,0.1,9.4,0.0,992.2,93.8,3.36,0.2,1,64.0
FL-2361,United,DFW,JFK,3,6,8,1352,15.4,15.6,12.9,3.8,1002.6,97.7,1.0,0.18,0,0.0
FL-2362,United,BOS,SEA,21,3,7,1936,-1.5,15.7,7.6,1.8,1017.6,100.0,1.0,0.18,0,0.0
FL-2363,American,SFO,DFW,21,1,11,2955,22.4,42.3,15.0,0.0,1017.1,61.0,1.09,0.2,1,69.0
FL-2364,Southwest,MIA,BOS,13,2,9,2083,23.6,5.3,11.1,0.0,1019.9,63.7,1.0,0.22,0,0.0
FL-2365,Southwest,SEA,ATL,14,1,1,467,33.1,3.2,12.3,0.0,1017.2,70.1,1.05,0.22,0,0.0
FL-2366,JetBlue,JFK,SFO,11,4,2,1973,25.2,14.4,14.1,0.8,1012.2,35.7,1.0,0.25,0,0.0
FL-2367,JetBlue,ORD,DFW,18,0,3,784,25.0,12.4,12.5,0.0,1005.2,55.0,3.43,0.25,1,53.0
FL-2368,Alaska,DEN,LAX,21,4,12,2666,23.2,19.0,9.8,1.3,1005.1,54.5,1.36,0.14,0,0.0
FL-2369,Alaska,SFO,JFK,9,3,5,2090,12.4,32.5,15.0,1.7,1006.2,49.3,2.08,0.14,0,0.0
FL-2370,Delta,DEN,SEA,5,5,4,1384,34.4,12.3,12.5,0.0,1019.6,59.0,1.0,0.12,0,0.0
FL-2371,United,MIA,ATL,8,2,4,1281,21.7,2.4,9.5,0.2,1017.2,39.6,1.9,0.18,0,0.0
FL-2372,JetBlue,SFO,DFW,1,0,8,583,44.7,13.7,5.5,0.0,1005.3,66.8,1.0,0.25,0,0.0
FL-2373,Southwest,ORD,DEN,3,1,8,2757,36.0,7.0,10.0,2.1,1016.0,36.6,1.08,0.22,0,0.0
FL-2374,American,LAX,SEA,8,2,11,629,19.2,9.0,8.4,0.0,1018.0,54.4,2.91,0.2,0,0.0
FL-2375,Southwest,DEN,SEA,14,1,7,2825,19.7,48.1,10.1,0.0,1017.1,34.8,1.0,0.22,1,71.0
FL-2376,United,JFK,MIA,12,3,1,1249,25.0,12.1,8.1,2.3,1020.2,85.7,1.0,0.18,0,0.0
FL-2377,Alaska,ORD,DFW,19,5,10,2033,34.0,2.4,11.2,0.1,1013.4,100.0,3.37,0.14,1,74.0
FL-2378,Southwest,ATL,DEN,7,0,4,2836,-3.4,8.8,8.7,0.3,1010.9,55.4,2.72,0.22,0,0.0
FL-2379,Delta,JFK,DFW,18,3,1,997,30.7,3.9,14.3,0.0,1013.6,49.6,2.28,0.12,1,88.0
FL-2380,United,DFW,MIA,18,3,11,571,19.5,2.2,11.8,0.8,1021.1,76.9,2.9,0.18,0,0.0
FL-2381,Alaska,BOS,JFK,15,5,5,1259,28.0,18.7,8.6,0.0,1019.1,53.9,1.0,0.14,0,0.0
FL-2382,American,ORD,SFO,10,3,3,2013,6.4,14.9,10.0,0.0,1013.8,43.3,2.27,0.2,0,0.0
FL-2383,Alaska,LAX,DFW,9,3,3,2048,5.8,10.3,11.5,0.9,1022.2,33.9,2.24,0.14,0,0.0
FL-2384,Delta,ORD,MIA,7,1,4,1490,19.1,8.3,5.5,1.1,1027.9,42.6,2.78,0.12,0,0.0
FL-2385,United,MIA,BOS,0,6,2,2387,26.7,5.8,11.4,0.0,1033.5,86.2,1.0,0.18,0,0.0
FL-2386,American,SFO,DFW,9,4,7,266,0.2,1.4,4.9,1.1,1033.4,87.1,3.07,0.2,0,0.0
FL-2387,Delta,DEN,ATL,17,1,12,1214,10.2,5.3,14.6,0.0,1038.7,55.9,2.98,0.12,0,0.0
FL-2388,Alaska,SFO,BOS,2,5,4,1753,0.6,27.3,8.9,0.0,1023.8,73.3,1.0,0.14,0,0.0
FL-2389,Delta,SFO,DFW,10,2,5,1592,20.0,23.0,13.1,0.0,991.6,88.3,3.37,0.12,1,48.0
FL-2390,United,ORD,BOS,17,5,12,2508,38.9,53.8,6.6,0.0,1014.7,41.7,3.44,0.18,1,95.0
FL-2391,JetBlue,MIA,SEA,2,5,2,2874,11.0,16.0,11.7,0.2,1001.3,69.3,1.0,0.25,0,0.0
FL-2392,Delta,DEN,ATL,7,5,6,1901,24.4,12.1,6.5,1.9,1026.4,33.3,2.62,0.12,0,0.0
FL-2393,Delta,DEN,MIA,13,5,9,778,16.5,5.3,9.1,0.4,1010.5,61.2,1.0,0.12,0,0.0
FL-2394,Alaska,SFO,DFW,5,3,8,1805,19.4,1.2,12.9,3.6,1016.6,79.0,1.04,0.14,0,0.0
FL-2395,Alaska,DFW,ATL,14,5,8,1426,7.8,14.4,11.9,0.0,1011.8,90.2,1.0,0.14,0,0.0
FL-2396,American,BOS,DFW,13,2,2,2886,22.9,10.0,11.7,0.1,1027.4,76.6,1.0,0.2,0,0.0
FL-2397,Alaska,MIA,DFW,6,5,4,2158,12.6,21.3,8.9,0.0,1003.5,24.5,1.17,0.14,0,0.0
FL-2398,Southwest,DFW,BOS,9,1,8,2178,36.5,8.0,6.9,0.0,1018.7,45.1,2.39,0.22,0,0.0
FL-2399,United,SEA,BOS,14,3,11,609,8.9,63.6,12.3,0.0,1004.7,60.5,1.0,0.18,1,50.0
FL-2400,United,SEA,SFO,9,1,1,1911,26.7,7.6,7.2,0.0,995.9,69.7,3.39,0.18,1,56.0
FL-2401,JetBlue,JFK,DFW,21,3,8,2360,38.7,6.1,8.1,0.4,1014.5,68.3,1.0,0.25,0,0.0
FL-2402,JetBlue,SFO,LAX,16,1,3,2870,29.3,30.7,14.3,0.0,1003.2,52.4,2.58,0.25,0,0.0
FL-2403,United,DEN,ORD,18,0,8,1039,4.2,7.6,11.7,0.0,1001.0,83.1,2.91,0.18,1,45.0
FL-2404,JetBlue,ORD,LAX,16,4,6,388,3.0,30.7,5.9,0.0,1000.4,66.2,3.01,0.25,0,0.0
FL-2405,American,DEN,DFW,11,4,7,476,20.4,0.4,10.0,1.2,1009.9,44.7,1.3,0.2,0,0.0
FL-2406,Alaska,DEN,SFO,14,3,2,1960,15.7,17.7,9.5,0.0,1020.5,54.4,1.09,0.14,0,0.0
FL-2407,United,LAX,SFO,11,0,1,2350,21.2,1.1,8.9,0.0,1001.3,100.0,1.0,0.18,0,0.0
FL-2408,JetBlue,DEN,LAX,8,2,6,2354,29.3,2.4,9.0,0.0,1021.7,88.5,2.62,0.25,0,0.0
FL-2409,United,JFK,SFO,4,0,12,2139,16.0,18.1,13.9,0.0,1008.7,81.7,2.1,0.18,0,0.0
FL-2410,Southwest,DFW,BOS,3,6,3,2177,7.5,5.1,15.0,0.6,1004.5,70.7,1.0,0.22,0,0.0
FL-2411,Delta,SEA,ATL,11,3,4,2420,17.5,3.5,9.9,0.0,1022.7,47.2,1.0,0.12,0,0.0
FL-2412,Alaska,DEN,LAX,15,0,9,1198,33.2,24.3,10.5,1.8,1020.7,63.6,1.65,0.14,0,0.0
FL-2413,United,DEN,ORD,8,2,3,921,15.4,43.9,5.9,0.0,1019.5,53.2,2.14,0.18,0,0.0
FL-2414,Delta,LAX,ATL,2,3,2,1414,40.8,4.0,15.0,0.0,1014.9,62.9,1.0,0.12,0,0.0
FL-2415,JetBlue,MIA,BOS,20,4,2,1893,25.6,5.7,8.0,2.4,1004.4,48.4,3.25,0.25,1,97.0
FL-2416,Delta,ORD,DFW,2,5,2,2472,24.5,18.8,8.7,5.3,1022.9,74.9,1.0,0.12,0,0.0
FL-2417,Alaska,MIA,JFK,17,0,6,1907,8.5,25.3,12.4,0.0,1013.2,51.2,3.51,0.14,0,0.0
FL-2418,United,ORD,JFK,16,4,2,2381,13.5,70.0,10.8,0.3,1014.1,53.0,2.72,0.18,1,62.0
FL-2419,Southwest,BOS,DEN,9,4,11,1260,21.3,4.8,11.6,0.2,1016.1,73.0,2.22,0.22,0,0.0
FL-2420,JetBlue,DEN,MIA,1,1,7,2340,14.6,12.2,12.0,0.0,1020.9,100.0,1.78,0.25,0,0.0
FL-2421,United,LAX,ORD,23,2,7,2322,30.1,2.2,10.0,0.0,1000.0,46.1,1.0,0.18,0,0.0
FL-2422,Alaska,ATL,BOS,10,6,7,2430,17.6,6.0,12.6,0.0,1012.7,52.7,1.89,0.14,0,0.0
FL-2423,JetBlue,SFO,BOS,23,5,2,916,7.9,0.7,4.9,1.5,1009.4,66.0,2.21,0.25,0,0.0
FL-2424,American,SEA,DFW,2,0,7,658,19.2,3.6,14.9,0.0,1024.9,56.4,1.02,0.2,0,0.0
FL-2425,Delta,DFW,ORD,22,4,10,1901,11.1,10.6,9.5,0.0,1026.9,25.4,1.0,0.12,0,0.0
FL-2426,Alaska,SEA,ORD,22,4,8,826,23.7,2.7,12.6,0.0,1015.3,94.0,1.0,0.14,0,0.0
FL-2427,American,DFW,ORD,1,6,8,2656,9.3,33.0,11.5,0.0,1002.5,46.0,1.14,0.2,0,0.0
FL-2428,United,BOS,SFO,8,2,2,406,37.8,18.6,4.0,0.0,1008.3,70.8,2.62,0.18,0,0.0
FL-2429,Southwest,MIA,ATL,18,5,5,1556,-2.3,0.4,10.7,0.5,992.8,78.5,3.97,0.22,0,0.0
FL-2430,JetBlue,JFK,SEA,1,5,6,872,11.7,31.4,3.7,0.0,1021.1,45.2,1.0,0.25,0,0.0
FL-2431,Delta,DEN,DFW,18,6,9,2177,17.9,56.8,11.5,0.2,1008.4,70.1,3.48,0.12,1,94.0
FL-2432,JetBlue,ATL,JFK,1,4,6,2139,9.9,10.5,10.7,4.3,1022.7,76.7,2.48,0.25,0,0.0
FL-2433,United,DFW,BOS,14,4,10,2995,-11.3,5.7,6.2,0.0,1008.5,28.3,1.24,0.18,0,0.0
FL-2434,JetBlue,SFO,JFK,23,4,6,472,39.0,4.6,10.6,0.9,1011.4,61.7,1.13,0.25,0,0.0
FL-2435,Delta,DFW,DEN,20,4,10,2626,25.0,1.4,8.6,0.0,1010.0,72.3,3.16,0.12,0,0.0
FL-2436,United,JFK,LAX,2,1,10,2873,1.2,10.1,9.5,0.1,1000.2,82.4,1.17,0.18,0,0.0
FL-2437,JetBlue,SEA,ORD,4,1,6,2911,2.9,0.8,2.2,1.5,1000.0,33.6,1.0,0.25,1,67.0
FL-2438,Southwest,LAX,SFO,10,6,9,1249,-1.4,10.5,6.3,12.8,1028.8,66.8,1.85,0.22,0,0.0
FL-2439,Alaska,SEA,DEN,23,5,10,2927,14.5,4.4,7.6,0.0,1006.9,81.7,1.39,0.14,0,0.0
FL-2440,United,BOS,MIA,6,3,7,2791,33.9,9.7,6.6,0.4,1019.0,70.8,1.0,0.18,0,0.0
FL-2441,Alaska,LAX,BOS,5,0,1,2980,12.7,8.1,8.4,4.3,1034.1,78.3,1.0,0.14,0,0.0
FL-2442,United,SEA,SFO,13,2,1,2077,10.7,5.5,8.0,0.0,1009.7,78.0,1.33,0.18,0,0.0
FL-2443,Southwest,SFO,BOS,0,3,4,290,27.8,8.9,10.9,0.6,1016.7,48.8,1.0,0.22,1,101.0
FL-2444,Alaska,SEA,MIA,16,1,12,675,20.1,9.6,1.8,2.0,1015.3,81.8,3.67,0.14,1,67.0
FL-2445,American,SFO,BOS,16,1,2,2246,15.5,26.9,15.0,0.0,1015.7,78.5,2.38,0.2,0,0.0
FL-2446,Delta,SFO,ATL,13,1,3,925,25.1,16.4,8.2,0.0,1016.9,56.2,1.04,0.12,0,0.0
FL-2447,American,LAX,BOS,9,3,12,1411,-4.9,8.5,9.1,0.0,1003.4,63.7,2.0,0.2,0,0.0
FL-2448,JetBlue,MIA,DEN,7,1,7,733,21.9,35.3,11.8,0.3,1001.4,79.8,2.01,0.25,1,71.0
FL-2449,Southwest,ORD,SFO,7,3,7,2945,31.7,21.1,15.0,1.7,1012.7,88.1,2.27,0.22,0,0.0
FL-2450,American,DEN,DFW,13,1,12,284,1.4,1.2,8.2,0.0,1024.2,61.8,1.27,0.2,0,0.0
FL-2451,United,DFW,JFK,6,4,3,2839,11.8,2.5,12.1,0.0,1020.4,72.0,1.26,0.18,0,0.0
FL-2452,JetBlue,ORD,LAX,5,4,2,1040,-7.1,1.3,8.0,0.0,1001.7,89.5,1.52,0.25,0,0.0
FL-2453,JetBlue,JFK,ATL,3,0,1,276,11.1,5.8,12.8,1.3,1017.6,55.8,1.0,0.25,0,0.0
FL-2454,American,MIA,SEA,0,1,9,2577,8.5,8.6,12.1,1.8,1015.0,92.8,1.0,0.2,0,0.0
FL-2455,American,ORD,DEN,14,6,10,2630,36.8,10.5,6.8,0.0,1014.1,49.3,1.0,0.2,0,0.0
FL-2456,Southwest,LAX,SFO,14,0,3,2624,10.8,28.6,11.7,0.0,1014.0,61.9,1.91,0.22,0,0.0
FL-2457,Delta,JFK,LAX,0,3,9,2588,19.8,0.3,5.7,0.0,1015.5,78.7,1.0,0.12,0,0.0
FL-2458,American,ATL,BOS,19,0,4,1400,32.4,8.4,7.8,0.0,1012.8,86.4,3.12,0.2,0,0.0
FL-2459,American,MIA,ORD,2,1,10,2671,-9.9,7.9,6.0,0.0,1008.2,68.8,1.0,0.2,0,0.0
FL-2460,Alaska,ORD,ATL,22,3,6,2190,17.8,44.2,10.0,0.0,1011.2,31.8,1.0,0.14,0,0.0
FL-2461,United,JFK,ORD,4,6,7,2421,3.0,4.1,13.0,4.8,998.2,61.5,1.46,0.18,0,0.0
FL-2462,Alaska,ATL,DFW,4,3,10,605,3.3,2.0,6.3,0.0,1017.2,60.9,1.0,0.14,0,0.0
FL-2463,Alaska,SEA,LAX,3,4,6,2329,5.9,2.3,11.2,0.0,1017.0,62.7,1.62,0.14,0,0.0
FL-2464,JetBlue,JFK,BOS,16,3,1,220,10.3,11.0,9.3,0.0,1026.3,87.0,2.58,0.25,0,0.0
FL-2465,Delta,LAX,MIA,20,3,6,2938,3.9,7.4,6.9,1.6,1017.9,44.9,2.76,0.12,0,0.0
FL-2466,United,SEA,MIA,19,0,11,597,11.3,21.0,8.7,0.0,1011.5,63.4,3.61,0.18,1,53.0
FL-2467,Southwest,LAX,ATL,13,6,6,2577,27.8,5.9,11.7,7.0,1016.9,62.0,1.0,0.22,1,83.0
FL-2468,Southwest,ORD,DEN,7,5,5,2472,22.0,2.1,12.8,0.0,1010.5,60.9,2.79,0.22,0,0.0
FL-2469,American,DEN,SFO,1,3,3,2000,48.8,7.3,10.9,2.3,1007.6,48.5,1.0,0.2,0,0.0
FL-2470,American,ORD,JFK,7,2,10,2008,18.4,32.2,9.9,0.8,993.9,69.2,2.62,0.2,0,0.0
FL-2471,Southwest,SEA,SFO,0,5,3,1093,23.4,7.8,10.1,0.0,1016.1,58.1,1.25,0.22,0,0.0
FL-2472,American,SFO,ORD,3,4,11,2144,31.3,26.9,7.8,2.1,1017.0,53.0,1.54,0.2,0,0.0
FL-2473,Delta,ORD,ATL,18,6,10,637,2.0,7.0,10.3,0.0,1023.4,56.2,3.09,0.12,0,0.0
FL-2474,Alaska,SEA,ORD,4,6,7,1495,31.0,5.0,5.6,0.0,1024.6,54.6,1.0,0.14,0,0.0
FL-2475,American,JFK,SEA,4,4,8,1503,4.4,22.4,9.6,0.0,1015.8,47.7,1.0,0.2,0,0.0
FL-2476,JetBlue,BOS,DFW,20,3,3,422,21.3,3.5,15.0,1.2,1003.0,51.0,2.16,0.25,1,70.0
FL-2477,American,ORD,DFW,19,0,3,1810,27.2,4.0,8.7,0.0,1003.4,38.2,2.7,0.2,1,54.0
FL-2478,United,JFK,BOS,23,5,7,2160,-7.2,0.8,13.4,0.0,1014.8,96.6,1.0,0.18,0,0.0
FL-2479,Delta,LAX,BOS,18,4,10,708,11.2,3.1,12.0,0.0,1020.2,68.5,3.16,0.12,0,0.0
FL-2480,United,MIA,JFK,11,4,12,2864,14.8,7.1,14.3,0.0,1020.7,63.1,1.0,0.18,0,0.0
FL-2481,United,DEN,LAX,19,2,7,1265,2.2,7.7,0.6,1.5,1009.5,83.2,3.43,0.18,1,105.0
FL-2482,JetBlue,LAX,SEA,0,3,11,1399,19.6,8.2,10.5,0.0,996.2,69.9,1.0,0.25,0,0.0
FL-2483,Delta,LAX,SFO,6,5,9,1468,36.0,9.8,11.8,0.0,1003.3,76.1,1.44,0.12,0,0.0
FL-2484,Delta,SEA,DEN,16,4,6,1476,4.0,12.7,12.4,0.0,997.5,68.1,3.87,0.12,0,0.0
FL-2485,Delta,SFO,JFK,1,6,7,1497,29.8,3.2,13.6,0.1,1015.7,96.6,1.0,0.12,0,0.0
FL-2486,Delta,DFW,SFO,10,4,11,803,21.5,14.3,12.1,2.2,1010.9,100.0,2.55,0.12,0,0.0
FL-2487,Delta,BOS,ORD,6,4,10,1234,-0.7,6.2,10.7,0.0,1010.6,98.7,1.0,0.12,0,0.0
FL-2488,JetBlue,SFO,LAX,16,4,1,2399,10.6,19.9,7.1,1.6,1016.8,20.0,2.73,0.25,0,0.0
FL-2489,American,SEA,LAX,2,0,7,388,18.7,12.2,4.3,0.0,1010.1,54.1,1.0,0.2,0,0.0
FL-2490,United,DEN,BOS,21,1,2,875,34.6,12.1,14.0,0.0,1028.4,55.2,1.0,0.18,0,0.0
FL-2491,Delta,BOS,ATL,5,2,7,837,25.2,17.4,8.2,0.0,1011.5,89.1,1.0,0.12,0,0.0
FL-2492,American,BOS,ATL,21,6,3,2458,7.4,6.1,8.9,0.0,999.2,57.8,1.55,0.2,1,60.0
FL-2493,American,SEA,DEN,10,0,9,2196,20.3,8.4,12.7,0.0,992.6,59.2,1.98,0.2,0,0.0
FL-2494,United,ATL,LAX,17,2,5,2044,-18.0,13.1,9.9,0.0,1017.3,56.4,2.96,0.18,1,70.0
FL-2495,JetBlue,LAX,ATL,17,4,7,2586,26.4,8.2,6.5,0.6,1018.1,59.2,3.34,0.25,1,42.0
FL-2496,Southwest,MIA,ORD,21,2,8,246,6.4,8.8,4.9,3.4,1017.9,64.6,1.61,0.22,0,0.0
FL-2497,Southwest,ATL,DEN,9,3,12,1019,2.9,4.8,8.9,0.0,1002.5,75.3,1.85,0.22,0,0.0
FL-2498,American,SEA,ORD,4,3,2,1280,11.8,5.1,10.3,3.7,1005.9,63.2,1.33,0.2,0,0.0
FL-2499,Alaska,ATL,SFO,22,1,11,1477,0.7,18.0,12.4,0.0,1026.4,62.5,1.0,0.14,0,0.0
FL-2500,Alaska,MIA,ATL,22,1,1,2845,13.2,0.1,9.6,0.0,1011.5,56.4,1.17,0.14,0,0.0
FL-2501,United,SEA,ORD,20,2,7,2417,28.2,1.5,10.1,0.0,1008.0,69.2,2.97,0.18,0,0.0
FL-2502,Southwest,SEA,MIA,23,0,6,1369,-8.1,44.6,6.0,0.0,1024.1,31.3,1.1,0.22,1,67.0
FL-2503,American,BOS,ORD,21,0,6,1256,14.7,3.1,13.1,0.0,1004.8,33.9,1.25,0.2,0,0.0
FL-2504,JetBlue,ATL,DEN,14,4,2,1738,13.7,8.1,15.0,0.0,1009.7,47.0,1.0,0.25,0,0.0
FL-2505,Southwest,JFK,MIA,20,0,3,995,21.8,28.4,13.9,0.0,1022.9,76.1,3.17,0.22,1,85.0
FL-2506,American,ORD,MIA,19,1,4,2589,13.4,0.0,13.6,0.0,1023.6,34.9,3.35,0.2,1,121.0
FL-2507,American,SEA,LAX,22,0,3,247,27.1,38.9,11.0,0.0,1023.8,82.2,1.0,0.2,1,67.0
FL-2508,Delta,ATL,ORD,3,4,2,2611,32.0,0.8,6.9,0.0,1018.9,67.1,1.0,0.12,0,0.0
FL-2509,JetBlue,DFW,ATL,20,3,3,1621,28.0,2.8,7.4,1.7,1029.1,45.3,2.06,0.25,1,46.0
FL-2510,Delta,DEN,MIA,20,0,6,1418,6.9,0.4,12.0,0.0,1020.5,74.2,2.87,0.12,0,0.0
FL-2511,United,DFW,LAX,0,0,9,1960,38.9,11.0,12.7,8.8,1015.6,48.1,1.59,0.18,1,57.0
FL-2512,Delta,ATL,ORD,14,1,4,924,1.9,43.0,7.2,0.0,1013.1,65.2,1.0,0.12,0,0.0
FL-2513,Delta,LAX,MIA,16,2,6,1544,24.3,27.4,11.4,0.0,1010.6,55.7,3.09,0.12,0,0.0
FL-2514,Southwest,LAX,MIA,18,3,1,2017,29.5,15.3,10.3,0.0,1003.1,82.8,3.13,0.22,0,0.0
FL-2515,Alaska,ATL,ORD,13,2,12,337,40.7,3.1,11.5,11.6,995.3,79.7,1.72,0.14,1,92.0
FL-2516,American,BOS,JFK,18,4,6,554,27.8,30.6,11.1,0.0,1020.6,83.1,1.96,0.2,1,43.0
FL-2517,JetBlue,BOS,ORD,17,4,12,2068,6.6,21.1,11.2,1.0,1012.2,87.4,3.47,0.25,1,52.0
FL-2518,Delta,SEA,DFW,1,2,3,1293,26.8,4.7,4.2,1.6,1006.1,78.3,1.01,0.12,0,0.0
FL-2519,JetBlue,MIA,DEN,5,1,9,1010,14.1,24.5,15.0,0.4,1029.3,70.3,1.46,0.25,0,0.0
FL-2520,Alaska,ORD,DFW,12,5,4,1805,29.0,31.5,14.2,7.1,1022.6,31.8,1.37,0.14,1,51.0
FL-2521,Alaska,SEA,JFK,16,1,7,1943,18.1,18.0,10.0,3.6,1011.7,65.6,2.72,0.14,0,0.0
FL-2522,Delta,DFW,DEN,5,5,4,2959,32.9,1.6,6.5,0.0,1017.6,28.4,1.73,0.12,0,0.0
FL-2523,United,ORD,LAX,20,5,11,258,16.1,62.3,11.7,0.0,1012.8,42.2,3.87,0.18,1,91.0
FL-2524,Delta,DFW,ORD,21,1,6,970,27.0,1.2,5.6,0.0,1010.1,78.9,1.59,0.12,1,94.0
FL-2525,Southwest,BOS,ATL,4,5,7,588,8.3,15.9,15.0,0.8,1023.0,43.6,2.01,0.22,0,0.0
FL-2526,American,ATL,DEN,6,5,2,538,30.0,1.8,9.5,1.9,1015.2,73.4,1.0,0.2,0,0.0
FL-2527,United,MIA,SFO,0,5,10,956,-10.0,35.4,8.2,0.0,1003.0,61.5,1.0,0.18,1,97.0
FL-2528,Delta,DFW,MIA,12,3,6,795,24.2,6.5,11.8,0.2,1015.9,61.6,1.36,0.12,0,0.0
FL-2529,JetBlue,BOS,DFW,18,4,8,635,20.2,10.7,8.6,0.0,1018.1,58.6,3.15,0.25,0,0.0
FL-2530,United,MIA,DEN,21,5,12,1673,17.6,3.0,9.2,0.0,1026.6,73.9,1.29,0.18,1,74.0
FL-2531,United,SEA,LAX,0,4,6,576,-10.2,11.9,7.6,0.0,1015.3,59.3,1.0,0.18,0,0.0
FL-2532,Delta,ATL,JFK,12,6,2,2182,9.8,41.9,11.9,5.3,1013.5,57.2,1.92,0.12,1,99.0
FL-2533,United,DEN,SEA,10,4,4,2638,30.2,34.8,10.9,0.1,1017.1,72.0,2.59,0.18,0,0.0
FL-2534,JetBlue,LAX,JFK,6,6,1,2728,5.7,1.0,13.2,0.1,1004.6,63.5,1.0,0.25,0,0.0
FL-2535,Alaska,SFO,LAX,19,3,7,313,-1.8,7.1,5.1,0.5,1034.8,44.4,3.09,0.14,0,0.0
FL-2536,United,MIA,SFO,2,4,8,973,2.9,4.7,6.3,0.0,1028.7,63.3,1.29,0.18,0,0.0
FL-2537,Alaska,DEN,JFK,0,2,10,2126,30.1,9.8,8.4,0.0,1020.7,41.7,1.0,0.14,0,0.0
FL-2538,JetBlue,DEN,ORD,7,0,2,2419,21.3,26.9,13.3,0.0,1015.5,65.0,2.78,0.25,0,0.0
FL-2539,Delta,MIA,DEN,16,3,10,217,32.9,20.1,5.7,3.0,1002.0,87.0,3.07,0.12,0,0.0
FL-2540,American,DEN,SEA,12,0,5,434,24.1,6.3,7.5,0.0,1013.2,48.1,1.0,0.2,0,0.0
FL-2541,United,DFW,ATL,13,2,11,1533,5.4,7.2,14.3,0.0,1017.0,80.2,1.0,0.18,0,0.0
FL-2542,American,DEN,ORD,4,1,8,1892,37.7,15.9,11.6,0.0,1004.8,76.1,1.07,0.2,0,0.0
FL-2543,JetBlue,BOS,JFK,23,1,11,2970,8.5,3.2,13.2,0.0,1008.6,37.4,1.02,0.25,0,0.0
FL-2544,United,ORD,BOS,21,5,8,480,5.9,1.6,9.7,0.0,1009.1,66.9,1.0,0.18,0,0.0
FL-2545,Alaska,DFW,DEN,22,1,5,1030,18.8,4.2,15.0,0.0,1008.0,86.1,1.23,0.14,0,0.0
FL-2546,Southwest,DEN,SFO,23,3,8,1338,20.8,2.0,5.6,1.1,1026.5,54.3,1.1,0.22,0,0.0
FL-2547,American,SEA,BOS,5,1,6,1895,25.8,6.5,9.4,0.0,1011.7,53.5,1.39,0.2,0,0.0
FL-2548,United,LAX,JFK,21,3,5,1890,11.7,41.6,9.1,0.7,1023.8,50.0,1.26,0.18,1,126.0
FL-2549,American,ATL,DEN,5,3,11,1786,32.7,1.9,9.1,0.2,1009.1,69.4,1.0,0.2,0,0.0
FL-2550,United,DEN,DFW,20,0,4,617,7.9,25.6,6.2,0.4,1010.2,35.8,3.03,0.18,0,0.0
FL-2551,Delta,JFK,DEN,7,1,5,2531,2.6,11.5,11.7,0.0,1013.4,43.4,3.71,0.12,0,0.0
FL-2552,Alaska,LAX,SEA,12,4,12,784,-7.8,15.0,6.3,0.0,1014.7,49.3,1.0,0.14,0,0.0
FL-2553,American,SEA,DFW,17,6,4,1551,12.9,2.8,6.0,0.0,1004.6,30.8,2.83,0.2,0,0.0
FL-2554,Southwest,BOS,LAX,22,1,1,1564,25.8,2.5,2.2,4.3,1015.8,35.1,1.0,0.22,0,0.0
FL-2555,Southwest,DEN,LAX,3,1,3,2869,24.3,2.7,7.8,0.0,1004.1,48.8,1.0,0.22,0,0.0
FL-2556,JetBlue,BOS,DFW,16,1,8,2468,19.4,16.5,10.4,1.8,1027.8,58.8,2.8,0.25,0,0.0
FL-2557,United,DEN,ORD,4,5,7,2256,10.0,20.7,10.9,5.3,1008.7,88.0,1.0,0.18,0,0.0
FL-2558,American,SFO,ORD,2,4,12,2132,30.6,37.9,9.3,0.0,1019.9,83.7,1.0,0.2,1,62.0
FL-2559,JetBlue,ORD,SEA,3,4,7,1031,16.6,7.6,8.0,0.0,1008.5,73.1,2.28,0.25,0,0.0
FL-2560,American,BOS,DEN,22,3,11,2622,20.3,9.3,8.8,0.8,1023.1,100.0,1.0,0.2,0,0.0
FL-2561,United,ORD,JFK,4,4,3,733,1.5,9.5,8.0,0.8,1009.2,63.7,1.0,0.18,0,0.0
FL-2562,Southwest,LAX,SFO,13,3,9,1322,-6.8,4.7,15.0,1.8,1012.6,79.6,1.44,0.22,0,0.0
FL-2563,Delta,SFO,BOS,14,6,6,1905,25.9,6.0,6.3,0.0,1011.1,57.5,1.0,0.12,0,0.0
FL-2564,Southwest,ATL,DFW,19,0,8,2949,45.8,28.1,7.7,0.1,1010.6,76.6,2.92,0.22,0,0.0
FL-2565,JetBlue,DFW,JFK,16,3,8,1605,20.9,6.3,10.0,0.0,1001.3,53.4,2.17,0.25,0,0.0
FL-2566,Alaska,ORD,SEA,5,1,3,2086,26.0,30.5,6.7,0.0,1007.2,31.2,1.34,0.14,0,0.0
FL-2567,Delta,SFO,DFW,9,2,4,646,25.7,5.5,10.1,0.0,1015.8,59.9,2.82,0.12,0,0.0
FL-2568,JetBlue,ORD,LAX,21,2,6,2927,16.5,6.2,5.1,1.2,1017.4,88.4,1.28,0.25,0,0.0
FL-2569,United,MIA,JFK,22,5,2,2591,-3.0,12.3,10.4,0.0,1003.9,33.1,1.37,0.18,0,0.0
FL-2570,Delta,SEA,ORD,15,1,12,2672,24.4,1.6,8.7,0.0,1007.8,46.6,1.0,0.12,0,0.0
FL-2571,JetBlue,ATL,BOS,16,3,12,824,33.9,38.3,7.8,0.0,1012.4,69.3,3.38,0.25,1,112.0
FL-2572,United,SEA,JFK,13,1,11,2063,22.1,25.8,9.1,2.8,1013.7,75.5,2.08,0.18,0,0.0
FL-2573,Southwest,DEN,ATL,19,5,12,2553,13.1,16.7,8.4,0.0,1016.1,82.2,3.19,0.22,0,0.0
FL-2574,Alaska,ORD,SEA,11,4,7,2395,21.0,66.5,8.8,0.0,1021.3,83.3,1.01,0.14,1,84.0
FL-2575,United,DEN,SEA,8,3,2,931,15.2,0.2,12.3,0.7,1015.7,64.9,1.79,0.18,0,0.0
FL-2576,American,JFK,SEA,14,6,11,2701,31.7,7.9,15.0,0.0,1005.0,42.5,1.14,0.2,0,0.0
FL-2577,United,ORD,SEA,11,1,5,1137,18.6,29.3,1.9,0.2,1018.6,82.5,1.0,0.18,1,63.0
FL-2578,United,SFO,ATL,13,4,12,2280,24.8,8.5,9.3,0.0,1020.9,49.4,1.0,0.18,0,0.0
FL-2579,Alaska,ATL,SEA,21,5,4,1955,29.7,0.1,6.2,0.0,1000.4,47.6,1.0,0.14,0,0.0
FL-2580,American,DEN,BOS,17,4,9,1724,24.8,2.6,9.0,0.0,1016.8,94.0,2.5,0.2,0,0.0
FL-2581,JetBlue,ORD,MIA,19,3,2,1920,16.9,8.5,11.2,3.4,1023.5,59.2,2.95,0.25,1,63.0
FL-2582,JetBlue,JFK,ORD,5,5,7,1416,-1.9,16.5,15.0,0.0,1007.8,69.6,1.94,0.25,0,0.0
FL-2583,United,SEA,BOS,3,5,7,1403,21.5,2.7,9.0,0.0,1018.6,81.8,1.0,0.18,0,0.0
FL-2584,American,SFO,SEA,22,5,7,2090,27.4,8.9,10.4,3.1,1007.4,66.7,1.0,0.2,0,0.0
FL-2585,American,MIA,DFW,11,0,1,1741,-3.0,0.2,7.3,0.9,1010.6,66.8,2.15,0.2,0,0.0
FL-2586,Alaska,ORD,ATL,12,5,8,590,21.2,9.7,7.1,0.0,1006.0,93.8,1.0,0.14,0,0.0
FL-2587,Southwest,MIA,DEN,18,0,2,2604,16.3,33.9,7.0,0.0,1018.0,47.6,2.92,0.22,1,67.0
FL-2588,JetBlue,LAX,ORD,21,4,5,2820,-11.0,13.6,7.8,0.0,1019.1,67.7,1.0,0.25,0,0.0
FL-2589,Alaska,ATL,ORD,12,6,2,2711,20.2,8.7,8.6,4.3,1016.4,72.0,1.26,0.14,0,0.0
FL-2590,Delta,ORD,BOS,11,0,5,298,32.8,2.7,14.3,0.0,1017.8,25.8,1.0,0.12,0,0.0
FL-2591,JetBlue,BOS,ATL,19,4,7,2395,16.6,3.4,9.0,0.5,1018.8,52.2,2.89,0.25,0,0.0
FL-2592,Alaska,JFK,DFW,2,0,6,769,-8.7,1.2,11.7,0.0,1023.9,42.2,1.2,0.14,0,0.0
FL-2593,JetBlue,DEN,ORD,2,4,12,926,20.5,20.3,10.9,0.0,1008.4,81.1,1.01,0.25,0,0.0
FL-2594,Southwest,BOS,DFW,13,4,5,1201,29.4,1.2,12.9,2.9,992.8,66.7,1.0,0.22,0,0.0
FL-2595,Delta,LAX,ATL,17,6,4,1770,6.0,7.3,4.3,0.3,1009.7,62.1,2.45,0.12,0,0.0
FL-2596,Southwest,ATL,BOS,18,5,8,502,13.3,20.8,11.0,0.8,1009.8,60.9,3.26,0.22,1,62.0
FL-2597,Delta,SEA,ORD,9,6,11,2251,11.8,18.7,10.7,0.2,1019.6,85.0,2.31,0.12,0,0.0
FL-2598,United,SFO,LAX,16,6,8,2354,17.3,12.9,9.7,0.0,995.0,63.0,3.66,0.18,0,0.0
FL-2599,Alaska,MIA,DFW,14,5,1,2322,11.4,12.7,13.2,2.4,1015.2,70.4,1.0,0.14,0,0.0
FL-2600,Delta,LAX,DEN,18,4,10,1263,32.0,1.4,9.6,1.0,1023.7,50.3,3.23,0.12,1,71.0
FL-2601,Southwest,DEN,JFK,8,5,2,838,31.7,2.9,12.6,0.0,1013.1,80.8,2.82,0.22,0,0.0
FL-2602,JetBlue,SFO,DEN,3,4,3,2942,8.6,11.5,10.5,0.0,1017.6,83.9,1.22,0.25,0,0.0
FL-2603,Delta,SEA,ORD,14,5,1,1342,32.0,6.4,10.7,0.7,1007.3,35.6,1.0,0.12,0,0.0
FL-2604,Alaska,DEN,ATL,18,2,11,2320,-4.0,0.3,10.9,0.0,1018.8,55.6,3.43,0.14,1,111.0
FL-2605,Delta,JFK,DEN,15,0,3,751,6.1,24.0,9.4,0.0,1012.3,47.3,1.39,0.12,0,0.0
FL-2606,American,MIA,SEA,7,6,10,1176,23.3,15.9,14.7,1.2,1008.5,68.5,2.19,0.2,0,0.0
FL-2607,JetBlue,BOS,SEA,16,4,12,295,16.9,5.9,13.2,0.0,1013.5,67.4,2.77,0.25,0,0.0
FL-2608,Alaska,ORD,DEN,20,1,8,1391,17.6,1.6,9.8,0.1,1019.7,76.0,3.11,0.14,1,78.0
FL-2609,Alaska,LAX,MIA,0,5,4,2524,20.4,13.4,10.5,0.0,1012.1,52.7,1.29,0.14,0,0.0
FL-2610,United,ORD,SFO,6,5,7,2506,10.0,6.4,11.4,0.0,1011.7,63.4,1.0,0.18,0,0.0
FL-2611,Southwest,SFO,BOS,20,3,7,245,30.9,4.4,12.4,1.2,1012.6,57.5,3.12,0.22,0,0.0
FL-2612,United,ORD,DFW,17,1,11,545,24.2,19.2,14.8,0.0,1015.2,40.0,2.67,0.18,1,43.0
FL-2613,Alaska,BOS,SFO,11,1,5,1046,14.6,6.0,12.7,1.5,1014.7,44.3,1.0,0.14,0,0.0
FL-2614,JetBlue,DFW,SFO,15,6,12,1276,27.0,2.2,9.5,0.0,1014.6,29.8,1.0,0.25,0,0.0
FL-2615,Delta,SFO,JFK,0,2,1,1371,21.4,9.9,7.5,1.4,1003.2,87.7,2.07,0.12,0,0.0
FL-2616,Delta,MIA,DFW,14,0,10,1756,13.0,26.4,13.0,0.8,1011.8,42.5,1.45,0.12,0,0.0
FL-2617,JetBlue,DEN,DFW,6,2,4,432,12.5,28.4,10.9,0.0,1023.1,58.0,1.0,0.25,0,0.0
FL-2618,Alaska,MIA,BOS,16,0,7,250,2.1,28.4,7.1,0.1,1017.6,92.8,3.06,0.14,0,0.0
FL-2619,Delta,ORD,JFK,2,4,5,864,8.6,8.2,12.6,0.0,1022.6,55.1,1.0,0.12,0,0.0
FL-2620,Delta,ATL,SFO,10,6,2,650,13.7,23.5,14.5,1.8,1016.3,80.4,2.37,0.12,0,0.0
FL-2621,Delta,SFO,MIA,5,2,8,1562,16.9,28.5,10.0,0.0,1014.7,57.4,1.04,0.12,0,0.0
FL-2622,Southwest,DEN,SFO,5,3,2,550,5.0,9.2,14.7,0.1,1024.5,70.1,1.0,0.22,0,0.0
FL-2623,Southwest,SEA,SFO,14,0,11,2896,16.4,5.8,12.3,0.0,1009.5,60.1,1.21,0.22,0,0.0
FL-2624,American,JFK,MIA,6,2,8,1508,9.4,18.2,6.5,0.7,1009.0,42.6,1.22,0.2,0,0.0
FL-2625,United,MIA,SFO,10,6,11,782,7.3,35.2,11.3,0.0,1026.9,99.1,3.69,0.18,1,68.0
FL-2626,JetBlue,MIA,DFW,16,3,2,444,22.1,53.7,4.7,0.0,1020.2,82.7,1.86,0.25,0,0.0
FL-2627,JetBlue,SFO,DFW,22,6,11,749,18.0,5.1,11.1,0.0,1010.7,61.0,1.0,0.25,0,0.0
FL-2628,JetBlue,ATL,BOS,17,1,5,927,14.3,46.9,6.9,0.0,1007.9,48.1,2.63,0.25,1,109.0
FL-2629,American,ORD,SEA,21,5,4,838,22.0,10.4,10.6,0.0,1004.7,49.3,1.0,0.2,0,0.0
FL-2630,Southwest,ORD,DFW,23,4,1,783,0.5,5.5,12.0,0.0,1010.5,59.2,1.18,0.22,0,0.0
FL-2631,Alaska,SFO,ATL,20,6,12,2473,1.5,66.8,8.2,0.3,1020.4,47.7,2.91,0.14,1,90.0
FL-2632,Alaska,MIA,DFW,18,4,8,640,11.0,31.5,15.0,0.0,995.6,64.5,3.36,0.14,1,64.0
FL-2633,American,DEN,ORD,7,6,10,1667,13.8,17.7,7.2,0.0,1021.8,87.6,2.9,0.2,0,0.0
FL-2634,Alaska,JFK,SEA,23,1,12,2019,24.2,33.8,3.6,0.7,1018.7,55.4,1.0,0.14,0,0.0
FL-2635,JetBlue,SFO,MIA,19,6,3,611,7.5,17.2,9.9,0.0,1004.7,89.0,2.79,0.25,0,0.0
FL-2636,United,DEN,DFW,7,6,4,1013,7.7,8.7,14.1,0.0,1013.5,45.1,3.16,0.18,0,0.0
FL-2637,Delta,DEN,ORD,20,2,4,445,28.1,44.4,9.9,1.9,1009.0,83.5,2.05,0.12,1,78.0
FL-2638,Southwest,SEA,DFW,10,5,5,782,2.0,49.6,8.2,0.0,1005.8,85.0,2.28,0.22,0,0.0
FL-2639,Southwest,BOS,ORD,20,1,3,1930,27.2,5.7,5.1,0.0,1015.3,84.0,3.0,0.22,0,0.0
FL-2640,American,DFW,SFO,2,3,9,2747,15.1,6.6,8.3,0.0,1017.3,72.9,1.0,0.2,0,0.0
FL-2641,Southwest,JFK,LAX,22,5,4,1181,5.7,7.2,6.6,0.0,1019.2,63.6,1.0,0.22,0,0.0
FL-2642,JetBlue,LAX,DEN,13,0,10,2174,1.8,25.9,10.7,0.0,998.7,81.7,1.67,0.25,0,0.0
FL-2643,Alaska,ATL,DFW,8,2,11,749,12.8,23.5,11.0,0.0,1009.5,67.7,3.01,0.14,0,0.0
FL-2644,JetBlue,DFW,ATL,0,5,11,2364,22.8,61.2,7.2,3.1,1018.0,66.9,1.0,0.25,0,0.0
FL-2645,American,SEA,MIA,0,0,4,1587,14.8,9.4,9.0,4.0,1020.8,47.6,1.43,0.2,0,0.0
FL-2646,JetBlue,JFK,ORD,11,1,6,2137,26.0,20.0,14.3,0.0,1015.0,48.2,1.08,0.25,1,57.0
FL-2647,Alaska,ORD,DFW,10,6,8,403,25.7,29.1,8.7,0.0,1021.7,74.1,2.88,0.14,0,0.0
FL-2648,United,DFW,LAX,20,4,7,550,24.7,3.8,8.6,0.0,1014.6,58.6,3.62,0.18,1,67.0
FL-2649,American,ORD,JFK,0,5,4,518,25.2,14.5,10.6,0.0,1017.2,78.2,1.19,0.2,0,0.0
FL-2650,United,ATL,ORD,19,5,4,2736,8.6,11.9,5.8,0.8,1006.3,82.2,3.87,0.18,1,56.0
FL-2651,Delta,ORD,SEA,11,0,5,1892,24.4,20.4,12.8,0.0,1018.8,40.5,1.71,0.12,0,0.0
FL-2652,United,ATL,DEN,16,0,10,306,40.6,17.8,8.8,2.4,1002.6,52.0,3.75,0.18,1,58.0
FL-2653,Delta,JFK,MIA,14,4,5,2901,26.7,25.1,6.5,0.0,1004.8,50.9,1.0,0.12,0,0.0
FL-2654,Delta,MIA,LAX,1,0,12,2419,10.3,5.6,11.6,0.0,1006.9,92.3,1.12,0.12,0,0.0
FL-2655,United,ATL,DEN,17,0,1,2766,8.0,3.7,8.5,5.6,1026.4,62.5,2.96,0.18,1,62.0
FL-2656,American,DEN,SEA,15,5,8,2078,16.4,24.5,7.4,0.0,1010.1,71.3,1.0,0.2,0,0.0
FL-2657,Alaska,LAX,SEA,3,4,10,1157,24.2,6.7,10.2,0.0,1016.6,50.8,1.53,0.14,0,0.0
FL-2658,JetBlue,LAX,DFW,7,4,5,2775,17.1,5.1,13.2,0.0,1017.5,66.0,2.82,0.25,0,0.0
FL-2659,JetBlue,SFO,DEN,1,6,3,2567,1.7,6.2,8.8,0.0,1017.2,54.8,1.0,0.25,0,0.0
FL-2660,Alaska,LAX,SFO,13,5,3,1260,24.1,1.0,7.1,0.0,1004.9,32.6,1.18,0.14,0,0.0
FL-2661,Delta,SFO,BOS,14,6,4,2746,26.3,22.3,3.3,0.0,1015.9,54.2,1.0,0.12,0,0.0
FL-2662,Delta,LAX,SEA,8,1,12,2512,4.5,18.8,5.6,0.1,1005.2,69.2,1.14,0.12,0,0.0
FL-2663,American,ATL,LAX,1,1,7,1891,26.5,12.1,8.6,0.0,999.9,100.0,1.14,0.2,0,0.0
FL-2664,Southwest,DEN,MIA,16,5,5,1872,16.5,18.9,6.1,0.0,1026.6,41.7,3.86,0.22,1,73.0
FL-2665,United,MIA,DEN,9,0,1,601,20.8,7.0,7.9,0.7,1011.0,63.1,2.18,0.18,0,0.0
FL-2666,Delta,ORD,JFK,8,2,12,801,21.1,5.3,15.0,0.0,1011.4,69.5,2.39,0.12,0,0.0
FL-2667,JetBlue,SEA,JFK,1,1,5,417,18.5,29.7,13.7,4.8,1021.5,79.9,1.0,0.25,0,0.0
FL-2668,American,LAX,DFW,23,1,5,2577,10.2,8.2,7.5,0.0,1019.7,58.3,1.0,0.2,0,0.0
FL-2669,United,MIA,DFW,18,5,6,385,21.0,3.3,10.4,0.0,1008.4,54.8,2.81,0.18,0,0.0
FL-2670,American,MIA,ATL,16,6,7,2456,15.6,20.7,6.8,0.0,1015.9,78.5,2.98,0.2,0,0.0
FL-2671,United,ATL,MIA,10,5,5,487,19.0,6.1,14.7,0.0,1017.7,77.9,1.98,0.18,0,0.0
FL-2672,United,JFK,ATL,16,2,11,287,11.7,3.6,10.2,0.0,1003.1,80.7,2.88,0.18,0,0.0
FL-2673,Alaska,JFK,MIA,9,2,2,2383,19.7,0.4,13.2,0.0,1007.7,77.2,2.08,0.14,0,0.0
FL-2674,Delta,LAX,SEA,17,4,2,2405,15.0,52.9,7.6,0.0,1011.1,36.5,1.93,0.12,1,63.0
FL-2675,American,SEA,SFO,22,5,4,354,3.0,9.4,14.8,0.0,1013.9,78.3,1.36,0.2,0,0.0
FL-2676,American,LAX,DEN,5,1,1,419,21.4,2.6,8.7,0.0,1024.2,67.7,1.13,0.2,0,0.0
FL-2677,Alaska,LAX,SEA,15,6,7,1682,28.0,21.3,4.7,3.5,1008.3,24.8,1.02,0.14,0,0.0
FL-2678,JetBlue,SFO,SEA,17,6,1,521,19.9,32.8,9.5,1.2,1025.6,75.9,3.2,0.25,0,0.0
FL-2679,JetBlue,DEN,MIA,19,3,3,2938,13.0,11.3,7.9,0.9,1017.6,57.2,2.22,0.25,0,0.0
FL-2680,Delta,DEN,SFO,17,3,10,1040,19.9,0.4,13.0,0.0,1000.9,83.4,3.69,0.12,1,71.0
FL-2681,Delta,SEA,SFO,0,0,7,1785,7.1,6.8,8.1,5.2,1016.4,60.8,1.0,0.12,1,95.0
FL-2682,Southwest,SFO,DEN,2,1,11,2036,24.6,4.2,11.6,0.0,1025.4,75.4,1.53,0.22,0,0.0
FL-2683,Alaska,MIA,SEA,14,3,12,2759,25.7,15.2,8.0,0.0,1012.2,73.7,1.0,0.14,1,48.0
FL-2684,JetBlue,SFO,JFK,19,6,12,2334,14.7,11.0,7.5,0.4,1007.9,45.8,2.83,0.25,0,0.0
FL-2685,United,LAX,SFO,9,1,6,1768,16.6,6.6,10.0,0.0,1009.3,89.0,3.38,0.18,1,52.0
FL-2686,American,JFK,ATL,20,5,7,2522,3.0,15.7,11.6,0.0,1017.7,50.3,3.38,0.2,1,80.0
FL-2687,Delta,DFW,SEA,4,1,5,2388,22.1,13.2,5.3,0.0,1002.8,48.5,1.0,0.12,0,0.0
FL-2688,American,SEA,SFO,14,3,8,1959,12.5,35.5,12.8,1.6,1027.9,83.1,1.28,0.2,1,87.0
FL-2689,American,MIA,LAX,22,6,6,824,-15.3,13.6,12.8,0.0,1022.7,68.2,1.0,0.2,0,0.0
FL-2690,Southwest,ATL,MIA,13,1,12,552,16.6,10.6,9.1,0.0,1019.4,100.0,1.0,0.22,0,0.0
FL-2691,JetBlue,DFW,MIA,14,2,4,1228,13.9,26.0,9.4,1.5,1004.6,44.8,1.0,0.25,0,0.0
FL-2692,Delta,DFW,SFO,9,0,11,2629,3.1,3.4,2.1,0.0,1025.7,77.1,2.57,0.12,1,62.0
FL-2693,American,SFO,SEA,23,4,1,1557,26.9,4.2,15.0,0.0,1024.1,73.0,1.06,0.2,0,0.0
FL-2694,Delta,ORD,SFO,8,6,2,674,10.0,23.0,9.0,0.0,1025.6,87.8,2.07,0.12,0,0.0
FL-2695,United,DFW,JFK,11,3,12,2209,6.5,8.8,13.3,0.0,1016.7,91.2,1.0,0.18,0,0.0
FL-2696,Southwest,LAX,BOS,6,5,6,1127,28.5,7.9,8.2,0.0,1014.3,78.5,1.0,0.22,0,0.0
FL-2697,United,BOS,ATL,4,4,4,229,20.1,32.7,10.0,0.2,1016.4,74.5,1.0,0.18,0,0.0
FL-2698,Delta,JFK,ORD,23,0,3,2841,3.5,14.1,11.6,0.0,1018.1,65.0,1.19,0.12,0,0.0
FL-2699,Delta,JFK,DFW,9,6,7,2740,15.1,24.4,8.6,2.9,1024.6,65.4,1.69,0.12,0,0.0
FL-2700,JetBlue,BOS,SEA,7,6,7,694,5.8,24.9,5.3,0.0,1003.4,81.2,1.88,0.25,0,0.0
FL-2701,American,DEN,LAX,21,2,2,587,0.2,1.9,9.6,0.0,1016.2,75.6,1.0,0.2,0,0.0
FL-2702,American,LAX,DFW,19,2,8,1072,-0.7,15.9,5.8,0.0,1018.4,75.5,3.26,0.2,1,65.0
FL-2703,United,ATL,LAX,15,2,11,1034,23.4,45.7,7.4,0.0,1022.7,63.7,1.0,0.18,1,59.0
FL-2704,Southwest,DFW,SFO,11,2,1,829,5.7,9.8,8.1,0.0,1011.9,40.3,1.38,0.22,0,0.0
FL-2705,Alaska,DEN,ORD,8,3,11,229,3.4,19.8,10.2,0.0,1015.0,53.7,1.91,0.14,0,0.0
FL-2706,American,LAX,ORD,9,6,10,2870,12.5,12.5,8.1,0.9,1013.4,54.8,2.01,0.2,0,0.0
FL-2707,JetBlue,SFO,BOS,15,3,7,1006,46.0,3.4,6.3,0.9,1016.8,69.3,1.0,0.25,0,0.0
FL-2708,United,JFK,SFO,9,1,10,2589,20.8,3.3,10.6,3.8,1009.8,84.9,2.21,0.18,0,0.0
FL-2709,United,DEN,DFW,8,5,12,2032,25.1,8.5,12.0,0.0,1019.6,63.6,2.09,0.18,0,0.0
FL-2710,Alaska,SEA,JFK,2,1,1,1510,3.9,9.9,5.8,0.0,1017.5,49.4,1.0,0.14,0,0.0
FL-2711,JetBlue,DFW,DEN,18,5,12,2168,20.4,10.5,10.1,1.0,1002.8,32.7,2.2,0.25,0,0.0
FL-2712,Southwest,DFW,MIA,10,0,3,2160,15.2,46.5,12.3,0.0,1005.0,57.1,2.89,0.22,1,55.0
FL-2713,JetBlue,ATL,JFK,5,1,3,443,6.8,1.6,10.3,0.0,1012.9,47.5,1.0,0.25,0,0.0
FL-2714,Southwest,ORD,BOS,5,0,10,420,12.6,7.2,6.4,0.0,1039.1,79.9,1.83,0.22,0,0.0
FL-2715,JetBlue,SEA,MIA,14,0,2,1379,7.5,10.8,10.7,0.0,1012.1,77.5,1.0,0.25,0,0.0
FL-2716,JetBlue,DFW,SEA,14,0,10,1606,16.8,49.5,10.0,0.0,1006.2,51.1,1.2,0.25,0,0.0
FL-2717,Delta,MIA,DEN,12,2,5,1971,12.6,10.5,10.5,0.0,1008.7,71.2,1.69,0.12,0,0.0
FL-2718,United,SEA,DFW,21,4,4,1543,7.6,22.4,10.1,1.7,1018.4,66.8,1.28,0.18,1,57.0
FL-2719,JetBlue,DFW,ORD,4,4,6,2620,12.3,20.8,3.9,0.0,1027.1,46.6,1.0,0.25,0,0.0
FL-2720,Alaska,BOS,SEA,13,3,2,730,25.6,12.5,9.5,0.0,1009.1,71.9,1.0,0.14,0,0.0
FL-2721,JetBlue,SEA,DEN,20,0,4,2462,1.4,2.1,12.9,2.2,1015.8,66.4,3.17,0.25,0,0.0
FL-2722,American,LAX,SEA,1,2,12,2614,8.6,3.7,14.3,0.0,1010.0,79.9,1.24,0.2,0,0.0
FL-2723,United,SEA,SFO,22,1,7,2361,19.1,4.1,13.0,2.1,1019.3,63.3,1.21,0.18,0,0.0
FL-2724,American,ATL,SFO,11,1,1,224,7.9,0.6,10.1,0.0,1010.0,91.0,1.0,0.2,0,0.0
FL-2725,United,SFO,SEA,19,3,11,1344,30.2,7.2,12.1,1.7,1020.5,54.6,2.78,0.18,0,0.0
FL-2726,American,SFO,ORD,13,3,3,1965,28.9,14.1,11.6,0.6,993.1,39.9,1.24,0.2,0,0.0
FL-2727,JetBlue,SFO,MIA,18,0,1,2858,29.5,2.3,9.3,0.0,1019.2,68.8,2.94,0.25,0,0.0
FL-2728,JetBlue,LAX,ORD,23,0,2,1057,22.9,2.9,13.4,1.0,1012.1,86.7,1.0,0.25,0,0.0
FL-2729,Delta,DEN,ORD,19,1,9,1226,26.7,18.4,8.1,0.5,1018.2,45.1,2.64,0.12,0,0.0
FL-2730,Alaska,SFO,LAX,14,1,10,1097,15.3,2.8,9.7,0.0,1013.1,60.4,1.0,0.14,0,0.0
FL-2731,American,JFK,SFO,19,1,5,972,8.2,2.2,12.7,0.7,1003.7,75.6,3.19,0.2,0,0.0
FL-2732,Southwest,LAX,MIA,23,1,4,2692,8.9,57.1,7.2,0.0,1014.7,25.2,1.0,0.22,0,0.0
FL-2733,Delta,DEN,JFK,16,4,12,219,-3.6,0.2,6.0,0.0,1019.5,100.0,4.1,0.12,1,58.0
FL-2734,American,JFK,BOS,13,0,4,1427,10.8,5.9,7.1,11.0,1015.1,70.0,1.27,0.2,0,0.0
FL-2735,American,JFK,LAX,22,0,8,1005,11.5,0.5,11.3,2.1,1001.5,57.5,1.8,0.2,0,0.0
FL-2736,Delta,JFK,LAX,17,1,12,1580,13.0,27.3,15.0,0.0,1014.8,80.2,3.82,0.12,1,87.0
FL-2737,JetBlue,MIA,SEA,21,2,3,2375,45.3,13.1,13.6,0.0,1017.1,65.7,1.0,0.25,1,54.0
FL-2738,American,ATL,DEN,23,1,12,2605,6.3,0.7,12.3,0.0,1009.7,55.7,1.55,0.2,0,0.0
FL-2739,JetBlue,ATL,DEN,4,5,12,1080,12.4,14.3,14.7,0.0,989.0,79.0,1.05,0.25,0,0.0
FL-2740,Delta,LAX,BOS,21,6,4,1533,40.9,2.0,10.9,0.0,1009.1,71.8,1.6,0.12,0,0.0
FL-2741,JetBlue,JFK,DFW,11,6,2,1884,6.7,10.3,8.1,0.0,1002.9,30.4,1.0,0.25,0,0.0
FL-2742,United,BOS,MIA,9,3,6,1805,2.6,16.6,9.8,1.4,1012.2,58.5,2.67,0.18,0,0.0
FL-2743,Southwest,SEA,ATL,7,5,12,1307,12.7,2.4,9.2,0.0,1003.0,55.3,2.69,0.22,0,0.0
FL-2744,American,DEN,LAX,5,2,9,2757,6.7,10.3,7.1,0.0,1002.7,58.7,1.7,0.2,0,0.0
FL-2745,Alaska,ATL,SEA,14,3,12,643,28.1,9.2,9.4,0.0,1019.2,70.8,1.0,0.14,0,0.0
FL-2746,Southwest,SFO,MIA,11,6,4,2242,16.8,37.1,5.3,0.7,1014.3,25.1,1.0,0.22,1,48.0
FL-2747,JetBlue,LAX,DFW,5,2,11,1428,1.9,70.0,9.0,0.0,1016.9,82.4,1.12,0.25,1,74.0
FL-2748,American,DEN,BOS,11,3,6,1711,18.8,15.9,9.7,0.0,1008.4,55.1,1.21,0.2,0,0.0
FL-2749,JetBlue,LAX,BOS,14,1,4,978,17.3,29.0,9.5,0.0,1009.2,78.8,1.94,0.25,0,0.0
FL-2750,United,BOS,MIA,11,1,2,2499,-1.5,15.6,15.0,7.9,1007.9,54.9,1.15,0.18,0,0.0
FL-2751,Delta,MIA,JFK,8,2,6,1946,20.4,31.3,10.6,0.0,1008.9,59.3,2.74,0.12,0,0.0
FL-2752,American,MIA,DEN,18,3,12,2078,21.0,8.5,15.0,2.5,1009.3,98.9,3.46,0.2,0,0.0
FL-2753,United,JFK,SFO,20,4,7,1254,-1.2,14.0,5.9,0.0,1005.0,46.3,3.1,0.18,0,0.0
FL-2754,United,MIA,DEN,1,2,4,620,0.5,28.0,12.6,0.0,1007.3,55.6,1.0,0.18,0,0.0
FL-2755,American,LAX,BOS,12,2,12,2051,10.8,37.5,10.6,2.9,1014.6,53.2,1.0,0.2,1,104.0
FL-2756,JetBlue,SFO,LAX,12,5,11,2308,7.5,0.4,9.7,0.0,1005.0,94.0,1.39,0.25,0,0.0
FL-2757,Alaska,JFK,DFW,7,0,7,778,22.2,1.6,6.0,0.0,1015.6,41.2,2.42,0.14,0,0.0
FL-2758,United,DFW,ATL,12,2,11,1449,9.8,40.1,11.0,0.0,1000.4,80.6,1.0,0.18,0,0.0
FL-2759,Southwest,DEN,LAX,3,4,8,2186,12.9,12.6,15.0,4.5,1015.4,35.8,1.0,0.22,0,0.0
FL-2760,United,BOS,ORD,5,1,11,1558,2.3,69.4,11.3,0.0,1012.4,42.1,1.03,0.18,1,79.0
FL-2761,Alaska,JFK,SEA,5,3,3,2826,26.4,23.6,9.9,0.4,1015.6,50.7,1.29,0.14,0,0.0
FL-2762,JetBlue,LAX,BOS,20,0,2,2887,5.9,25.6,10.4,0.5,1015.6,58.9,3.42,0.25,1,102.0
FL-2763,JetBlue,DEN,SFO,11,3,5,310,2.6,7.3,11.8,3.4,1004.8,83.4,1.12,0.25,0,0.0
FL-2764,Southwest,SFO,LAX,11,1,2,690,15.6,4.5,14.7,0.0,1013.5,60.7,1.0,0.22,0,0.0
FL-2765,United,ORD,LAX,16,2,10,1495,27.9,13.7,8.9,0.6,1004.0,74.3,2.67,0.18,0,0.0
FL-2766,JetBlue,BOS,DEN,6,5,5,2036,20.4,31.7,10.6,0.0,1009.7,53.2,1.0,0.25,0,0.0
FL-2767,Alaska,LAX,SEA,14,4,10,2281,8.2,19.4,10.0,0.0,1020.5,66.1,1.75,0.14,0,0.0
FL-2768,American,BOS,MIA,23,0,6,2459,10.1,9.6,8.6,0.0,1005.1,83.6,1.0,0.2,0,0.0
FL-2769,Delta,ATL,DEN,16,4,8,1596,-1.2,21.0,10.6,0.0,1012.5,76.4,3.16,0.12,0,0.0
FL-2770,Delta,ORD,SEA,9,6,6,2372,38.1,17.6,14.6,0.9,1006.5,75.1,2.92,0.12,0,0.0
FL-2771,Delta,DEN,JFK,22,4,4,1941,33.6,36.6,8.0,0.0,1015.4,31.6,1.37,0.12,1,65.0
FL-2772,United,MIA,BOS,19,4,3,1093,18.5,4.6,11.1,0.0,1020.4,53.9,3.98,0.18,0,0.0
FL-2773,Southwest,LAX,JFK,5,4,2,2578,14.9,1.9,11.2,3.0,1009.3,67.3,1.0,0.22,0,0.0
FL-2774,JetBlue,BOS,ORD,8,1,1,2075,1.5,9.5,10.0,0.0,1014.7,61.2,2.27,0.25,0,0.0
FL-2775,American,DEN,BOS,14,4,2,2149,13.2,6.7,11.3,0.0,1011.2,55.6,1.0,0.2,0,0.0
FL-2776,Alaska,MIA,DFW,15,5,2,1793,25.7,55.3,11.2,2.0,1005.2,49.4,1.07,0.14,0,0.0
FL-2777,American,SFO,BOS,20,4,5,611,23.8,0.1,7.3,0.3,1015.8,82.7,2.56,0.2,0,0.0
FL-2778,Alaska,SFO,BOS,7,1,9,1622,9.6,40.6,9.8,1.9,1016.9,71.1,2.88,0.14,1,80.0
FL-2779,United,BOS,SFO,15,3,1,1876,24.6,46.5,10.0,0.0,1005.1,80.7,1.0,0.18,0,0.0
FL-2780,Delta,JFK,LAX,4,1,4,1386,28.9,0.8,6.9,0.0,1019.9,100.0,1.17,0.12,0,0.0
FL-2781,United,ATL,MIA,17,6,10,1846,15.4,33.1,10.2,0.0,1023.2,31.5,3.85,0.18,1,60.0
FL-2782,Southwest,JFK,DEN,19,6,7,2911,26.8,9.5,9.9,1.4,1005.9,69.7,2.62,0.22,0,0.0
FL-2783,Southwest,ATL,BOS,13,5,11,1288,34.8,21.8,15.0,2.2,1024.0,60.8,1.67,0.22,0,0.0
FL-2784,Alaska,LAX,MIA,1,5,10,1439,38.0,1.2,7.5,0.1,1013.0,86.2,1.0,0.14,0,0.0
FL-2785,JetBlue,DFW,ATL,22,2,3,802,7.8,46.6,13.0,0.0,1012.4,82.8,1.21,0.25,1,141.0
FL-2786,JetBlue,BOS,DEN,22,1,8,2137,20.3,14.0,11.4,0.0,1026.3,62.4,1.21,0.25,0,0.0
FL-2787,Alaska,SEA,LAX,2,3,3,225,23.4,34.3,13.1,0.0,1019.7,67.4,1.0,0.14,1,105.0
FL-2788,Southwest,BOS,SFO,13,2,8,2916,14.8,16.8,7.6,2.5,1008.0,83.4,1.37,0.22,0,0.0
FL-2789,Southwest,ORD,DEN,6,2,2,783,29.9,11.5,4.4,1.6,1008.9,78.0,1.15,0.22,0,0.0
FL-2790,Southwest,MIA,LAX,14,0,5,1267,15.7,2.8,9.7,0.0,1015.6,97.9,1.18,0.22,0,0.0
FL-2791,United,ORD,DFW,16,4,4,1313,13.2,2.9,12.3,0.0,1015.5,69.9,2.7,0.18,0,0.0
FL-2792,Southwest,SFO,SEA,0,2,11,1356,-0.8,9.6,9.0,1.5,1012.7,59.0,1.0,0.22,0,0.0
FL-2793,American,ATL,SEA,8,2,9,1384,-5.3,30.7,9.6,0.0,1007.4,49.3,2.98,0.2,0,0.0
FL-2794,Delta,MIA,SEA,21,5,3,1967,10.8,1.8,15.0,1.3,1008.6,68.7,1.0,0.12,0,0.0
FL-2795,Southwest,SFO,SEA,13,3,12,579,-19.8,70.0,7.8,1.5,1012.8,48.2,1.0,0.22,0,0.0
FL-2796,Alaska,MIA,JFK,15,2,11,1484,29.9,31.3,12.8,0.0,1000.3,67.1,1.0,0.14,0,0.0
FL-2797,Delta,JFK,ORD,20,6,5,1606,25.7,7.5,7.1,1.2,1017.0,96.2,2.96,0.12,0,0.0
FL-2798,United,SFO,ATL,12,3,10,568,23.3,4.4,13.5,0.0,1015.1,82.5,2.03,0.18,0,0.0
FL-2799,Alaska,JFK,BOS,5,4,9,1300,28.4,38.3,9.8,0.3,1005.5,40.3,1.24,0.14,1,56.0
FL-2800,Delta,JFK,ATL,21,6,6,2456,11.7,2.0,11.5,0.0,1016.9,32.1,1.0,0.12,0,0.0
FL-2801,Alaska,MIA,SFO,0,5,2,1236,17.7,6.4,8.1,0.0,999.3,34.3,1.71,0.14,0,0.0
FL-2802,United,DEN,MIA,20,6,1,2144,10.5,1.3,10.3,0.6,1016.0,54.3,2.48,0.18,0,0.0
FL-2803,American,ORD,SEA,3,0,12,1793,28.3,46.0,10.5,0.0,1020.2,59.1,1.45,0.2,0,0.0
FL-2804,United,SFO,MIA,2,0,11,2121,-15.6,14.4,5.8,0.7,1016.2,85.1,1.0,0.18,0,0.0
FL-2805,United,SEA,ORD,16,4,1,224,28.3,6.1,8.5,0.0,1017.8,79.5,3.24,0.18,0,0.0
FL-2806,Alaska,DEN,SFO,1,4,7,745,-6.9,4.8,10.8,0.8,1018.3,75.3,1.56,0.14,0,0.0
FL-2807,JetBlue,ORD,SFO,18,6,12,1363,12.5,8.8,7.7,0.6,1016.2,54.1,2.25,0.25,0,0.0
FL-2808,Southwest,SFO,ATL,19,5,2,474,2.4,1.4,10.5,0.0,1012.6,54.9,2.84,0.22,0,0.0
FL-2809,Southwest,ATL,JFK,22,5,7,2469,13.4,33.0,9.4,0.0,1010.4,52.9,1.42,0.22,0,0.0
FL-2810,American,ORD,MIA,21,1,1,1352,8.4,10.7,11.8,0.0,1022.2,90.3,1.0,0.2,0,0.0
FL-2811,American,SEA,MIA,7,2,4,1546,10.4,19.4,9.5,2.5,1017.9,53.8,2.21,0.2,0,0.0
FL-2812,Southwest,BOS,LAX,14,2,10,1656,21.6,4.0,15.0,1.9,1022.5,38.5,1.0,0.22,0,0.0
FL-2813,JetBlue,LAX,MIA,5,2,11,2465,17.7,10.5,4.1,0.0,1020.9,61.9,1.0,0.25,0,0.0
FL-2814,Southwest,JFK,DEN,22,3,4,2070,27.0,3.6,7.6,1.4,1003.6,93.0,1.0,0.22,0,0.0
FL-2815,JetBlue,LAX,SFO,19,1,5,1471,20.0,25.4,12.0,0.0,1007.7,63.8,3.7,0.25,1,79.0
FL-2816,American,DEN,ATL,1,6,10,310,-4.1,22.4,10.6,0.0,998.3,63.9,1.0,0.2,0,0.0
FL-2817,Delta,BOS,LAX,14,2,1,1955,43.2,2.4,11.3,0.0,1000.5,41.1,1.68,0.12,0,0.0
FL-2818,Alaska,JFK,DEN,19,3,7,907,-8.8,1.2,0.5,0.0,998.6,74.7,3.54,0.14,1,152.0
FL-2819,American,SFO,DFW,11,3,11,2394,18.8,26.1,9.5,0.0,994.9,82.9,1.24,0.2,0,0.0
FL-2820,American,DEN,LAX,2,0,2,1567,23.8,1.7,10.0,0.0,1011.1,61.8,1.0,0.2,0,0.0
FL-2821,United,SEA,DEN,9,3,12,1728,18.5,11.9,11.8,0.4,1022.4,78.4,2.63,0.18,0,0.0
FL-2822,United,MIA,SFO,13,4,11,751,12.6,11.5,11.1,0.0,1015.8,20.0,1.04,0.18,0,0.0
FL-2823,United,SFO,BOS,21,5,11,333,32.8,3.4,10.0,0.0,1018.6,93.8,1.0,0.18,0,0.0
FL-2824,Alaska,ORD,SFO,13,3,2,2711,28.5,13.4,9.7,0.3,1013.4,67.0,1.06,0.14,0,0.0
FL-2825,United,MIA,BOS,2,4,8,2213,14.7,10.5,6.2,0.0,1014.2,52.5,1.0,0.18,0,0.0
FL-2826,JetBlue,DEN,BOS,0,4,9,1386,9.6,10.7,11.0,0.0,1019.2,57.7,1.93,0.25,0,0.0
FL-2827,Southwest,ORD,JFK,19,0,6,2703,5.2,6.7,9.6,0.5,1011.7,100.0,2.44,0.22,0,0.0
FL-2828,Delta,SEA,DFW,0,6,11,1284,6.1,27.3,8.7,0.0,1014.0,69.0,1.35,0.12,0,0.0
FL-2829,American,LAX,BOS,1,0,1,1228,14.3,1.3,10.0,0.8,1009.7,71.8,1.02,0.2,0,0.0
FL-2830,JetBlue,ORD,MIA,18,3,1,1260,-4.9,8.7,8.9,0.0,1003.3,65.9,3.38,0.25,1,88.0
FL-2831,Delta,LAX,DEN,23,0,11,2707,14.9,4.5,5.7,0.4,1012.0,55.1,1.42,0.12,0,0.0
FL-2832,JetBlue,JFK,DEN,9,0,7,1960,24.6,28.3,12.0,0.0,1003.6,38.8,3.07,0.25,0,0.0
FL-2833,JetBlue,ATL,MIA,3,6,8,2222,8.2,3.8,15.0,0.0,1020.0,78.6,1.0,0.25,0,0.0
FL-2834,American,DFW,JFK,3,5,3,1951,14.7,21.9,10.8,1.8,1016.9,58.7,1.0,0.2,0,0.0
FL-2835,Southwest,SFO,ATL,12,2,9,2386,18.7,14.2,10.9,0.0,1024.9,63.3,2.32,0.22,0,0.0
FL-2836,United,DFW,JFK,8,3,4,2865,20.8,31.2,14.5,0.0,1006.7,84.3,2.35,0.18,0,0.0
FL-2837,Alaska,JFK,DEN,6,6,4,2927,12.6,13.5,15.0,1.0,1002.0,78.6,1.0,0.14,0,0.0
FL-2838,Southwest,ORD,DFW,15,3,3,2846,36.1,12.2,9.5,0.0,1000.8,57.1,1.16,0.22,0,0.0
FL-2839,Alaska,JFK,LAX,17,3,8,795,15.0,24.2,7.8,0.0,1025.6,74.1,2.93,0.14,0,0.0
FL-2840,American,DFW,BOS,2,0,9,210,-1.0,12.4,11.3,2.7,1009.8,78.3,1.4,0.2,0,0.0
FL-2841,American,DFW,ATL,19,5,1,2574,10.4,27.9,10.5,0.0,1001.0,51.6,2.98,0.2,0,0.0
FL-2842,American,SFO,DEN,19,0,2,1921,30.6,0.8,12.9,0.0,1016.8,57.5,3.66,0.2,1,77.0
FL-2843,Delta,MIA,DEN,9,4,1,2626,29.6,10.3,10.0,0.0,1010.3,70.5,2.38,0.12,0,0.0
FL-2844,Alaska,BOS,MIA,23,1,4,2478,-5.6,25.1,10.2,0.0,1005.4,78.7,1.0,0.14,0,0.0
FL-2845,Southwest,JFK,BOS,21,1,10,1364,11.4,28.3,7.1,0.0,1024.9,72.3,1.32,0.22,0,0.0
FL-2846,Southwest,ATL,BOS,15,6,7,817,8.7,26.9,13.1,0.4,1011.9,72.1,1.0,0.22,0,0.0
FL-2847,JetBlue,BOS,MIA,2,1,7,964,24.3,13.9,8.1,0.3,1017.5,57.4,1.07,0.25,0,0.0
FL-2848,JetBlue,JFK,ATL,10,6,12,248,1.3,70.0,6.4,0.2,1016.5,48.6,3.05,0.25,1,76.0
FL-2849,JetBlue,SEA,LAX,9,2,6,650,33.7,3.0,2.0,2.4,1034.7,74.0,2.18,0.25,1,128.0
FL-2850,American,DEN,DFW,15,0,11,1998,-2.6,2.9,9.7,0.0,1011.4,52.7,1.31,0.2,0,0.0
FL-2851,Southwest,DEN,JFK,7,4,5,690,13.3,0.5,7.9,0.0,1005.0,56.8,2.65,0.22,0,0.0
FL-2852,Alaska,DFW,ORD,8,4,11,2092,0.5,68.1,9.3,0.0,1007.6,32.3,2.23,0.14,0,0.0
FL-2853,American,DEN,JFK,14,1,4,1632,22.9,6.4,8.5,0.3,1020.9,54.5,1.72,0.2,0,0.0
FL-2854,Delta,LAX,ATL,20,5,12,2654,-9.7,21.5,8.9,0.0,1015.0,57.5,3.31,0.12,0,0.0
FL-2855,JetBlue,ATL,DFW,2,2,8,1274,12.9,0.9,7.5,0.0,1009.2,47.4,1.66,0.25,0,0.0
FL-2856,American,DEN,MIA,3,6,7,2422,12.7,5.3,7.8,0.2,1015.7,48.8,1.0,0.2,0,0.0
FL-2857,American,ORD,SFO,12,2,11,1484,4.2,14.7,7.2,0.6,1023.6,66.6,1.07,0.2,0,0.0
FL-2858,Delta,LAX,SFO,11,1,11,2727,29.6,11.2,9.4,1.6,1026.3,74.7,1.55,0.12,0,0.0
FL-2859,United,BOS,JFK,20,6,10,1957,35.4,3.5,6.6,0.0,1016.0,74.9,3.06,0.18,0,0.0
FL-2860,Southwest,LAX,SEA,8,6,1,422,10.2,9.3,13.8,0.0,1022.1,76.4,3.38,0.22,0,0.0
FL-2861,Alaska,JFK,DFW,13,1,6,468,16.6,1.7,10.0,0.4,1001.6,83.1,1.0,0.14,0,0.0
FL-2862,United,DFW,SFO,18,0,2,1100,7.6,11.7,5.4,0.0,1018.0,87.4,3.04,0.18,1,46.0
FL-2863,JetBlue,SFO,LAX,6,5,4,1118,-0.2,1.5,10.7,0.4,1011.6,62.0,1.46,0.25,1,52.0
FL-2864,American,SFO,JFK,15,2,5,2565,1.6,15.2,7.3,0.1,1003.8,56.8,1.23,0.2,0,0.0
FL-2865,Delta,SEA,BOS,21,4,8,584,1.9,2.5,13.1,0.0,1005.5,78.5,1.17,0.12,0,0.0
FL-2866,Delta,ATL,LAX,19,1,6,1809,30.0,11.9,8.2,0.0,1006.5,39.1,3.2,0.12,0,0.0
FL-2867,Southwest,JFK,DEN,4,0,11,825,20.2,2.1,14.2,0.0,1015.3,63.3,1.0,0.22,0,0.0
FL-2868,United,SFO,JFK,9,4,2,1423,3.6,7.7,13.0,0.0,1004.1,49.8,2.42,0.18,0,0.0
FL-2869,Southwest,DFW,JFK,17,2,5,2107,4.6,6.5,15.0,0.0,1018.7,50.8,3.15,0.22,0,0.0
FL-2870,American,BOS,SEA,10,1,5,2890,3.0,21.2,10.3,0.5,1020.7,55.3,2.71,0.2,0,0.0
FL-2871,Southwest,SFO,ATL,6,6,6,1562,-7.5,15.4,12.1,0.0,1012.0,77.7,1.0,0.22,0,0.0
FL-2872,Alaska,ORD,BOS,13,5,1,2951,21.2,41.5,10.0,0.0,1011.3,100.0,1.15,0.14,0,0.0
FL-2873,Delta,LAX,SFO,19,1,8,1914,13.5,38.2,10.3,0.0,1014.3,78.9,3.24,0.12,1,122.0
FL-2874,Delta,SFO,MIA,17,5,3,2552,35.5,19.4,13.7,0.0,1009.1,31.6,3.14,0.12,0,0.0
FL-2875,JetBlue,JFK,LAX,10,0,5,1975,-10.0,22.1,12.3,0.0,1024.7,61.1,2.51,0.25,1,50.0
FL-2876,JetBlue,DEN,SFO,21,0,7,1468,25.2,14.7,9.7,3.6,996.3,53.4,1.0,0.25,1,45.0
FL-2877,American,DEN,SEA,11,2,3,1041,26.2,17.6,14.0,1.4,1009.9,46.5,1.0,0.2,0,0.0
FL-2878,Alaska,BOS,JFK,17,5,10,1852,27.8,14.4,13.0,0.0,1000.5,61.8,3.17,0.14,1,117.0
FL-2879,United,DEN,BOS,1,1,6,1431,17.9,5.6,14.7,0.0,1017.6,52.0,1.0,0.18,0,0.0
FL-2880,Southwest,BOS,ORD,22,0,5,1947,26.1,6.5,13.7,0.0,1014.7,50.4,1.57,0.22,0,0.0
FL-2881,American,JFK,LAX,0,1,7,2758,18.7,12.8,8.9,0.0,1019.0,77.4,1.0,0.2,0,0.0
FL-2882,JetBlue,ATL,JFK,22,2,10,1482,6.0,19.1,8.6,0.0,1014.3,68.3,1.2,0.25,0,0.0
FL-2883,Southwest,DEN,SFO,9,5,11,2410,10.2,7.8,8.7,0.0,1016.1,94.3,3.1,0.22,0,0.0
FL-2884,JetBlue,SEA,SFO,20,1,3,937,9.9,2.3,12.3,0.0,1006.0,43.0,2.4,0.25,0,0.0
FL-2885,Southwest,DFW,JFK,0,4,2,540,29.0,9.2,14.0,0.0,1014.2,38.9,1.22,0.22,0,0.0
FL-2886,United,LAX,ATL,5,1,4,2151,30.4,49.5,13.2,0.0,1006.7,59.2,1.0,0.18,1,50.0
FL-2887,American,DEN,MIA,6,3,3,1981,24.8,3.6,5.7,0.1,1017.9,56.1,1.0,0.2,0,0.0
FL-2888,Southwest,BOS,ORD,16,3,4,729,15.7,15.7,7.9,0.0,1005.4,76.8,3.77,0.22,1,54.0
FL-2889,Alaska,JFK,ATL,8,6,7,233,-9.7,60.7,12.0,0.0,1008.9,72.5,2.03,0.14,1,80.0
FL-2890,Delta,DEN,ORD,6,2,5,522,24.9,7.1,13.7,3.6,1012.3,75.6,1.63,0.12,0,0.0
FL-2891,Alaska,SFO,MIA,16,2,4,1404,24.4,32.8,10.9,0.6,1025.3,37.0,2.44,0.14,0,0.0
FL-2892,Alaska,DEN,ATL,2,2,6,2186,18.4,29.9,14.6,0.0,1013.3,60.3,1.0,0.14,0,0.0
FL-2893,Delta,BOS,ATL,15,4,7,546,20.8,6.2,4.3,0.0,1029.2,30.9,1.0,0.12,0,0.0
FL-2894,Alaska,ORD,ATL,4,5,12,1929,5.3,1.6,9.4,3.0,1024.1,84.1,1.0,0.14,0,0.0
FL-2895,Southwest,ORD,BOS,19,4,11,1415,10.9,3.0,14.3,3.7,1010.6,50.0,2.54,0.22,1,62.0
FL-2896,Southwest,DEN,LAX,17,6,5,1802,5.2,6.8,11.0,4.0,1016.2,64.5,3.39,0.22,0,0.0
FL-2897,Southwest,LAX,DFW,0,1,12,2968,13.1,48.0,7.6,0.0,1017.4,38.3,2.06,0.22,1,67.0
FL-2898,Delta,JFK,SEA,3,0,7,1902,25.5,4.8,12.4,0.0,989.4,50.3,1.71,0.12,1,72.0
FL-2899,Alaska,SEA,SFO,22,5,3,444,20.3,39.2,10.4,0.0,999.3,59.4,1.02,0.14,0,0.0
FL-2900,Delta,SEA,DEN,10,3,7,2925,2.5,3.0,8.6,0.0,1016.6,63.0,2.38,0.12,0,0.0
FL-2901,Southwest,DEN,MIA,19,3,12,2031,37.0,52.5,5.3,0.0,1017.1,66.6,2.87,0.22,1,65.0
FL-2902,Alaska,DEN,LAX,8,6,3,2970,17.1,5.2,12.1,0.9,1014.2,77.7,1.4,0.14,0,0.0
FL-2903,Alaska,ORD,DFW,7,3,6,332,6.9,15.0,6.7,0.1,1004.1,83.7,2.6,0.14,0,0.0
FL-2904,JetBlue,BOS,SFO,7,6,8,1570,11.4,1.1,15.0,1.8,1032.3,77.0,2.77,0.25,0,0.0
FL-2905,JetBlue,LAX,ATL,4,1,6,2296,8.3,5.3,4.7,0.9,1017.5,67.1,1.0,0.25,0,0.0
FL-2906,United,DEN,BOS,11,1,10,1287,17.7,3.5,10.2,0.8,1021.2,53.6,1.0,0.18,0,0.0
FL-2907,American,SEA,ATL,0,2,11,1847,-0.9,0.1,12.3,0.0,1020.5,60.0,1.0,0.2,0,0.0
FL-2908,JetBlue,JFK,ORD,14,0,3,2091,18.5,2.6,6.9,5.1,1014.2,64.2,1.45,0.25,1,63.0
FL-2909,Delta,ATL,DEN,17,2,12,1920,25.1,13.5,7.9,0.0,1013.7,71.2,2.52,0.12,0,0.0
FL-2910,JetBlue,SFO,JFK,5,1,5,1327,22.9,7.4,12.6,0.0,1020.2,49.7,1.0,0.25,0,0.0
FL-2911,United,DEN,SFO,9,4,9,2460,18.2,19.2,7.1,0.0,1008.8,62.5,2.19,0.18,0,0.0
FL-2912,Alaska,BOS,JFK,13,2,8,1740,21.9,16.7,15.0,0.0,1020.8,80.7,1.23,0.14,0,0.0
FL-2913,United,DEN,SEA,20,5,6,318,19.7,24.1,10.2,0.0,1014.4,82.3,2.63,0.18,1,62.0
FL-2914,Alaska,BOS,DFW,7,1,9,2926,27.6,30.3,8.7,0.0,1017.7,57.5,3.27,0.14,0,0.0
FL-2915,Alaska,LAX,DEN,2,1,2,1094,12.1,25.7,14.9,0.0,1014.4,55.0,1.0,0.14,0,0.0
FL-2916,American,ATL,LAX,21,4,11,1465,4.0,8.9,6.8,0.0,1005.9,67.1,1.0,0.2,0,0.0
FL-2917,JetBlue,DFW,LAX,21,4,9,2527,19.4,5.5,15.0,0.0,1011.7,63.7,1.03,0.25,1,74.0
FL-2918,Delta,JFK,BOS,18,4,10,2671,28.0,10.5,7.1,0.0,1022.8,32.3,3.5,0.12,0,0.0
FL-2919,Delta,JFK,ATL,11,0,10,562,10.3,11.5,13.8,0.0,1018.2,96.2,1.3,0.12,0,0.0
FL-2920,Southwest,BOS,SFO,11,5,6,1973,34.2,5.6,15.0,0.0,1021.8,53.0,1.0,0.22,0,0.0
FL-2921,Alaska,ORD,SFO,14,1,9,1940,19.6,11.6,9.7,1.2,1020.5,56.5,1.25,0.14,0,0.0
FL-2922,Delta,BOS,ATL,6,4,12,513,26.1,1.7,9.7,0.9,1008.4,42.4,1.5,0.12,0,0.0
FL-2923,American,ORD,LAX,3,0,4,1736,1.1,3.9,9.1,0.0,1000.5,83.2,1.55,0.2,0,0.0
FL-2924,Alaska,MIA,SEA,20,3,5,1906,24.5,20.6,7.7,0.0,1019.8,52.5,3.75,0.14,1,75.0
FL-2925,American,SEA,DEN,8,5,2,1286,20.6,3.0,10.3,2.4,1011.6,72.5,3.62,0.2,0,0.0
FL-2926,Delta,JFK,ORD,21,6,3,471,40.3,2.2,12.7,1.3,1018.5,76.3,1.05,0.12,0,0.0
FL-2927,Delta,LAX,DEN,15,6,1,1260,21.2,5.1,11.8,0.0,1024.2,53.5,1.0,0.12,0,0.0
FL-2928,Southwest,BOS,MIA,12,3,4,1989,22.8,7.0,11.5,0.0,1010.2,51.3,1.0,0.22,0,0.0
FL-2929,Delta,LAX,MIA,3,3,12,2590,5.2,6.0,7.8,0.0,1006.9,69.6,1.0,0.12,0,0.0
FL-2930,Alaska,ATL,JFK,23,1,2,2593,18.8,7.0,6.8,4.0,1004.8,29.1,1.0,0.14,0,0.0
FL-2931,Alaska,LAX,SFO,8,0,12,2480,28.7,2.3,15.0,0.0,1012.8,77.0,2.24,0.14,0,0.0
FL-2932,Alaska,DEN,LAX,20,0,2,1189,10.8,2.7,6.0,0.0,1001.7,60.4,2.47,0.14,0,0.0
FL-2933,Southwest,SEA,SFO,17,3,1,2823,6.5,4.0,9.5,0.0,1015.8,51.8,3.11,0.22,0,0.0
FL-2934,Southwest,DEN,MIA,14,5,10,2663,39.1,7.7,12.3,0.0,1016.2,55.1,1.0,0.22,0,0.0
FL-2935,Delta,SFO,MIA,14,2,12,1104,11.7,6.1,14.6,1.5,1016.2,60.8,1.04,0.12,0,0.0
FL-2936,United,BOS,ORD,5,3,2,2514,25.9,23.5,10.1,3.0,999.5,57.6,1.0,0.18,0,0.0
FL-2937,United,JFK,MIA,10,1,4,943,9.3,11.2,10.8,0.6,1022.5,90.0,2.72,0.18,0,0.0
FL-2938,Southwest,BOS,DFW,7,3,6,1110,9.7,12.9,8.6,0.0,1014.0,44.3,2.17,0.22,0,0.0
FL-2939,Delta,SEA,MIA,20,5,12,2690,13.5,12.3,15.0,0.0,1009.4,47.9,3.74,0.12,0,0.0
FL-2940,United,DFW,SEA,16,5,7,2807,21.9,7.6,14.1,3.6,1018.2,65.4,1.9,0.18,0,0.0
FL-2941,Delta,DFW,MIA,23,3,7,2085,29.0,59.0,7.0,0.0,1018.1,85.2,1.0,0.12,0,0.0
FL-2942,Delta,SFO,DEN,16,0,7,1945,8.3,0.6,12.0,0.0,1003.8,58.2,3.25,0.12,1,54.0
FL-2943,Delta,SEA,LAX,23,3,4,2323,28.4,3.6,9.7,0.0,1012.6,47.9,1.0,0.12,0,0.0
FL-2944,JetBlue,MIA,SFO,17,4,12,446,16.7,5.0,10.9,1.8,1008.2,66.4,3.66,0.25,1,92.0
FL-2945,Alaska,MIA,BOS,3,4,5,2051,12.9,32.0,7.6,0.0,1009.6,77.1,1.51,0.14,0,0.0
FL-2946,Delta,MIA,LAX,14,2,11,2827,21.7,37.7,4.1,0.8,1017.2,76.1,1.85,0.12,0,0.0
FL-2947,JetBlue,JFK,LAX,1,1,12,2560,32.1,28.1,6.7,0.0,1006.0,40.9,1.64,0.25,0,0.0
FL-2948,Southwest,JFK,SFO,1,1,3,775,21.2,8.1,8.3,0.0,1017.4,76.0,1.36,0.22,0,0.0
FL-2949,United,MIA,SFO,9,6,1,1815,6.3,36.9,8.5,2.3,1005.6,57.0,2.57,0.18,1,93.0
FL-2950,Alaska,DFW,ORD,2,0,8,2590,16.8,1.6,3.0,0.1,1022.7,39.0,1.0,0.14,0,0.0
FL-2951,United,SEA,MIA,7,1,10,2962,21.7,15.9,10.9,0.0,1007.8,81.9,3.17,0.18,0,0.0
FL-2952,Alaska,LAX,MIA,19,2,11,1405,7.9,41.5,5.8,0.9,1031.4,36.0,2.67,0.14,1,102.0
FL-2953,United,SEA,LAX,6,4,7,1183,18.4,21.1,9.9,0.0,1019.5,40.4,1.0,0.18,0,0.0
FL-2954,Alaska,MIA,DEN,11,0,9,2973,6.4,4.9,6.4,0.0,1011.5,83.3,1.0,0.14,0,0.0
FL-2955,United,SEA,JFK,18,5,10,2879,22.6,19.0,4.6,0.8,1005.4,38.8,2.73,0.18,0,0.0
FL-2956,United,ATL,BOS,14,4,4,2646,32.6,5.2,9.9,0.2,1017.2,53.4,1.58,0.18,0,0.0
FL-2957,United,JFK,MIA,13,2,12,2961,14.0,1.8,9.4,0.0,1021.1,48.3,1.45,0.18,0,0.0
FL-2958,United,JFK,DEN,15,0,12,1123,23.9,18.9,10.3,0.0,1018.0,61.1,1.26,0.18,0,0.0
FL-2959,Southwest,DFW,LAX,13,3,5,491,27.3,3.0,14.8,0.0,1008.4,51.9,1.0,0.22,0,0.0
FL-2960,Delta,LAX,ATL,2,1,5,2301,9.9,1.8,12.1,2.1,1024.4,46.7,1.0,0.12,0,0.0
FL-2961,American,MIA,JFK,17,2,7,1579,20.1,12.0,15.0,0.0,1015.3,72.9,2.96,0.2,0,0.0
FL-2962,JetBlue,BOS,DFW,21,0,9,2724,28.7,14.5,9.1,1.9,1007.8,76.5,1.67,0.25,0,0.0
FL-2963,American,DFW,BOS,5,4,8,221,34.6,0.8,7.8,1.4,1030.7,49.3,1.0,0.2,0,0.0
FL-2964,American,DFW,DEN,16,0,7,1515,11.7,0.1,11.4,0.0,1018.2,71.5,2.72,0.2,0,0.0
FL-2965,Alaska,LAX,SFO,22,3,1,1252,1.5,32.1,15.0,3.0,1016.3,100.0,1.43,0.14,0,0.0
FL-2966,Delta,DEN,ORD,13,2,12,2942,22.0,1.8,6.6,0.0,1009.1,64.6,1.0,0.12,0,0.0
FL-2967,Alaska,MIA,DFW,13,0,10,2161,17.7,13.2,14.2,4.5,1012.7,64.9,1.62,0.14,0,0.0
FL-2968,Delta,BOS,MIA,19,5,6,2407,15.4,46.0,11.4,5.3,1006.5,63.5,2.56,0.12,1,61.0
FL-2969,Delta,JFK,ORD,12,2,10,1109,8.8,10.8,8.7,0.0,1014.5,65.7,1.1,0.12,0,0.0
FL-2970,United,LAX,SFO,2,2,9,729,25.6,2.3,14.5,0.0,1017.4,64.0,1.16,0.18,0,0.0
FL-2971,Southwest,BOS,SFO,12,4,7,300,7.9,7.5,6.4,1.4,997.5,32.6,1.0,0.22,0,0.0
FL-2972,United,ATL,SEA,23,6,1,1513,6.9,14.7,12.0,0.2,1002.7,70.3,1.67,0.18,0,0.0
FL-2973,Southwest,DFW,SEA,1,1,9,2590,13.4,21.6,9.4,5.6,1005.7,53.1,1.02,0.22,0,0.0
FL-2974,Alaska,LAX,SFO,8,6,3,2151,26.1,14.0,13.4,0.0,1001.0,45.4,2.84,0.14,0,0.0
FL-2975,Southwest,JFK,BOS,12,5,9,2101,-1.3,0.5,11.0,0.0,1006.4,39.6,1.0,0.22,0,0.0
FL-2976,Alaska,SEA,ATL,7,3,4,778,2.8,2.3,13.3,0.0,1024.8,44.4,2.49,0.14,0,0.0
FL-2977,American,JFK,BOS,15,0,9,1414,5.2,7.0,10.1,0.0,1022.1,95.0,1.18,0.2,0,0.0
FL-2978,American,ATL,MIA,23,6,8,989,38.8,18.3,8.7,4.0,1008.0,53.9,1.0,0.2,0,0.0
FL-2979,Southwest,LAX,DEN,2,1,7,1566,18.4,13.2,9.8,0.0,1017.4,55.6,1.0,0.22,0,0.0
FL-2980,Southwest,ATL,DFW,12,4,4,2372,2.5,0.7,10.5,0.2,1003.8,81.9,1.0,0.22,0,0.0
FL-2981,Alaska,MIA,LAX,3,1,9,1831,13.4,23.9,11.1,0.0,1028.6,80.1,1.02,0.14,0,0.0
FL-2982,United,MIA,SEA,17,2,4,2916,24.3,13.9,12.0,0.6,1011.4,54.2,2.99,0.18,0,0.0
FL-2983,Alaska,SEA,SFO,1,2,1,1583,39.0,32.7,10.0,0.0,996.8,46.8,1.0,0.14,0,0.0
FL-2984,United,DFW,ORD,19,3,6,702,-3.5,8.1,12.0,0.0,1030.9,91.8,3.5,0.18,1,83.0
FL-2985,American,DEN,MIA,21,5,4,372,2.1,10.1,15.0,0.0,1010.6,73.9,1.0,0.2,0,0.0
FL-2986,Delta,ORD,MIA,20,0,10,1086,10.9,7.8,7.8,0.0,1029.3,54.0,2.35,0.12,0,0.0
FL-2987,Southwest,BOS,SFO,14,0,3,1617,11.4,19.2,13.0,1.9,1020.3,91.1,1.0,0.22,0,0.0
FL-2988,United,ATL,LAX,16,4,12,2367,11.2,20.9,8.0,7.5,1015.4,57.5,3.79,0.18,1,69.0
FL-2989,Alaska,BOS,MIA,9,3,5,472,13.7,19.3,7.2,0.0,998.3,52.0,2.17,0.14,0,0.0
FL-2990,American,SEA,JFK,0,0,3,1609,39.3,5.2,14.3,0.0,1013.9,45.4,1.99,0.2,0,0.0
FL-2991,United,BOS,JFK,5,5,11,1057,-0.2,15.2,7.3,0.0,1000.5,41.0,1.0,0.18,0,0.0
FL-2992,Alaska,BOS,SFO,2,2,9,2110,16.9,6.2,9.9,1.5,1010.3,67.8,1.78,0.14,0,0.0
FL-2993,Southwest,JFK,SFO,18,3,12,2157,21.7,27.0,7.6,0.5,1014.3,20.0,3.65,0.22,1,75.0
FL-2994,Southwest,LAX,BOS,6,1,6,460,-2.4,0.9,15.0,0.0,1023.6,42.5,1.07,0.22,0,0.0
FL-2995,JetBlue,DFW,MIA,12,6,3,1552,32.2,0.6,9.9,0.6,1008.2,63.9,1.0,0.25,0,0.0
FL-2996,Delta,ORD,LAX,12,6,5,1347,13.1,1.6,6.7,0.0,1030.2,85.9,1.0,0.12,0,0.0
FL-2997,JetBlue,LAX,MIA,16,3,8,1699,2.0,3.4,7.4,0.1,1000.7,75.7,2.87,0.25,0,0.0
FL-2998,American,JFK,ATL,0,3,8,477,33.6,0.6,15.0,0.0,1006.5,87.2,1.17,0.2,0,0.0
FL-2999,United,BOS,JFK,13,5,6,2340,23.2,1.1,9.4,0.1,1014.4,62.5,1.0,0.18,0,0.0
FL-3000,American,ORD,SEA,2,5,5,1022,8.5,5.5,9.8,0.0,994.4,100.0,1.0,0.2,0,0.0
FL-3001,Alaska,JFK,ATL,13,0,5,2375,23.7,1.6,14.5,0.0,1003.6,35.0,1.0,0.14,0,0.0
FL-3002,Southwest,JFK,SEA,23,6,1,731,19.7,24.3,13.8,0.0,1016.7,51.3,1.0,0.22,0,0.0
FL-3003,JetBlue,JFK,MIA,0,4,2,366,-3.4,0.8,7.4,3.0,1020.5,79.6,1.0,0.25,0,0.0
FL-3004,JetBlue,MIA,LAX,15,4,12,1030,-2.3,35.8,7.6,6.8,1005.2,67.6,1.0,0.25,1,145.0
FL-3005,JetBlue,ORD,JFK,9,5,11,435,19.0,30.7,8.3,0.8,1008.8,49.4,2.53,0.25,0,0.0
FL-3006,American,JFK,MIA,12,0,4,1255,-6.3,3.5,9.0,1.9,1017.0,70.1,1.32,0.2,0,0.0
FL-3007,Southwest,DEN,JFK,3,0,6,1454,27.1,1.1,12.5,0.8,999.1,53.9,1.73,0.22,0,0.0
FL-3008,United,BOS,SFO,8,0,11,390,-1.6,1.7,9.7,0.0,1011.5,56.6,1.85,0.18,0,0.0
FL-3009,Alaska,ORD,SEA,13,5,7,2904,26.0,12.3,9.1,0.0,1011.1,98.9,1.0,0.14,0,0.0
FL-3010,United,MIA,DEN,3,4,1,812,32.1,13.8,10.0,0.0,1027.1,83.1,1.3,0.18,0,0.0
FL-3011,American,ATL,DFW,9,0,8,1731,20.9,5.7,8.3,0.0,1017.3,76.2,2.52,0.2,0,0.0
FL-3012,Alaska,ATL,JFK,7,5,12,2502,-29.3,5.3,14.7,0.0,1013.2,75.0,1.99,0.14,0,0.0
FL-3013,JetBlue,DFW,JFK,22,1,1,1923,28.4,11.4,7.9,2.4,1019.1,44.8,1.49,0.25,0,0.0
FL-3014,Delta,SFO,ATL,2,1,9,1172,9.8,5.5,10.1,0.0,1014.8,47.6,1.01,0.12,0,0.0
FL-3015,American,DEN,DFW,22,2,4,848,14.3,40.8,11.9,0.0,1005.5,75.9,1.85,0.2,1,49.0
FL-3016,American,ATL,MIA,6,1,12,305,6.1,7.2,12.0,2.4,1018.8,82.0,1.07,0.2,0,0.0
FL-3017,Southwest,MIA,ATL,9,3,7,1804,35.2,3.7,8.8,0.3,1019.9,82.5,2.25,0.22,0,0.0
FL-3018,United,SFO,JFK,2,2,11,391,17.1,2.4,13.3,0.0,1010.4,56.5,1.0,0.18,0,0.0
FL-3019,American,JFK,MIA,1,1,6,1202,10.1,15.0,15.0,0.0,1014.6,49.0,1.0,0.2,0,0.0
FL-3020,American,JFK,ORD,14,3,9,1501,31.1,5.9,15.0,0.0,1028.6,72.6,1.71,0.2,0,0.0
FL-3021,JetBlue,SEA,LAX,8,1,2,1767,25.6,3.1,2.6,0.0,1014.7,38.9,2.45,0.25,1,72.0
FL-3022,JetBlue,BOS,MIA,14,5,11,2422,1.4,4.8,9.8,1.5,1011.4,56.5,1.0,0.25,0,0.0
FL-3023,Alaska,SFO,DFW,16,6,7,1993,19.0,5.5,8.0,2.0,1005.0,85.4,3.45,0.14,1,46.0
FL-3024,Delta,BOS,LAX,6,3,11,834,17.6,14.7,11.7,0.0,1005.8,54.7,1.0,0.12,0,0.0
FL-3025,Southwest,MIA,DFW,19,0,5,284,-2.7,2.9,13.2,0.0,1013.8,78.0,3.28,0.22,1,81.0
FL-3026,Delta,DEN,SEA,17,5,7,2211,24.9,19.8,6.6,2.6,1008.0,27.4,2.76,0.12,0,0.0
FL-3027,Alaska,SFO,DEN,14,6,1,927,14.7,5.5,12.6,0.2,1017.8,61.1,1.26,0.14,0,0.0
FL-3028,JetBlue,ATL,ORD,17,3,11,1260,40.8,10.1,9.9,1.9,1009.6,44.6,2.3,0.25,1,71.0
FL-3029,United,DEN,SEA,23,5,11,1887,31.9,16.0,9.2,0.2,1036.0,29.5,1.14,0.18,0,0.0
FL-3030,JetBlue,SEA,BOS,22,0,10,1799,17.7,11.8,11.6,0.0,1014.9,52.5,1.0,0.25,0,0.0
FL-3031,Southwest,BOS,DFW,11,3,9,269,14.0,16.3,9.6,0.0,1000.4,62.9,1.0,0.22,0,0.0
FL-3032,JetBlue,BOS,LAX,22,3,1,353,-9.5,5.8,13.4,0.0,1014.5,58.5,1.3,0.25,0,0.0
FL-3033,Southwest,DEN,LAX,20,6,5,1661,25.1,49.6,8.8,0.0,1010.0,67.5,2.91,0.22,1,63.0
FL-3034,Southwest,JFK,MIA,7,5,8,2518,14.2,9.2,14.0,0.0,1018.7,74.0,2.19,0.22,0,0.0
FL-3035,Southwest,BOS,JFK,1,1,1,2788,9.4,5.8,9.9,0.0,1013.0,71.5,1.0,0.22,0,0.0
FL-3036,Alaska,SEA,LAX,1,3,7,2219,15.3,5.3,2.9,0.0,1016.3,63.9,1.33,0.14,0,0.0
FL-3037,Southwest,ATL,DFW,4,1,2,1297,33.6,0.7,7.6,1.3,1034.7,70.8,1.01,0.22,0,0.0
FL-3038,Southwest,ORD,JFK,0,3,7,770,31.4,17.3,9.7,0.0,1011.3,38.9,1.29,0.22,0,0.0
FL-3039,United,ATL,DFW,21,4,7,348,31.3,4.6,11.1,6.7,1018.9,42.0,1.0,0.18,1,78.0
FL-3040,Delta,ATL,SFO,3,2,9,2257,2.5,47.9,9.7,0.0,1021.9,45.0,1.49,0.12,0,0.0
FL-3041,American,BOS,SEA,5,1,6,2891,34.0,3.5,7.9,1.8,1015.5,65.2,1.0,0.2,0,0.0
FL-3042,Delta,LAX,JFK,22,1,4,2309,9.1,11.3,15.0,0.0,1000.1,80.0,1.0,0.12,0,0.0
FL-3043,Southwest,JFK,SFO,12,6,7,1611,24.0,19.9,14.2,0.0,1019.2,94.7,1.26,0.22,0,0.0
FL-3044,United,BOS,LAX,18,0,7,2118,22.5,30.6,6.4,0.0,997.1,72.4,3.5,0.18,1,80.0
FL-3045,JetBlue,JFK,BOS,10,4,4,973,13.3,2.6,7.5,0.0,1026.7,35.6,2.74,0.25,0,0.0
FL-3046,United,MIA,SFO,12,0,2,1953,17.6,63.4,11.0,0.0,1002.6,70.7,1.56,0.18,0,0.0
FL-3047,Southwest,LAX,ORD,7,4,11,2071,-4.7,35.6,9.5,5.6,1028.7,79.0,2.96,0.22,1,123.0
FL-3048,United,BOS,ORD,6,4,9,2775,15.7,49.4,1.8,0.0,1013.7,55.5,1.15,0.18,1,102.0
FL-3049,United,DFW,SEA,12,5,8,1773,12.2,28.7,7.8,0.2,1020.0,59.3,1.0,0.18,0,0.0
FL-3050,Southwest,ATL,JFK,0,5,5,1912,41.4,31.5,12.2,2.9,1017.1,81.4,1.0,0.22,0,0.0
FL-3051,Alaska,MIA,ORD,5,5,5,2692,15.3,13.7,10.3,1.1,1020.8,62.2,1.0,0.14,0,0.0
FL-3052,United,LAX,JFK,6,3,1,1544,6.4,28.0,7.2,3.7,997.2,66.8,1.27,0.18,0,0.0
FL-3053,American,BOS,MIA,15,6,11,1306,16.4,11.5,8.3,0.0,1007.9,58.4,1.29,0.2,0,0.0
FL-3054,American,SEA,JFK,14,0,9,216,6.9,11.6,9.3,0.0,1016.3,84.9,1.0,0.2,0,0.0
FL-3055,United,DEN,DFW,19,2,11,2616,-2.0,12.4,15.0,0.0,1013.4,37.8,2.37,0.18,0,0.0
FL-3056,Alaska,DEN,ATL,1,4,10,1891,19.9,70.0,10.1,0.0,1009.8,60.2,1.0,0.14,1,70.0
FL-3057,JetBlue,JFK,MIA,22,4,11,2931,15.1,1.7,7.8,1.8,1014.5,56.3,1.83,0.25,0,0.0
FL-3058,Southwest,LAX,SFO,15,6,8,782,26.9,24.6,15.0,1.5,1011.2,54.6,1.27,0.22,0,0.0
FL-3059,American,ATL,SEA,16,1,5,454,32.5,4.8,11.7,0.0,1030.7,44.1,2.78,0.2,0,0.0
FL-3060,JetBlue,ATL,JFK,23,3,10,2703,37.7,6.7,7.6,0.0,1023.7,88.8,1.11,0.25,0,0.0
FL-3061,United,ORD,SFO,14,2,6,2890,17.8,1.3,10.1,0.0,1024.9,58.5,1.18,0.18,0,0.0
FL-3062,JetBlue,DEN,ATL,2,5,12,760,23.3,6.5,9.4,0.0,1027.5,52.0,1.36,0.25,0,0.0
FL-3063,Delta,MIA,ORD,3,4,10,2780,18.4,70.0,11.6,0.0,1016.9,79.3,1.0,0.12,0,0.0
FL-3064,American,LAX,SFO,11,1,11,1615,-12.8,7.6,6.2,0.0,1005.5,64.9,1.0,0.2,0,0.0
FL-3065,United,ATL,ORD,4,0,10,519,29.8,16.6,6.4,0.0,1010.8,33.9,1.11,0.18,0,0.0
FL-3066,Southwest,ORD,SEA,16,4,8,419,21.5,1.9,9.2,2.7,1015.8,30.3,3.02,0.22,0,0.0
FL-3067,Alaska,LAX,ATL,5,1,6,898,21.7,38.4,7.4,0.0,1014.2,62.5,1.28,0.14,1,136.0
FL-3068,United,SFO,JFK,9,0,10,1637,8.8,26.4,13.1,0.0,1002.4,74.6,1.84,0.18,0,0.0
FL-3069,Southwest,ATL,BOS,21,3,4,231,7.3,7.3,6.9,3.7,1015.9,63.3,1.0,0.22,0,0.0
FL-3070,Alaska,SFO,BOS,17,5,3,914,14.2,6.4,15.0,0.1,1004.0,39.3,2.96,0.14,0,0.0
FL-3071,Alaska,LAX,DEN,9,6,7,1239,21.7,8.5,9.5,1.2,1028.5,81.7,2.81,0.14,0,0.0
FL-3072,United,ATL,JFK,5,0,2,608,-8.4,7.7,10.4,0.3,1019.2,50.7,1.14,0.18,0,0.0
FL-3073,JetBlue,SFO,SEA,23,4,7,2420,17.4,4.5,11.1,0.0,1011.5,100.0,1.0,0.25,0,0.0
FL-3074,JetBlue,DFW,LAX,5,2,1,1135,35.3,70.0,9.8,0.0,1013.5,62.0,1.55,0.25,1,50.0
FL-3075,Alaska,ORD,BOS,19,0,10,1327,13.4,25.0,13.5,0.0,1026.8,73.9,2.73,0.14,0,0.0
FL-3076,JetBlue,MIA,SEA,14,2,5,1540,-8.8,4.7,10.4,2.2,1001.0,85.1,1.0,0.25,0,0.0
FL-3077,Delta,DEN,ORD,3,2,9,906,12.7,60.0,8.4,0.0,1009.2,69.9,1.06,0.12,0,0.0
FL-3078,Alaska,ORD,SFO,15,0,1,982,18.5,0.2,5.9,0.0,1017.3,63.9,1.0,0.14,0,0.0
FL-3079,Alaska,SFO,BOS,21,6,8,1404,19.5,8.6,11.2,0.0,996.5,78.2,1.53,0.14,0,0.0
FL-3080,Southwest,ATL,JFK,23,6,9,2379,16.9,12.6,12.7,0.0,1011.9,59.6,1.7,0.22,1,50.0
FL-3081,JetBlue,DFW,BOS,7,3,9,2910,38.2,0.6,6.2,0.0,1009.4,68.5,2.27,0.25,0,0.0
FL-3082,Alaska,DFW,ATL,6,6,8,1378,16.7,2.6,8.9,0.0,1032.8,61.6,1.0,0.14,0,0.0
FL-3083,Delta,DEN,ATL,18,0,4,2606,17.3,4.5,12.9,0.0,1011.9,65.7,3.3,0.12,1,72.0
FL-3084,Southwest,DFW,ATL,16,6,7,1458,8.2,19.1,7.4,0.0,1004.7,80.0,3.03,0.22,0,0.0
FL-3085,United,ORD,BOS,20,1,1,364,26.3,42.1,7.4,0.0,1005.9,43.2,2.66,0.18,1,61.0
FL-3086,Alaska,BOS,SFO,12,5,7,2964,35.4,14.7,9.5,0.9,991.5,56.7,1.0,0.14,0,0.0
FL-3087,Delta,DFW,SEA,14,2,6,2674,7.5,12.4,13.9,0.0,1026.5,55.9,1.0,0.12,0,0.0
FL-3088,American,DEN,ATL,1,5,5,2924,13.7,11.5,12.8,0.0,1013.9,82.7,1.0,0.2,0,0.0
FL-3089,Delta,DFW,ORD,9,4,1,2735,-12.9,6.5,13.9,0.0,1011.6,62.6,2.95,0.12,0,0.0
FL-3090,Delta,DFW,JFK,12,2,8,412,5.0,26.4,7.0,0.0,1020.5,48.3,1.0,0.12,0,0.0
FL-3091,Southwest,SEA,DEN,17,4,10,2148,38.6,11.7,8.0,0.0,1017.4,29.5,2.76,0.22,0,0.0
FL-3092,United,ORD,DFW,22,1,1,965,11.4,3.9,9.5,0.0,1013.1,85.5,1.04,0.18,0,0.0
FL-3093,American,SFO,SEA,10,1,1,2404,17.7,2.2,9.1,2.1,1005.0,64.7,3.0,0.2,0,0.0
FL-3094,JetBlue,JFK,ATL,12,5,3,2682,6.3,63.5,7.7,0.0,1008.7,61.5,1.93,0.25,1,73.0
FL-3095,JetBlue,BOS,JFK,18,1,8,1401,20.4,0.3,11.4,1.2,1014.0,63.4,2.86,0.25,0,0.0
FL-3096,Delta,DFW,SFO,23,0,8,2019,12.9,40.6,5.1,6.7,1018.4,85.1,1.48,0.12,1,82.0
FL-3097,Southwest,MIA,LAX,23,2,7,844,19.9,3.7,10.4,4.4,1002.3,72.8,1.0,0.22,0,0.0
FL-3098,Southwest,DFW,ORD,21,4,5,1860,16.3,16.1,15.0,0.5,1012.3,31.0,1.28,0.22,0,0.0
FL-3099,JetBlue,SEA,SFO,4,6,8,2559,32.3,5.4,10.2,4.2,1023.3,75.6,1.0,0.25,0,0.0
FL-3100,American,SFO,ORD,2,5,2,2055,17.0,29.5,7.5,0.7,1003.1,32.9,1.0,0.2,0,0.0
FL-3101,United,MIA,ORD,18,5,8,326,5.0,11.8,6.2,0.0,1019.0,77.9,3.48,0.18,1,59.0
FL-3102,American,BOS,SFO,22,1,12,576,7.4,2.3,11.1,2.6,1002.6,56.7,1.0,0.2,0,0.0
FL-3103,Alaska,MIA,DFW,12,1,11,424,-7.4,4.7,15.0,0.9,1008.7,78.2,1.11,0.14,0,0.0
FL-3104,Alaska,ORD,BOS,4,4,2,696,16.5,5.8,10.6,0.0,997.2,79.5,1.0,0.14,0,0.0
FL-3105,United,DEN,JFK,11,2,10,2216,14.2,32.6,9.0,0.0,1015.4,53.7,1.0,0.18,0,0.0
FL-3106,JetBlue,DEN,ORD,13,2,5,672,33.2,21.8,7.7,0.0,1006.8,64.7,1.0,0.25,0,0.0
FL-3107,United,BOS,ORD,5,5,11,2088,0.9,26.5,5.6,0.0,997.0,69.1,1.17,0.18,0,0.0
FL-3108,Southwest,SFO,DEN,21,4,4,1360,6.6,0.8,10.8,0.0,1014.1,52.0,1.0,0.22,0,0.0
FL-3109,Alaska,DEN,SEA,8,5,1,2722,6.8,13.0,5.2,0.0,1021.5,51.8,3.21,0.14,1,55.0
FL-3110,Delta,LAX,ATL,16,6,5,416,12.0,70.0,12.7,0.0,1016.3,73.1,2.23,0.12,0,0.0
FL-3111,Delta,SEA,ORD,7,3,7,395,-0.1,23.1,11.9,0.6,1015.9,88.0,2.59,0.12,0,0.0
FL-3112,JetBlue,BOS,SFO,12,2,1,2448,11.7,1.9,9.4,0.0,1019.3,44.0,1.0,0.25,0,0.0
FL-3113,Southwest,BOS,MIA,4,4,2,565,15.2,17.0,11.9,0.6,1007.2,74.2,2.07,0.22,0,0.0
FL-3114,American,JFK,DEN,21,6,12,2966,15.6,20.5,10.5,0.2,1013.9,60.7,1.0,0.2,0,0.0
FL-3115,Southwest,JFK,ATL,21,4,9,1751,30.3,10.8,11.9,0.0,1030.6,77.2,1.31,0.22,0,0.0
FL-3116,Delta,ORD,DFW,16,5,12,2647,14.6,1.2,12.7,0.0,1014.2,73.3,2.72,0.12,0,0.0
FL-3117,Delta,ORD,JFK,2,1,5,1748,14.4,0.5,9.2,0.0,1006.3,70.6,1.35,0.12,0,0.0
FL-3118,Alaska,JFK,SEA,5,4,7,2837,28.7,41.7,6.1,0.0,1015.8,39.1,1.0,0.14,1,90.0
FL-3119,Southwest,DEN,ATL,13,5,2,413,15.0,4.5,15.0,0.0,1010.0,98.7,1.06,0.22,0,0.0
FL-3120,Southwest,ATL,DEN,14,0,7,2588,0.4,7.1,9.4,3.7,1012.7,63.2,1.0,0.22,0,0.0
FL-3121,Delta,BOS,ORD,13,1,7,318,2.1,23.8,8.7,0.0,1019.0,60.0,2.34,0.12,0,0.0
FL-3122,American,LAX,DEN,10,1,7,1916,2.2,17.5,11.3,0.0,1008.7,77.3,2.02,0.2,0,0.0
FL-3123,JetBlue,BOS,SEA,10,2,5,1041,0.4,51.9,9.4,0.0,990.2,31.8,1.95,0.25,1,106.0
FL-3124,JetBlue,DFW,BOS,8,3,9,1872,39.0,1.5,6.2,0.5,1011.6,79.1,3.28,0.25,1,56.0
FL-3125,Southwest,SFO,ORD,5,2,2,1402,2.1,18.4,6.4,0.0,1016.9,82.6,1.36,0.22,0,0.0
FL-3126,JetBlue,SEA,ORD,14,0,4,1655,14.5,1.3,7.3,0.0,1027.0,42.9,1.0,0.25,0,0.0
FL-3127,Delta,ATL,DFW,11,5,2,1943,15.7,0.0,11.1,0.0,1021.6,72.5,1.05,0.12,0,0.0
FL-3128,Delta,LAX,MIA,5,1,8,1144,12.9,1.9,7.9,4.6,1010.3,63.7,1.06,0.12,0,0.0
FL-3129,Southwest,DFW,ORD,0,1,12,2649,5.6,14.4,12.8,3.9,1016.8,71.9,1.13,0.22,0,0.0
FL-3130,Southwest,ORD,SEA,15,6,11,765,20.5,16.9,9.5,2.5,1011.0,38.1,1.37,0.22,0,0.0
FL-3131,Alaska,LAX,SEA,19,4,1,2671,-3.3,8.7,9.8,0.7,1020.1,87.5,2.43,0.14,1,75.0
FL-3132,Southwest,JFK,DEN,14,3,9,317,2.2,0.7,10.2,0.0,1011.7,77.6,1.12,0.22,0,0.0
FL-3133,American,BOS,ATL,1,3,12,567,28.5,15.1,6.9,0.0,1019.0,46.2,1.0,0.2,0,0.0
FL-3134,JetBlue,LAX,SFO,16,4,5,1329,1.8,1.3,13.8,0.4,1026.3,56.0,1.73,0.25,0,0.0
FL-3135,Southwest,SFO,LAX,2,0,11,2877,30.6,2.3,10.9,0.0,1033.4,83.4,1.0,0.22,1,47.0
FL-3136,United,MIA,SFO,2,3,12,2117,31.6,10.8,9.5,2.7,1001.1,71.6,1.0,0.18,0,0.0
FL-3137,Alaska,ORD,ATL,4,1,3,2395,31.8,6.2,8.4,0.0,998.6,53.3,1.42,0.14,0,0.0
FL-3138,United,SEA,SFO,16,0,12,2089,25.1,9.4,8.4,0.0,1005.5,68.9,3.62,0.18,0,0.0
FL-3139,Delta,SEA,DFW,22,2,11,2397,-1.6,15.1,6.5,0.0,1012.5,57.9,1.31,0.12,0,0.0
FL-3140,JetBlue,LAX,ORD,16,2,4,1015,-3.5,2.6,6.0,6.9,1008.8,43.2,1.94,0.25,1,92.0
FL-3141,Southwest,MIA,DFW,19,0,1,2503,1.6,33.5,6.0,0.0,1023.0,60.8,4.04,0.22,1,66.0
FL-3142,United,BOS,DFW,5,1,3,2329,3.6,12.3,13.2,0.1,1006.7,73.6,1.55,0.18,0,0.0
FL-3143,JetBlue,DFW,BOS,0,6,11,2263,-0.6,0.3,7.7,0.0,1004.1,53.1,1.0,0.25,0,0.0
FL-3144,Delta,ATL,SEA,6,2,8,1100,6.8,14.9,6.8,0.3,1023.7,74.4,1.08,0.12,0,0.0
FL-3145,American,BOS,DEN,14,5,12,392,24.2,9.3,13.9,0.5,1017.4,81.6,1.24,0.2,0,0.0
FL-3146,Alaska,DFW,ORD,6,1,2,2970,22.8,18.1,10.2,0.0,1015.4,78.4,1.05,0.14,0,0.0
FL-3147,JetBlue,ATL,DFW,18,4,2,1297,18.5,23.0,6.5,0.0,1004.1,73.5,3.42,0.25,1,52.0
FL-3148,JetBlue,MIA,SFO,19,3,9,1284,12.4,41.9,11.7,0.0,1021.6,43.1,3.72,0.25,1,113.0
FL-3149,American,ATL,ORD,21,6,5,1150,14.2,70.0,14.4,0.0,1011.2,60.3,1.0,0.2,1,54.0
FL-3150,JetBlue,BOS,SEA,10,6,5,2783,18.6,12.0,12.0,5.0,1014.1,68.6,2.32,0.25,0,0.0
FL-3151,Delta,SFO,SEA,22,0,1,2590,9.3,12.4,10.4,3.6,1015.7,64.1,1.19,0.12,0,0.0
FL-3152,Delta,LAX,DEN,13,3,6,2642,26.7,0.3,11.4,0.0,1024.1,79.2,1.0,0.12,0,0.0
FL-3153,American,DFW,ATL,12,4,8,1142,-0.8,30.1,13.6,0.0,1016.6,63.3,2.06,0.2,0,0.0
FL-3154,Alaska,SFO,MIA,19,2,6,457,5.7,0.4,15.0,0.0,1007.5,83.8,1.66,0.14,0,0.0
FL-3155,Southwest,DFW,ORD,8,6,7,1421,3.9,15.0,7.1,0.4,1012.9,81.0,2.15,0.22,0,0.0
FL-3156,United,LAX,SEA,8,5,4,2300,20.5,1.6,10.1,0.0,1018.4,56.2,2.84,0.18,0,0.0
FL-3157,Southwest,DEN,JFK,15,1,2,850,0.6,5.0,11.8,0.0,1026.6,44.1,2.12,0.22,0,0.0
FL-3158,JetBlue,ATL,ORD,11,6,1,2518,4.0,2.3,10.5,0.0,1009.8,80.3,1.15,0.25,0,0.0
FL-3159,United,MIA,DFW,9,6,12,2448,20.1,2.2,11.6,0.0,1009.1,87.8,2.8,0.18,0,0.0
FL-3160,American,DEN,DFW,5,1,6,595,4.6,1.2,15.0,0.0,1019.1,58.9,1.0,0.2,0,0.0
FL-3161,American,DEN,LAX,17,4,9,2625,25.1,5.7,9.2,0.0,1005.9,72.7,4.0,0.2,1,67.0
FL-3162,Alaska,SEA,MIA,1,0,10,2114,24.8,8.3,5.8,0.0,1007.9,81.9,1.85,0.14,0,0.0
FL-3163,United,JFK,SFO,19,6,5,2923,8.5,9.4,15.0,0.0,1013.2,39.1,3.42,0.18,1,73.0
FL-3164,Delta,BOS,DEN,8,6,12,2782,16.5,8.7,15.0,0.0,1016.5,92.4,1.26,0.12,0,0.0
FL-3165,United,SFO,MIA,18,3,2,1122,39.7,11.1,11.6,0.0,1021.2,58.7,3.06,0.18,0,0.0
FL-3166,JetBlue,SFO,DFW,5,5,1,597,25.5,29.5,8.5,0.0,1014.3,93.4,1.0,0.25,0,0.0
FL-3167,Delta,SFO,SEA,1,2,3,1405,20.9,15.0,12.6,0.0,1013.7,78.7,1.0,0.12,0,0.0
FL-3168,American,SFO,BOS,14,0,4,1506,33.6,0.3,10.1,0.0,1017.6,71.2,1.0,0.2,0,0.0
FL-3169,United,BOS,ATL,16,5,7,760,3.4,2.8,9.1,3.2,1000.7,95.5,3.21,0.18,1,101.0
FL-3170,Southwest,DEN,ATL,15,5,9,389,30.1,6.4,8.0,0.8,1013.6,71.1,1.0,0.22,1,48.0
FL-3171,Alaska,BOS,MIA,20,4,8,404,19.3,44.7,10.0,0.0,1025.9,87.8,2.87,0.14,1,65.0
FL-3172,Southwest,SFO,JFK,7,4,9,243,32.5,1.2,11.6,2.5,1019.3,78.9,2.29,0.22,0,0.0
FL-3173,Alaska,JFK,DFW,9,1,7,1203,8.7,18.6,10.5,0.0,1012.8,56.9,2.7,0.14,0,0.0
FL-3174,JetBlue,ORD,DEN,9,2,10,2887,31.7,0.5,12.7,0.0,1018.9,46.3,1.76,0.25,0,0.0
FL-3175,Southwest,LAX,DFW,17,0,8,2948,-5.9,6.8,9.3,3.2,1003.1,89.8,2.11,0.22,0,0.0
FL-3176,United,SFO,DEN,9,1,8,1905,10.5,22.1,8.7,0.0,1016.5,67.3,2.91,0.18,0,0.0
FL-3177,United,MIA,DFW,8,6,1,1502,18.3,6.3,11.2,0.0,1012.7,77.0,2.29,0.18,1,68.0
FL-3178,Southwest,ORD,BOS,23,2,12,912,22.9,8.4,10.3,0.1,1013.8,73.3,1.37,0.22,0,0.0
FL-3179,United,BOS,SEA,18,3,12,2884,-10.1,35.4,14.5,0.9,1010.0,74.2,3.42,0.18,1,109.0
FL-3180,JetBlue,MIA,ATL,0,3,9,510,0.1,1.0,9.0,0.8,1024.2,78.5,1.0,0.25,0,0.0
FL-3181,Delta,MIA,ATL,3,1,2,1077,2.0,11.3,8.5,0.0,1009.0,64.1,1.0,0.12,0,0.0
FL-3182,JetBlue,DFW,SEA,23,0,12,1056,3.8,6.8,9.5,3.2,1004.5,91.9,1.0,0.25,0,0.0
FL-3183,Alaska,MIA,ATL,2,2,11,2521,6.0,49.8,8.8,1.5,1001.2,87.0,1.0,0.14,0,0.0
FL-3184,JetBlue,SFO,LAX,9,3,7,1755,17.0,23.7,8.1,3.6,995.8,57.1,1.67,0.25,0,0.0
FL-3185,Alaska,DFW,LAX,11,3,10,730,32.7,2.0,5.1,0.0,1014.7,56.9,1.0,0.14,0,0.0
FL-3186,United,SEA,JFK,17,0,10,216,10.5,39.3,6.5,0.0,1006.7,45.6,2.33,0.18,1,188.0
FL-3187,Delta,DEN,DFW,22,1,5,2965,33.5,3.6,9.6,0.0,1002.6,98.6,1.0,0.12,0,0.0
FL-3188,United,MIA,SFO,19,4,4,669,16.0,1.3,6.1,0.0,1010.9,59.6,2.54,0.18,1,49.0
FL-3189,American,JFK,BOS,5,6,1,1010,12.4,11.7,11.7,2.3,1018.5,74.5,1.0,0.2,0,0.0
FL-3190,United,LAX,SFO,20,5,1,1527,27.5,20.0,11.1,0.0,1012.2,57.3,2.84,0.18,0,0.0
FL-3191,Alaska,MIA,SFO,1,6,3,754,13.1,18.9,8.0,10.1,1014.1,72.4,1.86,0.14,0,0.0
FL-3192,United,SEA,SFO,9,2,1,2340,5.6,11.5,9.8,1.2,1022.4,79.7,3.28,0.18,0,0.0
FL-3193,United,ATL,ORD,1,3,8,1081,30.9,10.2,9.4,0.8,1019.6,86.9,1.53,0.18,0,0.0
FL-3194,Delta,BOS,ATL,8,5,3,2825,14.5,52.4,4.6,0.0,1013.9,83.2,2.54,0.12,1,133.0
FL-3195,United,BOS,JFK,9,5,11,2878,36.5,25.8,11.3,0.0,1005.1,39.2,1.59,0.18,0,0.0
FL-3196,Delta,SEA,ATL,1,4,10,1020,10.7,18.0,8.2,3.6,1008.6,78.4,1.58,0.12,0,0.0
FL-3197,Southwest,ATL,JFK,7,5,2,783,-1.0,3.3,7.1,2.3,1013.2,99.1,2.16,0.22,0,0.0
FL-3198,American,BOS,DFW,23,0,6,1045,5.8,25.7,12.0,0.0,1018.7,59.6,1.79,0.2,0,0.0
FL-3199,Delta,BOS,MIA,16,1,4,2196,7.0,20.8,10.7,0.8,1015.7,88.0,2.63,0.12,0,0.0
FL-3200,Alaska,BOS,MIA,16,2,11,1041,13.9,70.0,12.7,0.0,1008.1,47.6,3.66,0.14,1,99.0
FL-3201,Southwest,SEA,DFW,3,0,11,2575,5.5,2.1,9.6,0.0,1016.2,75.1,1.38,0.22,0,0.0
FL-3202,Delta,DEN,LAX,17,1,4,2004,-0.0,18.8,10.6,0.0,1026.6,65.4,1.93,0.12,0,0.0
FL-3203,Delta,LAX,DEN,11,0,2,929,11.1,58.0,12.4,0.0,1015.3,30.9,1.47,0.12,0,0.0
FL-3204,American,SEA,JFK,16,3,2,453,16.1,9.3,15.0,0.0,1017.9,55.4,3.04,0.2,0,0.0
FL-3205,Alaska,ATL,MIA,8,3,11,1663,19.9,19.8,9.1,0.0,1010.2,83.7,1.84,0.14,0,0.0
FL-3206,JetBlue,MIA,ATL,18,4,6,2818,14.8,55.6,10.7,0.0,1011.5,75.1,2.79,0.25,1,110.0
FL-3207,JetBlue,DEN,DFW,13,0,5,2791,31.4,11.9,11.7,0.0,999.5,63.7,2.19,0.25,0,0.0
FL-3208,Delta,DEN,SFO,13,6,9,1050,15.7,18.0,11.7,0.0,1014.1,79.5,1.0,0.12,0,0.0
FL-3209,United,MIA,JFK,16,5,4,2367,-11.2,0.3,8.5,3.0,990.9,38.4,3.03,0.18,0,0.0
FL-3210,Alaska,JFK,BOS,1,3,5,1021,18.0,11.0,9.7,3.1,1000.8,61.5,1.0,0.14,0,0.0
FL-3211,Southwest,DFW,ATL,7,1,1,2761,15.1,4.4,11.7,2.5,1015.7,49.3,2.8,0.22,0,0.0
FL-3212,United,LAX,SEA,4,4,12,1772,23.8,2.1,10.5,0.0,1005.1,33.3,1.53,0.18,0,0.0
FL-3213,United,LAX,SFO,6,5,12,1178,1.6,18.5,15.0,0.0,997.1,81.0,1.13,0.18,0,0.0
FL-3214,Alaska,JFK,SEA,21,2,2,2344,27.7,0.6,9.1,0.7,1013.5,73.3,1.48,0.14,0,0.0
FL-3215,Delta,DFW,JFK,15,0,3,1070,18.2,35.3,7.6,3.0,1000.7,59.8,1.0,0.12,0,0.0
FL-3216,Delta,LAX,SEA,15,6,5,1593,16.6,10.9,11.5,2.8,1021.4,56.1,1.0,0.12,0,0.0
FL-3217,Delta,ATL,DFW,16,3,12,456,26.3,15.7,7.2,0.5,1016.8,39.6,3.85,0.12,0,0.0
FL-3218,Delta,ORD,LAX,21,6,5,327,28.9,4.4,8.6,0.0,1027.6,62.2,1.0,0.12,0,0.0
FL-3219,JetBlue,ORD,DEN,6,5,4,1582,27.7,3.0,10.2,0.1,1016.1,76.1,1.0,0.25,1,98.0
FL-3220,Delta,LAX,ORD,19,1,10,1379,-13.1,4.2,9.9,0.0,1028.1,54.5,2.72,0.12,1,58.0
FL-3221,JetBlue,SFO,DFW,7,0,3,2304,-2.1,4.0,9.8,3.0,1005.3,86.2,2.77,0.25,0,0.0
FL-3222,JetBlue,LAX,ORD,7,6,9,2829,9.7,30.0,8.3,0.0,1008.2,38.3,2.5,0.25,0,0.0
FL-3223,Delta,MIA,ORD,22,1,1,2171,0.7,23.2,11.1,0.0,1015.3,28.8,1.35,0.12,0,0.0
FL-3224,American,MIA,SFO,10,4,6,755,6.7,28.7,15.0,0.0,1012.0,66.3,2.11,0.2,0,0.0
FL-3225,Southwest,DFW,JFK,14,3,7,2971,14.4,19.9,12.5,0.0,1014.2,76.7,1.0,0.22,0,0.0
FL-3226,United,BOS,SFO,17,3,10,2900,9.4,15.5,4.5,0.9,1012.8,74.3,2.66,0.18,0,0.0
FL-3227,JetBlue,DEN,ORD,5,4,4,2405,14.7,11.3,8.8,0.6,1011.3,41.4,1.0,0.25,0,0.0
FL-3228,Alaska,ATL,MIA,21,1,10,284,31.3,4.6,11.6,0.0,1005.5,61.0,1.09,0.14,0,0.0
FL-3229,Alaska,JFK,ORD,11,6,3,521,36.4,18.3,5.5,0.0,1007.1,70.4,1.0,0.14,0,0.0
FL-3230,Southwest,LAX,DEN,14,0,8,2556,19.5,2.2,2.7,0.0,1005.9,79.8,1.05,0.22,1,73.0
FL-3231,Alaska,BOS,MIA,22,1,9,1753,31.0,10.7,7.8,0.0,1005.1,31.5,1.13,0.14,0,0.0
FL-3232,American,BOS,JFK,5,0,1,483,10.2,3.3,7.6,0.1,1013.5,64.6,1.0,0.2,0,0.0
FL-3233,Alaska,ATL,BOS,17,5,11,2117,7.5,10.5,14.9,0.0,1007.3,70.5,3.33,0.14,1,64.0
FL-3234,United,JFK,SFO,23,4,12,2381,14.1,5.2,11.1,0.0,1008.8,46.1,1.09,0.18,0,0.0
FL-3235,United,MIA,DFW,19,2,10,813,11.3,0.8,9.6,0.2,1024.2,69.4,2.71,0.18,0,0.0
FL-3236,JetBlue,SEA,DFW,8,0,9,2896,23.1,10.5,9.1,0.0,1016.8,51.2,2.71,0.25,1,51.0
FL-3237,Delta,ATL,DEN,7,3,7,1627,15.2,3.0,11.4,0.0,1019.5,77.7,2.7,0.12,0,0.0
FL-3238,American,BOS,LAX,13,5,1,1716,33.1,2.6,10.6,2.0,1022.0,86.8,2.13,0.2,0,0.0
FL-3239,JetBlue,ORD,DEN,18,3,7,428,16.4,7.3,11.3,0.3,1026.1,47.1,3.3,0.25,1,73.0
FL-3240,American,LAX,DFW,18,5,5,2029,6.5,6.7,11.0,10.5,1012.9,47.2,3.54,0.2,1,110.0
FL-3241,Delta,DFW,SEA,7,3,10,1529,9.3,30.3,13.1,0.0,1015.2,85.9,2.28,0.12,0,0.0
FL-3242,Alaska,ORD,BOS,1,1,7,2132,7.9,12.5,10.1,2.3,1008.9,71.9,1.0,0.14,0,0.0
FL-3243,Alaska,BOS,SEA,3,6,12,318,23.8,28.9,12.3,0.0,1006.3,73.2,1.29,0.14,0,0.0
FL-3244,Delta,DEN,SEA,5,1,9,2571,13.7,2.4,11.1,0.0,1001.1,44.1,1.0,0.12,0,0.0
FL-3245,JetBlue,SFO,ORD,2,1,8,1120,16.4,6.6,10.6,1.8,1004.9,72.5,1.0,0.25,0,0.0
FL-3246,Delta,JFK,DFW,2,6,6,2406,20.0,12.2,8.8,0.0,1008.8,66.1,1.0,0.12,0,0.0
FL-3247,Southwest,MIA,JFK,18,5,2,2486,21.5,2.5,9.8,0.1,1014.6,81.4,3.01,0.22,1,60.0
FL-3248,United,LAX,BOS,10,5,8,2643,27.7,2.1,9.9,0.0,1003.9,76.8,2.36,0.18,0,0.0
FL-3249,JetBlue,DFW,SFO,9,6,12,519,19.0,16.2,13.2,0.0,1005.2,61.6,2.36,0.25,0,0.0
FL-3250,American,SEA,SFO,11,3,4,2556,3.5,15.9,10.7,0.0,996.3,53.0,1.4,0.2,0,0.0
FL-3251,Southwest,MIA,ORD,13,0,8,2496,9.2,4.0,7.3,0.9,1007.5,78.8,1.0,0.22,0,0.0
FL-3252,JetBlue,LAX,SEA,17,5,7,2785,9.2,3.9,5.4,0.0,1013.5,73.2,3.04,0.25,0,0.0
FL-3253,Delta,SEA,DEN,23,3,4,900,6.3,20.5,6.6,5.7,1013.4,36.3,1.0,0.12,0,0.0
FL-3254,Delta,DFW,JFK,8,0,8,2641,27.5,1.9,7.9,3.9,1010.4,49.6,1.83,0.12,0,0.0
FL-3255,Delta,BOS,DFW,14,6,11,2899,13.2,38.5,11.4,1.3,1011.0,80.6,1.11,0.12,0,0.0
FL-3256,Delta,SFO,BOS,23,1,11,1217,17.1,43.2,8.1,0.5,1013.0,32.3,1.22,0.12,1,58.0
FL-3257,American,ORD,DEN,2,5,12,605,19.0,30.7,13.7,0.0,1023.0,48.3,1.39,0.2,0,0.0
FL-3258,Southwest,ORD,SEA,22,2,11,1404,17.5,3.5,6.3,0.0,1010.1,84.3,1.23,0.22,0,0.0
FL-3259,Alaska,BOS,JFK,10,1,2,2268,18.7,0.3,12.0,0.0,1011.9,48.5,2.27,0.14,0,0.0
FL-3260,United,MIA,DEN,9,4,9,1898,43.9,41.4,4.4,1.3,1002.6,34.9,3.43,0.18,0,0.0
FL-3261,American,BOS,ORD,17,0,6,1806,23.1,6.3,6.6,0.3,1016.8,51.6,2.99,0.2,1,48.0
FL-3262,American,BOS,SEA,3,2,7,354,4.0,5.6,7.0,1.4,1012.5,52.2,1.03,0.2,0,0.0
FL-3263,Alaska,LAX,DEN,12,1,10,2051,18.8,4.6,7.0,0.0,1008.8,55.0,1.0,0.14,0,0.0
FL-3264,Alaska,LAX,SFO,5,5,1,1066,16.3,4.2,8.1,0.9,1003.6,58.9,1.0,0.14,0,0.0
FL-3265,United,DFW,SEA,20,2,3,758,-1.7,19.9,12.4,0.0,1015.8,72.3,3.59,0.18,1,100.0
FL-3266,United,SFO,SEA,12,3,10,393,-13.6,35.8,12.2,0.0,1004.3,89.2,1.25,0.18,1,71.0
FL-3267,Alaska,LAX,ATL,19,0,5,2646,16.7,23.1,7.0,2.0,1017.2,43.8,2.44,0.14,0,0.0
FL-3268,Delta,DFW,LAX,4,4,12,2527,11.6,16.8,9.4,0.0,1027.3,46.5,1.0,0.12,0,0.0
FL-3269,American,DEN,LAX,19,3,7,1233,1.2,5.1,11.4,0.0,1022.2,81.0,3.28,0.2,1,59.0
FL-3270,JetBlue,BOS,DFW,13,2,1,1599,8.5,11.9,9.4,0.0,1013.2,93.4,1.0,0.25,0,0.0
FL-3271,United,BOS,DEN,12,1,9,2719,11.9,4.1,14.7,0.0,1018.0,39.4,1.78,0.18,0,0.0
FL-3272,United,MIA,SEA,13,0,5,2399,8.0,1.8,11.1,0.0,1007.4,67.7,2.61,0.18,0,0.0
FL-3273,Alaska,DEN,SEA,7,5,12,2231,18.3,1.9,7.4,0.0,1002.5,74.3,2.59,0.14,0,0.0
FL-3274,Southwest,MIA,SEA,15,4,3,1001,17.1,13.9,7.7,0.0,1014.1,62.9,1.35,0.22,0,0.0
FL-3275,JetBlue,SEA,ORD,12,1,7,752,24.6,0.6,7.1,1.0,1008.2,34.9,1.33,0.25,0,0.0
FL-3276,JetBlue,DFW,LAX,23,4,10,1647,28.9,54.3,7.9,0.0,1002.0,93.5,1.0,0.25,1,85.0
FL-3277,United,DFW,ATL,14,5,8,1746,22.7,70.0,10.1,0.3,999.3,21.0,1.0,0.18,1,109.0
FL-3278,Delta,BOS,JFK,18,6,10,929,6.8,2.4,9.3,0.0,1010.6,24.5,2.08,0.12,0,0.0
FL-3279,Southwest,ATL,ORD,0,0,10,2760,17.0,8.4,8.6,0.0,1020.9,70.7,1.39,0.22,0,0.0
FL-3280,JetBlue,SEA,BOS,21,2,3,1212,-4.3,21.9,11.7,0.0,1011.7,58.3,1.0,0.25,0,0.0
FL-3281,United,DFW,MIA,1,4,7,370,9.3,46.5,11.0,0.0,1011.4,79.7,1.0,0.18,0,0.0
FL-3282,JetBlue,LAX,MIA,17,0,7,1049,-15.5,33.3,5.3,0.0,1012.6,34.5,2.76,0.25,0,0.0
FL-3283,Southwest,BOS,JFK,18,4,4,993,10.8,4.4,6.2,2.2,1005.4,68.8,2.81,0.22,0,0.0
FL-3284,Southwest,MIA,DEN,7,1,10,1788,8.6,1.3,7.0,0.0,1009.5,98.1,1.96,0.22,0,0.0
FL-3285,American,DEN,MIA,2,4,9,324,23.3,5.1,7.6,0.0,1023.0,53.1,1.0,0.2,0,0.0
FL-3286,Alaska,MIA,ATL,22,6,1,374,3.4,8.6,8.1,0.0,1025.2,78.0,1.09,0.14,0,0.0
FL-3287,Alaska,ORD,MIA,13,1,1,2751,17.1,6.7,8.8,0.0,1021.4,75.9,1.0,0.14,0,0.0
FL-3288,United,ATL,SEA,8,1,5,2000,10.5,22.3,11.1,0.0,1019.2,60.7,2.04,0.18,0,0.0
FL-3289,Southwest,DFW,ORD,7,0,3,2958,9.9,4.5,6.6,0.0,1025.4,95.6,2.24,0.22,0,0.0
FL-3290,American,SFO,LAX,16,3,10,305,5.8,29.3,7.7,0.0,1004.3,65.5,1.89,0.2,0,0.0
FL-3291,American,JFK,MIA,22,5,9,2170,18.6,3.8,5.2,1.3,1034.8,55.1,1.0,0.2,0,0.0
FL-3292,JetBlue,ATL,SFO,22,4,5,1860,13.1,6.7,7.2,0.5,996.5,66.3,1.0,0.25,0,0.0
FL-3293,JetBlue,BOS,DFW,23,2,7,2775,3.5,8.9,9.4,0.0,1010.4,22.3,1.8,0.25,0,0.0
FL-3294,American,DFW,SFO,15,1,1,237,16.6,5.2,7.3,0.0,985.2,30.7,1.45,0.2,0,0.0
FL-3295,JetBlue,DEN,MIA,9,3,2,594,18.7,21.8,6.9,0.0,1019.0,63.7,2.51,0.25,0,0.0
FL-3296,Southwest,DFW,BOS,20,1,11,1120,33.3,7.9,8.5,1.5,1003.7,74.8,3.43,0.22,1,64.0
FL-3297,Delta,JFK,SEA,9,3,12,2724,8.0,32.7,10.7,0.2,1004.5,45.0,2.93,0.12,0,0.0
FL-3298,Southwest,DEN,SFO,23,3,4,1690,10.3,49.7,7.2,3.8,1024.0,31.9,1.0,0.22,0,0.0
FL-3299,American,MIA,DEN,5,2,9,921,-0.5,29.5,13.1,0.0,1011.0,53.4,1.0,0.2,0,0.0
FL-3300,American,DEN,BOS,21,3,5,2230,9.6,11.1,7.5,1.2,1018.1,61.5,1.0,0.2,0,0.0
FL-3301,Southwest,ATL,DEN,16,2,5,2562,2.3,10.7,8.8,0.0,1009.3,99.8,2.9,0.22,0,0.0
FL-3302,JetBlue,MIA,JFK,15,0,9,1508,28.2,3.6,13.5,0.0,1005.4,73.1,1.0,0.25,0,0.0
FL-3303,JetBlue,DFW,ATL,14,1,8,2229,21.2,13.5,11.7,0.9,1020.1,76.2,1.28,0.25,0,0.0
FL-3304,Alaska,BOS,MIA,21,2,2,1903,2.1,45.8,9.6,0.0,1014.4,94.6,1.13,0.14,1,67.0
FL-3305,American,SEA,DEN,13,5,7,1833,3.3,1.3,11.1,0.8,1014.7,100.0,1.52,0.2,0,0.0
FL-3306,United,BOS,ORD,3,6,1,1652,8.4,20.9,6.2,0.0,1008.2,80.4,1.0,0.18,0,0.0
FL-3307,Alaska,DFW,ORD,3,1,10,564,30.6,30.6,15.0,0.0,1011.7,80.7,1.0,0.14,0,0.0
FL-3308,JetBlue,JFK,ATL,1,6,11,2428,7.7,64.8,6.4,6.9,1008.2,51.9,2.08,0.25,1,88.0
FL-3309,Southwest,SEA,JFK,10,5,11,933,12.9,6.1,10.6,0.0,1019.1,59.5,2.13,0.22,1,67.0
FL-3310,JetBlue,DFW,JFK,3,4,9,2908,33.4,6.6,13.4,0.2,1013.3,52.1,1.0,0.25,0,0.0
FL-3311,Southwest,SFO,DEN,20,5,3,443,20.0,3.9,10.8,0.7,1018.0,77.7,2.68,0.22,1,65.0
FL-3312,Alaska,ATL,JFK,20,0,2,512,-2.4,23.3,9.8,0.0,1010.5,74.2,3.38,0.14,0,0.0
FL-3313,American,SFO,DFW,15,4,4,275,-7.0,2.3,13.4,1.6,1027.3,87.7,1.39,0.2,0,0.0
FL-3314,JetBlue,MIA,ATL,20,4,4,2509,16.1,4.7,11.9,1.0,1012.5,82.5,2.82,0.25,0,0.0
FL-3315,Southwest,ORD,SFO,3,3,3,430,42.6,5.2,8.5,0.0,1015.8,57.9,1.54,0.22,0,0.0
FL-3316,American,DFW,MIA,0,5,2,2950,31.3,7.0,14.6,0.0,1017.6,73.0,2.19,0.2,0,0.0
FL-3317,United,LAX,DEN,23,3,5,2893,19.5,8.2,7.8,0.0,1006.3,98.9,1.0,0.18,0,0.0
FL-3318,Southwest,LAX,BOS,18,5,4,1611,24.4,12.3,14.9,0.0,1010.2,62.8,2.06,0.22,0,0.0
FL-3319,Alaska,DEN,SFO,1,4,5,1548,25.3,44.5,11.8,0.0,1017.5,67.0,1.0,0.14,1,55.0
FL-3320,United,BOS,SEA,8,3,12,1041,-4.6,4.3,8.8,0.6,1000.7,60.6,2.66,0.18,0,0.0
FL-3321,United,BOS,ATL,22,6,12,1679,17.5,22.7,6.9,0.0,1016.4,68.5,1.18,0.18,0,0.0
FL-3322,Delta,BOS,JFK,12,1,8,715,30.8,16.9,10.5,0.0,1001.8,70.1,1.0,0.12,0,0.0
FL-3323,JetBlue,SFO,JFK,17,5,11,2689,40.1,1.9,8.1,0.0,1001.1,82.7,2.87,0.25,1,53.0
FL-3324,Southwest,ATL,MIA,15,5,2,1772,21.1,24.9,10.3,0.0,1004.2,55.2,1.22,0.22,0,0.0
FL-3325,United,DFW,ORD,15,3,9,2830,-1.3,1.4,12.3,0.0,1016.7,69.8,1.0,0.18,0,0.0
FL-3326,Delta,JFK,ORD,9,5,10,2509,21.9,20.1,12.7,0.2,1034.2,42.8,2.8,0.12,0,0.0
FL-3327,Alaska,DEN,SFO,8,4,1,2996,21.7,18.9,14.2,0.0,1002.8,44.1,1.88,0.14,0,0.0
FL-3328,American,MIA,SFO,10,3,8,1018,25.4,17.5,6.9,0.0,1013.5,82.8,2.85,0.2,0,0.0
FL-3329,Southwest,SEA,DEN,3,3,12,807,19.9,4.9,10.7,0.0,1020.9,39.2,1.0,0.22,0,0.0
FL-3330,United,MIA,DFW,9,2,5,722,37.3,12.8,5.8,0.0,1017.1,74.5,3.51,0.18,1,50.0
FL-3331,JetBlue,DFW,SEA,2,6,2,2001,17.3,21.5,10.0,0.0,1007.6,49.5,1.0,0.25,0,0.0
FL-3332,Delta,ORD,MIA,5,6,8,1412,15.7,15.2,5.3,0.0,1018.5,42.0,1.43,0.12,0,0.0
FL-3333,United,BOS,LAX,2,2,5,1236,11.9,24.5,15.0,0.0,1008.9,73.0,1.0,0.18,0,0.0
FL-3334,JetBlue,SEA,JFK,8,4,10,361,16.2,17.5,13.9,3.6,1011.9,100.0,3.02,0.25,0,0.0
FL-3335,United,SFO,BOS,2,1,10,1716,18.4,4.8,5.4,3.0,1005.9,73.2,1.69,0.18,0,0.0
FL-3336,Southwest,DFW,SFO,17,5,3,2252,16.5,2.5,8.1,0.0,1021.6,57.6,3.07,0.22,1,76.0
FL-3337,Southwest,ORD,SFO,7,0,7,2231,24.4,15.0,12.2,0.0,1015.4,53.2,2.51,0.22,0,0.0
FL-3338,Southwest,SFO,ATL,21,5,4,401,-9.9,21.4,10.7,0.0,1010.7,49.1,1.55,0.22,1,71.0
FL-3339,Alaska,ORD,LAX,7,0,11,2663,13.4,2.3,10.1,0.0,1015.6,61.1,2.9,0.14,0,0.0
FL-3340,Alaska,BOS,DFW,14,6,11,1235,21.2,2.9,10.8,1.1,1013.7,80.8,1.0,0.14,0,0.0
FL-3341,Delta,SFO,LAX,12,4,10,1147,18.4,0.2,12.6,0.0,1015.5,67.1,1.5,0.12,0,0.0
FL-3342,Southwest,ATL,MIA,6,1,12,1620,-0.3,11.4,15.0,0.4,1019.2,61.7,1.92,0.22,0,0.0
FL-3343,JetBlue,LAX,BOS,18,1,6,1564,21.4,11.7,6.6,0.0,1015.5,35.4,3.6,0.25,0,0.0
FL-3344,United,MIA,BOS,7,1,10,951,15.6,10.4,9.4,0.0,1006.4,41.7,2.29,0.18,0,0.0
FL-3345,American,ATL,DEN,9,2,8,1149,24.2,5.7,4.6,0.0,999.1,45.9,1.69,0.2,0,0.0
FL-3346,JetBlue,SEA,JFK,16,4,1,2620,21.9,8.4,9.8,0.0,1019.1,58.6,2.54,0.25,0,0.0
FL-3347,Alaska,DEN,SFO,0,0,2,1448,18.9,21.8,14.9,5.2,1008.5,63.3,1.37,0.14,0,0.0
FL-3348,Alaska,LAX,SFO,12,1,8,1405,15.0,3.0,11.4,0.0,1021.9,95.3,1.0,0.14,0,0.0
FL-3349,JetBlue,ATL,DFW,12,4,7,1520,18.4,3.4,12.3,4.3,1001.2,69.0,1.62,0.25,0,0.0
FL-3350,Alaska,DFW,DEN,23,5,10,1530,18.5,16.5,10.5,0.0,1005.6,57.8,1.88,0.14,0,0.0
FL-3351,Southwest,ORD,DEN,15,0,9,630,30.9,30.2,7.8,0.0,1012.0,80.0,1.19,0.22,0,0.0
FL-3352,Delta,SEA,SFO,8,6,2,2937,50.9,6.2,5.4,0.5,1013.9,82.2,3.0,0.12,0,0.0
FL-3353,United,DFW,LAX,9,2,8,2365,2.1,40.5,14.4,0.9,1020.6,67.2,2.33,0.18,0,0.0
FL-3354,Delta,LAX,MIA,5,3,6,787,-16.8,0.9,8.7,0.0,1021.4,62.0,1.0,0.12,0,0.0
FL-3355,United,ORD,DFW,4,0,1,2474,8.7,1.9,9.5,0.0,1012.6,90.4,1.0,0.18,0,0.0
FL-3356,United,SEA,BOS,1,6,4,1463,3.7,9.2,4.1,0.0,1019.0,68.8,1.0,0.18,0,0.0
FL-3357,Delta,DEN,LAX,10,6,2,2595,25.1,19.3,8.1,1.0,998.3,43.0,2.79,0.12,0,0.0
FL-3358,JetBlue,LAX,SFO,8,6,7,340,32.9,7.0,10.4,0.0,1010.3,58.7,3.11,0.25,0,0.0
FL-3359,United,SEA,ATL,5,5,9,403,24.8,12.1,11.0,0.7,1019.5,72.0,1.0,0.18,0,0.0
FL-3360,Delta,ATL,BOS,7,0,6,1203,11.2,0.4,14.8,0.0,1013.6,57.9,2.45,0.12,0,0.0
FL-3361,United,SEA,ATL,8,0,4,1865,23.8,9.3,9.2,0.0,1024.6,74.8,2.6,0.18,0,0.0
FL-3362,American,LAX,SEA,8,3,5,1060,29.6,4.2,9.7,1.3,1005.5,38.5,2.37,0.2,0,0.0
FL-3363,JetBlue,BOS,MIA,7,1,11,1044,23.0,10.9,14.6,0.4,1020.1,80.7,2.47,0.25,0,0.0
FL-3364,Southwest,ATL,DEN,11,5,1,2560,21.6,11.2,13.5,1.6,1009.1,57.9,1.0,0.22,0,0.0
FL-3365,United,DFW,DEN,7,6,4,2138,13.6,21.0,5.8,0.0,1017.0,54.8,2.5,0.18,0,0.0
FL-3366,American,LAX,SEA,2,3,10,336,0.4,11.6,14.3,5.3,1006.1,79.9,1.08,0.2,0,0.0
FL-3367,Southwest,BOS,SEA,12,0,3,1851,28.2,14.3,5.2,3.4,1014.2,64.0,1.0,0.22,0,0.0
FL-3368,Southwest,JFK,SFO,18,5,9,2598,35.3,11.3,11.4,0.7,1020.0,54.6,3.26,0.22,1,72.0
FL-3369,United,DEN,JFK,1,2,6,1890,-1.5,69.7,12.3,0.0,1019.2,62.4,1.0,0.18,1,91.0
FL-3370,Delta,BOS,JFK,16,0,4,2420,24.2,23.5,10.6,0.0,1014.0,62.4,2.5,0.12,1,53.0
FL-3371,United,JFK,ORD,15,2,3,1353,5.4,21.1,8.9,0.0,1019.6,55.8,1.52,0.18,0,0.0
FL-3372,American,MIA,DFW,3,4,12,278,20.6,14.8,8.7,0.0,1018.1,70.9,1.4,0.2,0,0.0
FL-3373,Southwest,ORD,DFW,17,2,4,1178,-1.8,11.3,2.6,0.0,1010.6,63.6,3.2,0.22,1,120.0
FL-3374,United,BOS,JFK,13,0,8,768,24.4,6.3,10.5,0.0,1014.5,79.9,1.91,0.18,0,0.0
FL-3375,Delta,SFO,ATL,1,3,12,2304,20.1,23.0,10.1,0.0,1020.1,35.8,1.0,0.12,0,0.0
FL-3376,United,DEN,ATL,12,0,5,2610,24.9,3.2,14.5,0.0,1027.9,66.0,1.0,0.18,0,0.0
FL-3377,JetBlue,BOS,ATL,20,0,11,333,22.8,0.6,9.2,0.0,1017.4,89.1,2.32,0.25,1,43.0
FL-3378,Delta,JFK,LAX,19,4,1,2261,17.2,18.0,8.4,0.0,1003.8,55.5,3.93,0.12,0,0.0
FL-3379,American,SFO,BOS,16,6,5,482,24.5,2.3,8.5,2.9,1016.2,61.1,3.64,0.2,1,90.0
FL-3380,Southwest,DEN,ORD,14,1,8,326,9.7,35.1,7.5,0.4,1027.8,89.5,1.11,0.22,1,75.0
FL-3381,United,SFO,ATL,19,0,11,2226,21.9,22.1,8.6,0.2,1007.8,23.0,3.11,0.18,0,0.0
FL-3382,Delta,ATL,SFO,4,4,12,1995,8.4,13.8,6.9,0.0,1002.5,93.3,1.0,0.12,0,0.0
FL-3383,JetBlue,JFK,MIA,6,3,4,2049,22.5,5.7,11.8,0.0,1017.1,74.5,1.09,0.25,1,70.0
FL-3384,Delta,SEA,SFO,17,4,2,417,12.7,15.2,11.2,4.2,1013.5,65.0,2.4,0.12,0,0.0
FL-3385,Alaska,ATL,SFO,23,4,3,944,20.9,9.7,5.6,0.0,1013.7,82.2,1.87,0.14,0,0.0
FL-3386,JetBlue,DEN,SEA,10,2,11,2927,11.6,5.2,10.3,1.2,1011.4,59.8,2.83,0.25,0,0.0
FL-3387,American,DEN,JFK,17,1,9,459,11.8,43.5,13.3,0.0,1008.6,45.9,3.66,0.2,1,135.0
FL-3388,Southwest,LAX,MIA,4,1,7,1441,12.3,2.6,13.2,3.0,1007.3,58.8,1.0,0.22,1,79.0
FL-3389,American,JFK,DEN,12,5,3,2043,-1.0,21.0,6.9,0.0,1015.3,58.3,1.15,0.2,0,0.0
FL-3390,United,MIA,DFW,17,6,5,1881,25.4,24.1,14.0,5.0,1018.7,57.2,2.42,0.18,0,0.0
FL-3391,Delta,MIA,DEN,1,3,3,1712,15.6,45.5,8.4,2.5,1010.2,69.8,1.0,0.12,0,0.0
FL-3392,Alaska,DEN,ORD,19,5,10,1666,-0.5,12.0,10.1,0.0,1023.5,66.3,3.71,0.14,1,56.0
FL-3393,JetBlue,MIA,JFK,3,6,4,298,8.5,11.5,8.9,0.0,1013.3,68.8,1.0,0.25,0,0.0
FL-3394,JetBlue,ORD,BOS,12,6,12,381,7.8,37.9,6.4,0.0,1019.1,91.0,1.0,0.25,1,71.0
FL-3395,Delta,LAX,ORD,23,4,8,2416,19.8,24.2,7.7,1.7,1009.6,59.8,1.22,0.12,0,0.0
FL-3396,Alaska,DEN,ORD,15,3,3,2480,12.5,21.6,13.7,0.0,1014.2,90.3,1.96,0.14,0,0.0
FL-3397,Delta,MIA,SEA,5,6,3,1155,25.9,23.3,13.8,1.5,1015.8,88.0,1.27,0.12,0,0.0
FL-3398,United,JFK,BOS,7,3,11,1316,0.7,10.2,12.0,0.0,1012.2,27.8,2.91,0.18,0,0.0
FL-3399,American,BOS,ORD,15,1,11,671,20.2,0.6,9.3,0.0,1003.7,43.7,1.0,0.2,0,0.0
FL-3400,JetBlue,SEA,SFO,12,1,8,1739,19.3,3.3,15.0,0.0,1023.2,42.4,1.0,0.25,0,0.0
FL-3401,United,ATL,MIA,22,1,10,1308,10.0,15.4,13.0,2.3,1011.9,93.5,1.0,0.18,0,0.0
FL-3402,American,ATL,JFK,3,0,10,878,18.1,7.6,9.6,0.0,996.9,64.2,1.0,0.2,0,0.0
FL-3403,United,ORD,MIA,1,4,7,1742,14.6,14.0,4.1,3.1,1009.2,57.4,1.93,0.18,0,0.0
FL-3404,Alaska,SFO,ATL,8,3,7,580,29.5,12.0,12.6,0.0,1025.7,41.9,2.76,0.14,0,0.0
FL-3405,JetBlue,JFK,SFO,17,4,10,1455,16.0,8.7,13.7,0.0,1022.6,83.4,3.34,0.25,1,105.0
FL-3406,Delta,SFO,SEA,16,6,2,2498,28.7,4.0,11.3,0.0,1015.2,58.4,2.8,0.12,0,0.0
FL-3407,Delta,LAX,DFW,7,3,12,2566,25.0,19.0,4.3,0.4,1019.8,27.1,2.54,0.12,0,0.0
FL-3408,American,SEA,ATL,14,3,7,2440,0.1,36.0,10.6,1.8,1024.3,95.6,1.29,0.2,1,96.0
FL-3409,Southwest,LAX,SEA,8,5,10,1858,14.0,22.0,15.0,0.3,1013.9,64.4,3.18,0.22,0,0.0
FL-3410,Alaska,DEN,DFW,16,3,11,2848,25.0,1.9,9.5,0.0,1021.5,86.9,3.59,0.14,0,0.0
FL-3411,American,JFK,DEN,22,3,10,2854,17.9,11.6,15.0,0.5,1006.6,65.0,1.0,0.2,0,0.0
FL-3412,Southwest,DEN,DFW,1,2,3,1780,16.0,27.1,12.1,4.8,1004.5,55.8,1.41,0.22,1,64.0
FL-3413,United,DFW,JFK,5,2,7,964,16.7,13.4,10.1,4.6,1013.1,64.7,1.05,0.18,1,51.0
FL-3414,Alaska,MIA,DEN,4,5,4,1190,22.3,8.7,14.2,0.0,1018.9,72.8,1.24,0.14,0,0.0
FL-3415,United,ATL,DEN,16,0,8,1786,10.4,5.0,8.2,0.0,1023.1,52.1,3.57,0.18,0,0.0
FL-3416,JetBlue,BOS,LAX,1,1,8,2753,11.6,6.0,6.3,1.9,1012.2,32.3,1.42,0.25,0,0.0
FL-3417,Alaska,DEN,MIA,17,6,6,2312,25.1,4.2,6.4,1.2,1006.4,24.5,2.78,0.14,1,43.0
FL-3418,Southwest,SFO,DEN,9,6,12,2469,17.5,3.3,10.6,0.0,1030.3,66.0,2.83,0.22,0,0.0
FL-3419,JetBlue,DFW,SFO,9,3,3,665,12.9,13.3,11.3,1.5,1011.5,71.6,3.49,0.25,1,49.0
FL-3420,Delta,ATL,SEA,5,4,6,2319,15.4,10.7,8.0,0.0,1005.0,61.9,1.0,0.12,0,0.0
FL-3421,Southwest,DEN,DFW,11,6,6,1087,21.1,19.9,13.7,0.1,1017.6,47.2,1.0,0.22,0,0.0
FL-3422,American,DFW,LAX,16,2,3,2721,14.8,5.5,10.3,0.0,1040.0,55.6,2.5,0.2,0,0.0
FL-3423,Delta,DFW,DEN,12,1,11,2902,16.9,9.3,12.5,0.0,1013.7,66.2,1.07,0.12,0,0.0
FL-3424,Delta,JFK,LAX,19,0,4,218,-5.6,17.1,8.0,3.2,1013.6,70.6,3.38,0.12,0,0.0
FL-3425,American,LAX,SFO,15,1,2,2769,17.9,49.5,9.5,0.0,1019.0,63.4,1.0,0.2,1,65.0
FL-3426,Alaska,DFW,DEN,9,3,1,983,13.4,6.4,4.7,0.0,1020.5,52.6,2.04,0.14,0,0.0
FL-3427,Delta,ORD,MIA,20,1,2,1906,26.0,5.3,9.2,0.0,1003.6,89.3,3.78,0.12,1,78.0
FL-3428,Southwest,LAX,ORD,1,3,7,614,14.4,8.9,10.7,0.0,1024.9,48.9,1.21,0.22,0,0.0
FL-3429,JetBlue,ATL,JFK,1,5,10,563,32.8,19.3,8.3,0.0,1012.0,47.3,1.52,0.25,0,0.0
FL-3430,Delta,ATL,DEN,22,2,5,2775,22.3,48.9,9.8,1.2,1013.5,58.7,1.44,0.12,0,0.0
FL-3431,Southwest,ATL,ORD,6,2,9,1303,6.1,11.5,10.7,0.0,1004.0,86.2,1.0,0.22,0,0.0
FL-3432,United,ATL,SFO,5,3,3,995,0.2,25.1,8.4,0.0,1010.4,77.0,1.51,0.18,0,0.0
FL-3433,Southwest,ORD,LAX,0,4,2,1413,14.0,9.4,9.2,2.8,1024.4,64.0,1.0,0.22,0,0.0
FL-3434,JetBlue,DEN,JFK,11,2,4,1371,15.3,0.6,7.8,0.0,1022.2,46.0,1.0,0.25,0,0.0
FL-3435,Southwest,SEA,JFK,12,4,2,1898,-5.4,33.7,7.2,1.9,1016.7,49.2,1.51,0.22,0,0.0
FL-3436,American,DFW,ATL,11,3,11,642,14.4,5.1,13.7,0.0,993.2,60.0,1.0,0.2,0,0.0
FL-3437,JetBlue,ATL,LAX,18,5,7,2512,11.1,2.2,5.7,3.4,1007.3,57.2,2.45,0.25,0,0.0
FL-3438,Alaska,LAX,JFK,8,3,10,849,17.4,70.0,12.6,0.0,1016.5,56.1,2.26,0.14,0,0.0
FL-3439,United,LAX,DEN,9,5,6,708,39.2,6.4,5.9,0.0,1009.6,90.1,1.66,0.18,0,0.0
FL-3440,American,DFW,ATL,16,6,8,665,-5.0,2.2,14.5,0.5,1018.2,100.0,3.03,0.2,0,0.0
FL-3441,Alaska,DEN,MIA,17,2,5,2612,26.3,5.6,11.7,0.0,1019.4,51.3,2.74,0.14,0,0.0
FL-3442,Southwest,BOS,SFO,7,4,2,1622,20.8,10.8,8.9,0.0,1024.2,76.9,2.63,0.22,0,0.0
FL-3443,JetBlue,BOS,DFW,6,3,4,2740,9.0,1.4,12.8,0.1,998.6,81.3,1.94,0.25,0,0.0
FL-3444,United,SEA,LAX,8,6,1,2789,15.3,6.5,13.3,0.0,1010.1,55.6,1.89,0.18,0,0.0
FL-3445,American,DEN,DFW,9,2,2,2039,26.0,16.6,11.7,0.0,1006.9,50.9,1.8,0.2,0,0.0
FL-3446,Alaska,DFW,BOS,11,6,4,1703,16.3,37.1,11.4,0.0,1008.5,48.4,1.0,0.14,0,0.0
FL-3447,Alaska,BOS,SEA,14,5,6,1826,-8.2,7.6,10.7,0.9,1012.4,75.1,1.0,0.14,0,0.0
FL-3448,United,BOS,LAX,14,3,4,1314,19.4,12.5,14.3,0.0,1015.0,75.2,1.0,0.18,0,0.0
FL-3449,Southwest,BOS,DEN,3,6,4,922,23.7,15.2,9.9,0.0,1018.3,84.7,1.81,0.22,0,0.0
FL-3450,United,SFO,ATL,3,6,11,1041,10.0,1.1,10.4,0.0,1006.8,100.0,1.9,0.18,0,0.0
FL-3451,Alaska,ORD,ATL,22,5,10,2547,25.4,6.3,12.6,0.0,1010.4,74.7,1.0,0.14,0,0.0
FL-3452,Delta,DFW,JFK,0,1,10,2421,26.3,17.3,9.0,0.0,1014.0,67.0,1.0,0.12,0,0.0
FL-3453,American,MIA,ORD,11,5,2,845,30.7,20.0,13.3,0.0,1013.6,48.4,1.0,0.2,0,0.0
FL-3454,United,JFK,BOS,1,1,9,223,27.0,6.6,12.7,4.4,1008.4,79.0,1.18,0.18,0,0.0
FL-3455,Alaska,JFK,BOS,14,2,12,930,45.5,0.1,15.0,0.0,1008.1,20.0,1.0,0.14,0,0.0
FL-3456,Southwest,DEN,MIA,16,3,10,206,29.0,0.1,9.6,0.0,1011.4,57.7,3.04,0.22,0,0.0
FL-3457,Alaska,DFW,ORD,6,6,8,1820,17.0,11.6,11.8,2.7,1001.2,27.8,1.0,0.14,0,0.0
FL-3458,Southwest,DFW,ORD,5,2,8,1471,24.6,12.0,11.4,0.0,1002.6,59.1,1.08,0.22,0,0.0
FL-3459,United,JFK,DFW,11,0,5,365,16.6,12.2,12.4,0.0,1011.5,79.5,1.98,0.18,0,0.0
FL-3460,Southwest,SEA,DEN,18,5,3,627,12.0,19.2,9.8,0.0,1013.6,96.4,3.65,0.22,1,78.0
FL-3461,JetBlue,JFK,MIA,0,2,6,2392,2.5,38.1,11.4,3.9,1022.4,22.2,2.19,0.25,1,74.0
FL-3462,JetBlue,DFW,LAX,20,2,9,1734,13.6,69.3,10.4,1.6,1000.2,87.3,3.05,0.25,1,81.0
FL-3463,JetBlue,BOS,DFW,13,6,8,1132,25.7,18.1,12.6,0.0,1016.5,60.0,1.0,0.25,1,49.0
FL-3464,Delta,SEA,DEN,3,1,7,2756,5.4,10.8,4.2,2.4,1024.3,64.5,1.0,0.12,0,0.0
FL-3465,United,ATL,MIA,4,5,11,2892,20.0,2.3,9.3,1.3,1015.3,80.5,1.3,0.18,0,0.0
FL-3466,Alaska,MIA,SFO,0,1,8,1799,11.0,7.3,15.0,0.0,1007.6,62.5,1.0,0.14,0,0.0
FL-3467,Alaska,SFO,SEA,0,3,4,2323,15.6,12.7,14.6,0.0,1010.3,51.4,1.88,0.14,0,0.0
FL-3468,Delta,ORD,ATL,20,2,6,1866,15.0,70.0,10.9,0.0,1027.5,54.7,3.01,0.12,1,99.0
FL-3469,Southwest,ATL,JFK,5,5,5,1023,18.0,2.0,11.8,0.0,1022.0,49.8,1.0,0.22,0,0.0
FL-3470,Delta,LAX,ATL,4,2,12,1542,42.8,23.6,11.6,3.0,1007.9,67.4,1.0,0.12,0,0.0
FL-3471,Southwest,JFK,ORD,1,3,2,1261,9.4,70.0,11.9,1.5,1006.9,87.7,1.12,0.22,1,55.0
FL-3472,Southwest,MIA,LAX,20,4,8,765,15.3,24.5,7.4,0.0,1016.2,80.5,3.46,0.22,1,119.0
FL-3473,American,JFK,ORD,4,3,3,1865,13.1,21.9,8.0,0.0,1016.6,66.7,1.0,0.2,0,0.0
FL-3474,Alaska,JFK,SFO,8,1,5,1737,-2.3,4.5,8.0,0.4,1024.3,53.1,2.59,0.14,0,0.0
FL-3475,JetBlue,ATL,JFK,18,1,8,1363,26.0,0.1,8.7,0.0,1011.3,70.5,3.27,0.25,0,0.0
FL-3476,Southwest,BOS,ATL,20,2,11,1481,5.7,3.8,14.7,0.0,1001.0,97.4,3.1,0.22,0,0.0
FL-3477,American,BOS,DFW,14,1,9,2864,32.2,23.4,6.5,0.0,1010.8,48.2,1.0,0.2,0,0.0
FL-3478,Alaska,SFO,LAX,12,5,9,2628,6.3,1.7,15.0,3.1,1009.1,78.5,1.0,0.14,0,0.0
FL-3479,JetBlue,SEA,DFW,11,3,5,1408,20.3,5.3,11.2,0.0,991.3,72.7,1.55,0.25,0,0.0
FL-3480,Southwest,JFK,DFW,4,2,2,502,36.5,12.4,6.5,0.0,1010.8,52.0,1.87,0.22,0,0.0
FL-3481,Southwest,DEN,SEA,1,3,7,1717,21.2,13.0,8.3,0.0,1020.7,69.4,1.81,0.22,0,0.0
FL-3482,Delta,BOS,JFK,3,3,11,955,8.6,11.7,11.3,1.3,1019.0,57.5,1.28,0.12,0,0.0
FL-3483,Delta,DFW,SFO,17,2,11,363,5.0,59.4,6.1,0.0,1010.4,49.4,2.79,0.12,1,142.0
FL-3484,Alaska,MIA,JFK,20,6,7,1867,-10.6,0.2,9.0,0.0,1009.6,47.5,3.69,0.14,0,0.0
FL-3485,JetBlue,DEN,ATL,9,4,12,1426,11.2,10.0,6.6,1.4,1008.8,52.0,2.33,0.25,0,0.0
FL-3486,Southwest,ATL,SEA,12,6,8,1433,-1.4,10.5,11.9,0.0,1008.7,43.9,1.0,0.22,0,0.0
FL-3487,Alaska,ATL,JFK,11,1,8,2082,15.3,5.2,6.6,3.2,1019.4,100.0,1.22,0.14,0,0.0
FL-3488,Alaska,SFO,LAX,1,0,5,2348,10.5,11.2,5.5,0.0,1023.8,47.8,1.0,0.14,0,0.0
FL-3489,United,SFO,JFK,14,6,1,1097,16.8,16.8,14.4,0.0,1019.0,93.1,1.02,0.18,0,0.0
FL-3490,Delta,SEA,DEN,13,0,11,982,1.8,16.8,9.1,0.0,1007.2,71.9,1.03,0.12,0,0.0
FL-3491,JetBlue,DFW,LAX,9,0,4,2194,9.3,1.4,8.8,0.0,1006.5,34.2,2.43,0.25,0,0.0
FL-3492,Southwest,MIA,JFK,21,1,4,1784,21.9,24.3,11.4,0.0,1024.7,50.0,1.0,0.22,0,0.0
FL-3493,Alaska,DFW,DEN,7,4,11,2615,19.1,40.0,9.9,0.3,1013.7,71.2,3.25,0.14,1,95.0
FL-3494,Southwest,LAX,DEN,14,3,3,926,-6.4,2.0,7.5,3.5,1007.1,52.9,1.0,0.22,0,0.0
FL-3495,United,SFO,LAX,12,2,8,2619,24.9,8.1,8.2,0.0,1013.7,68.5,1.22,0.18,0,0.0
FL-3496,JetBlue,SEA,JFK,7,4,3,1654,2.6,10.8,12.2,0.0,1002.3,31.4,2.82,0.25,0,0.0
FL-3497,Alaska,ORD,ATL,20,0,5,2527,-3.2,2.2,7.1,3.8,1003.6,66.0,3.82,0.14,1,69.0
FL-3498,Southwest,JFK,SFO,20,5,2,2563,12.5,10.5,9.9,2.0,1008.1,62.8,3.17,0.22,1,60.0
FL-3499,Delta,JFK,DEN,21,1,6,2212,44.2,3.5,15.0,3.1,1020.2,99.3,1.26,0.12,0,0.0
FL-3500,United,ORD,ATL,13,6,6,1300,11.1,41.1,9.1,0.0,1010.7,52.9,1.0,0.18,0,0.0
FL-3501,JetBlue,BOS,SEA,0,1,8,1015,16.3,8.9,13.7,0.0,1018.6,77.8,1.16,0.25,0,0.0
FL-3502,United,DFW,SFO,12,6,8,350,23.3,70.0,7.0,2.8,1014.4,88.4,1.01,0.18,1,50.0
FL-3503,Delta,ORD,LAX,7,2,1,1208,4.7,0.7,10.6,0.0,1002.0,84.5,1.9,0.12,0,0.0
FL-3504,JetBlue,SEA,SFO,17,5,5,1719,18.8,2.0,13.7,0.0,1025.6,85.7,3.15,0.25,0,0.0
FL-3505,United,MIA,SEA,21,3,2,1520,5.2,8.8,8.3,0.0,1003.3,63.7,1.12,0.18,0,0.0
FL-3506,American,ORD,DEN,8,4,10,868,21.7,31.1,15.0,0.0,1008.3,72.7,2.21,0.2,0,0.0
FL-3507,Delta,SEA,ATL,12,5,12,606,19.9,12.2,9.8,2.0,1009.2,54.4,1.13,0.12,0,0.0
FL-3508,Delta,SFO,DEN,2,4,5,2534,18.8,19.8,6.5,0.1,1019.4,75.6,1.65,0.12,0,0.0
FL-3509,Delta,DEN,SEA,17,4,10,691,17.1,8.3,13.0,0.1,1008.0,45.3,2.85,0.12,0,0.0
FL-3510,American,ATL,SEA,9,3,12,1232,39.2,0.6,14.8,0.0,1006.0,50.6,3.37,0.2,0,0.0
FL-3511,American,ATL,LAX,4,3,9,2141,17.9,15.7,6.3,3.1,1019.8,100.0,1.75,0.2,0,0.0
FL-3512,Southwest,LAX,SEA,5,6,4,1355,21.4,15.1,11.3,1.0,1010.8,82.1,1.0,0.22,0,0.0
FL-3513,Alaska,DFW,DEN,7,3,8,1300,19.4,1.1,8.0,3.8,1018.1,36.9,2.23,0.14,0,0.0
FL-3514,United,MIA,LAX,23,2,1,2985,3.0,2.8,6.9,1.4,1032.3,71.5,1.0,0.18,0,0.0
FL-3515,Southwest,DEN,JFK,6,1,8,2378,5.8,9.7,7.4,0.0,1009.5,47.1,1.0,0.22,0,0.0
FL-3516,United,DEN,SFO,20,0,6,1196,2.0,8.9,10.6,0.0,1016.5,77.4,2.54,0.18,0,0.0
FL-3517,Alaska,SFO,MIA,17,3,8,2111,5.6,20.9,13.9,0.0,1003.2,71.9,1.9,0.14,1,63.0
FL-3518,American,ORD,SFO,13,1,6,1635,8.9,7.4,9.8,2.1,1008.3,68.8,1.32,0.2,0,0.0
FL-3519,Alaska,DFW,SEA,14,6,11,1313,12.6,16.3,11.3,0.0,1015.4,53.5,1.37,0.14,0,0.0
FL-3520,American,JFK,BOS,9,3,3,2745,12.4,18.3,8.3,0.0,1024.5,91.2,1.72,0.2,0,0.0
FL-3521,Alaska,DEN,ATL,20,0,12,2869,21.9,15.5,9.6,0.0,1000.6,53.2,2.24,0.14,0,0.0
FL-3522,Southwest,SEA,DEN,11,5,11,1088,31.2,13.6,7.4,0.0,1016.1,69.2,1.0,0.22,0,0.0
FL-3523,JetBlue,JFK,SEA,6,3,8,553,28.7,24.6,4.6,0.2,1003.9,61.2,1.04,0.25,0,0.0
FL-3524,Southwest,LAX,DEN,6,1,5,2518,18.3,16.1,8.5,0.0,1010.7,40.0,1.63,0.22,0,0.0
FL-3525,United,ORD,LAX,10,6,12,1615,5.0,27.0,13.4,0.0,1008.5,58.9,2.16,0.18,0,0.0
FL-3526,Southwest,ORD,MIA,12,6,10,631,27.6,15.2,2.5,1.4,1006.9,34.5,1.0,0.22,1,154.0
FL-3527,Delta,MIA,BOS,14,2,5,938,8.4,2.6,13.3,4.2,1014.4,75.4,1.06,0.12,0,0.0
FL-3528,United,DEN,DFW,17,6,12,2719,20.2,5.6,11.0,0.0,1005.0,53.8,3.59,0.18,1,69.0
FL-3529,Alaska,SFO,LAX,6,5,7,1979,18.4,6.0,9.6,0.0,987.0,58.8,1.76,0.14,0,0.0
FL-3530,United,BOS,ATL,5,6,6,1531,2.3,1.5,8.4,3.9,1009.5,76.4,1.0,0.18,0,0.0
FL-3531,JetBlue,BOS,ORD,22,6,9,707,8.7,17.7,11.4,0.8,1006.5,54.1,1.56,0.25,0,0.0
FL-3532,American,ATL,DFW,10,5,7,254,21.2,13.6,14.2,0.0,1009.4,25.7,2.06,0.2,0,0.0
FL-3533,Alaska,SEA,DEN,7,5,3,2284,13.2,13.4,10.8,0.0,1006.5,71.4,1.6,0.14,0,0.0
FL-3534,United,JFK,SEA,19,0,11,1099,49.9,9.8,9.4,0.0,1016.9,52.7,3.11,0.18,0,0.0
FL-3535,Alaska,LAX,JFK,0,1,11,2302,9.7,11.8,15.0,0.0,1017.5,59.0,1.63,0.14,0,0.0
FL-3536,Alaska,ATL,SEA,7,4,12,723,2.9,0.1,10.3,5.2,1002.6,75.0,2.39,0.14,0,0.0
FL-3537,Alaska,ORD,SFO,7,6,5,662,15.9,1.5,5.1,0.0,1022.4,47.0,3.05,0.14,0,0.0
FL-3538,American,JFK,MIA,18,4,9,896,11.1,17.2,11.0,0.0,1018.2,71.3,2.61,0.2,0,0.0
FL-3539,Southwest,DFW,JFK,2,4,11,1701,-5.6,4.5,8.2,0.0,1009.2,65.8,1.07,0.22,0,0.0
FL-3540,Alaska,DEN,LAX,4,2,10,1972,25.0,1.7,8.9,0.0,1011.9,64.3,1.46,0.14,0,0.0
FL-3541,Delta,LAX,JFK,2,3,2,915,26.9,6.0,13.8,0.3,1020.5,60.3,1.17,0.12,0,0.0
FL-3542,JetBlue,DFW,SFO,14,6,1,1434,25.2,4.4,12.6,0.0,1009.3,69.3,1.0,0.25,0,0.0
FL-3543,American,SFO,DEN,13,3,11,2979,18.8,0.4,4.7,0.0,1018.9,76.4,1.0,0.2,1,57.0
FL-3544,United,DEN,BOS,20,3,8,2046,13.4,7.9,4.8,0.0,1015.3,33.9,2.87,0.18,0,0.0
FL-3545,American,JFK,SEA,14,2,8,1188,17.1,0.4,10.4,0.8,1019.6,78.9,1.53,0.2,0,0.0
FL-3546,United,DEN,MIA,23,4,2,2028,13.5,0.0,12.9,0.0,1017.6,58.7,1.0,0.18,0,0.0
FL-3547,American,ATL,SFO,16,5,8,411,7.4,23.6,3.3,0.0,1008.1,34.3,2.16,0.2,0,0.0
FL-3548,United,MIA,ORD,17,3,5,953,33.5,5.7,12.9,0.0,1014.1,61.2,3.13,0.18,0,0.0
FL-3549,Alaska,ATL,BOS,1,5,2,635,30.2,12.6,15.0,0.0,1019.6,46.7,1.0,0.14,0,0.0
FL-3550,Southwest,SFO,DFW,11,5,7,2101,22.9,5.3,13.6,0.0,1018.9,84.5,1.19,0.22,0,0.0
FL-3551,United,SEA,ORD,15,2,7,283,9.9,39.9,7.6,0.0,1018.2,39.1,1.0,0.18,1,101.0
FL-3552,United,DFW,ORD,3,2,3,1435,22.0,19.6,11.9,0.3,1011.2,68.6,1.0,0.18,0,0.0
FL-3553,Delta,ATL,ORD,1,1,1,978,12.1,6.9,10.7,0.0,1024.6,69.2,1.43,0.12,0,0.0
FL-3554,United,MIA,SFO,13,6,11,1033,11.7,3.5,15.0,0.7,1015.7,71.9,2.13,0.18,0,0.0
FL-3555,Delta,SEA,JFK,10,3,4,2708,14.8,2.2,13.4,0.0,1026.3,76.7,2.41,0.12,0,0.0
FL-3556,JetBlue,ATL,DFW,12,4,2,2160,20.3,21.6,7.3,0.0,1003.6,55.9,1.5,0.25,0,0.0
FL-3557,Alaska,ORD,SEA,6,0,4,376,10.2,9.1,11.8,0.0,1010.6,44.0,1.0,0.14,0,0.0
FL-3558,Delta,MIA,ORD,9,2,8,2006,13.3,4.0,7.5,0.2,1011.6,27.0,2.46,0.12,0,0.0
FL-3559,Southwest,DFW,SFO,23,5,2,2559,30.8,37.8,13.1,0.0,1019.6,67.8,1.0,0.22,0,0.0
FL-3560,Alaska,LAX,ORD,0,1,1,1917,-5.1,7.4,9.2,1.6,1006.7,55.2,1.0,0.14,0,0.0
FL-3561,Delta,BOS,LAX,20,0,11,1924,27.2,11.8,9.9,0.0,1006.7,86.1,3.25,0.12,0,0.0
FL-3562,Alaska,SEA,DEN,3,2,3,385,13.4,29.3,10.5,0.7,1020.7,76.2,1.48,0.14,0,0.0
FL-3563,Alaska,ORD,ATL,17,1,10,1694,9.5,26.9,8.3,0.0,1011.8,90.1,3.25,0.14,1,51.0
FL-3564,Alaska,LAX,SFO,5,5,7,2179,11.4,15.2,10.3,1.6,1017.5,38.3,1.05,0.14,0,0.0
FL-3565,JetBlue,JFK,ATL,1,3,12,1532,15.1,32.9,11.4,5.8,1006.4,47.6,1.0,0.25,1,73.0
FL-3566,Southwest,MIA,SFO,2,6,6,445,26.1,45.6,9.2,0.0,1018.6,73.1,1.7,0.22,1,88.0
FL-3567,American,ORD,ATL,13,6,6,2052,17.1,41.0,10.7,0.0,1019.8,89.0,1.2,0.2,1,76.0
FL-3568,American,DEN,SEA,7,1,7,583,9.1,6.4,7.8,0.0,1023.2,100.0,2.29,0.2,0,0.0
FL-3569,Delta,JFK,ORD,15,2,8,484,23.3,7.6,6.3,0.0,1005.0,72.8,1.93,0.12,0,0.0
FL-3570,Alaska,JFK,ATL,18,6,3,1187,13.8,4.1,9.9,4.0,1003.4,65.5,1.7,0.14,0,0.0
FL-3571,Delta,SEA,MIA,17,6,3,499,21.3,27.2,13.1,0.0,1012.3,80.4,3.03,0.12,0,0.0
FL-3572,JetBlue,MIA,SEA,5,3,10,1100,18.3,1.9,13.0,0.0,1022.7,53.9,1.13,0.25,0,0.0
FL-3573,JetBlue,ORD,JFK,13,5,8,1659,2.3,6.6,12.8,0.0,1005.8,50.8,2.06,0.25,0,0.0
FL-3574,United,SFO,SEA,2,4,12,1592,21.9,0.1,13.0,0.0,1004.3,75.3,1.0,0.18,0,0.0
FL-3575,JetBlue,ORD,LAX,15,6,7,2733,-4.7,13.5,10.6,0.0,1009.0,77.7,1.0,0.25,0,0.0
FL-3576,United,ATL,MIA,0,1,10,2683,13.8,16.1,8.4,0.0,1014.5,64.3,1.24,0.18,0,0.0
FL-3577,Southwest,JFK,DEN,11,0,5,1005,2.9,4.3,9.2,1.5,1013.9,49.8,1.0,0.22,0,0.0
FL-3578,Delta,DFW,LAX,13,5,4,2428,-8.7,20.0,9.6,0.0,1005.9,83.2,1.0,0.12,0,0.0
FL-3579,Southwest,JFK,SFO,18,3,6,2121,18.0,7.2,8.0,1.7,1007.1,41.0,2.06,0.22,0,0.0
FL-3580,JetBlue,JFK,MIA,21,5,9,1076,25.0,5.6,11.8,0.0,1012.3,67.0,1.0,0.25,0,0.0
FL-3581,Southwest,BOS,MIA,18,3,6,893,14.6,46.9,8.2,0.0,1007.0,72.1,3.2,0.22,1,126.0
FL-3582,Southwest,DEN,ORD,8,5,8,2587,30.4,13.3,4.5,4.0,1004.6,54.0,3.13,0.22,0,0.0
FL-3583,Southwest,SFO,JFK,6,4,1,2738,15.0,4.4,13.2,0.0,1017.2,91.4,1.24,0.22,0,0.0
FL-3584,JetBlue,LAX,MIA,13,1,12,2742,17.1,61.3,11.5,7.1,1008.4,63.6,1.0,0.25,1,74.0
FL-3585,Alaska,LAX,SFO,4,0,6,2196,4.9,7.4,4.8,0.0,1009.0,56.9,1.0,0.14,0,0.0
FL-3586,Southwest,DEN,DFW,17,6,2,929,22.0,15.7,8.1,0.0,1010.2,26.4,3.26,0.22,1,61.0
FL-3587,United,JFK,MIA,8,4,3,1386,21.4,19.3,9.7,3.1,1015.3,100.0,2.84,0.18,0,0.0
FL-3588,JetBlue,LAX,JFK,20,1,6,1781,10.0,8.2,10.0,0.0,1013.5,62.3,2.78,0.25,0,0.0
FL-3589,Southwest,MIA,SEA,6,0,2,2703,-0.4,11.5,15.0,1.0,1008.5,36.7,1.35,0.22,0,0.0
FL-3590,Alaska,SFO,DFW,8,5,4,304,-2.9,4.1,7.1,0.0,1011.8,47.5,2.41,0.14,0,0.0
FL-3591,JetBlue,LAX,SEA,3,6,6,2966,27.1,9.4,6.9,1.5,1011.3,85.2,1.0,0.25,0,0.0
FL-3592,American,DEN,DFW,16,0,5,638,1.0,5.6,13.8,0.0,1024.6,46.7,2.97,0.2,0,0.0
FL-3593,Alaska,ATL,MIA,11,2,6,1721,33.3,11.9,9.5,1.3,1012.9,72.1,1.53,0.14,0,0.0
FL-3594,United,LAX,ATL,5,0,6,1551,5.6,16.6,13.5,0.0,1006.5,75.8,1.0,0.18,0,0.0
FL-3595,Southwest,SFO,LAX,17,1,8,2898,11.4,14.3,9.2,0.0,1000.3,58.8,2.62,0.22,0,0.0
FL-3596,American,SEA,SFO,7,4,9,708,49.0,22.5,13.7,0.0,1020.6,52.0,2.56,0.2,0,0.0
FL-3597,American,SEA,DFW,20,6,5,450,9.3,0.6,9.2,0.0,1012.3,69.0,3.52,0.2,1,144.0
FL-3598,JetBlue,MIA,BOS,14,4,6,1414,3.4,1.2,9.6,1.3,1015.5,75.1,1.0,0.25,0,0.0
FL-3599,American,ORD,DFW,2,6,6,2294,10.9,3.4,6.9,4.7,1019.2,36.2,1.49,0.2,0,0.0
FL-3600,United,ORD,ATL,1,2,6,1078,-3.2,63.8,15.0,0.0,1007.0,25.6,1.48,0.18,1,49.0
FL-3601,United,LAX,BOS,23,1,2,1474,11.6,24.2,7.7,0.0,1006.8,85.3,1.15,0.18,0,0.0
FL-3602,Delta,DFW,SEA,22,0,4,1217,15.9,38.7,6.2,2.2,1013.5,75.4,1.59,0.12,0,0.0
FL-3603,United,ATL,DEN,8,2,1,263,26.9,4.8,14.9,0.5,1031.5,70.7,2.24,0.18,0,0.0
FL-3604,Alaska,DEN,JFK,7,5,12,519,21.1,12.8,12.0,4.1,1007.2,51.4,3.25,0.14,0,0.0
FL-3605,American,ATL,JFK,3,3,1,1059,16.7,12.1,14.8,1.1,1008.8,85.2,1.75,0.2,0,0.0
FL-3606,United,SEA,SFO,1,5,1,1747,40.8,12.6,7.9,0.0,1019.7,84.9,1.72,0.18,0,0.0
FL-3607,JetBlue,LAX,ATL,13,1,7,2276,22.2,19.0,11.8,0.0,1017.8,66.1,1.32,0.25,0,0.0
FL-3608,Delta,SFO,ORD,1,2,1,1874,32.2,7.5,14.2,0.0,1009.0,59.7,1.0,0.12,0,0.0
FL-3609,American,DEN,SFO,1,4,6,636,25.7,17.0,6.6,3.0,1000.3,71.9,1.33,0.2,0,0.0
FL-3610,Delta,ATL,ORD,21,2,2,2189,31.8,23.3,11.0,0.0,1010.9,69.7,1.71,0.12,1,73.0
FL-3611,American,SFO,DEN,6,3,6,1820,28.8,5.1,8.6,0.0,1027.5,54.3,1.0,0.2,0,0.0
FL-3612,JetBlue,DEN,DFW,11,1,6,962,25.0,43.7,8.8,0.0,1009.5,36.5,1.24,0.25,1,61.0
FL-3613,Delta,ATL,DFW,5,2,12,935,22.3,10.9,7.5,0.0,1019.5,69.4,1.2,0.12,0,0.0
FL-3614,Southwest,MIA,SEA,17,6,11,2698,32.8,19.8,11.3,0.0,1004.2,62.2,2.67,0.22,0,0.0
FL-3615,Alaska,SEA,LAX,3,5,3,832,8.0,19.6,9.3,0.0,1019.7,77.7,1.0,0.14,0,0.0
FL-3616,Alaska,JFK,MIA,18,0,8,1778,6.2,12.5,7.2,0.3,1020.1,95.6,2.77,0.14,0,0.0
FL-3617,American,DEN,ATL,12,5,11,1276,-4.2,5.8,14.3,3.7,1013.2,42.4,1.25,0.2,0,0.0
FL-3618,Southwest,SEA,LAX,19,1,4,2480,21.3,16.5,10.2,3.0,1022.8,73.3,2.69,0.22,0,0.0
FL-3619,Delta,BOS,DEN,20,2,7,2030,28.9,1.4,5.3,0.0,1012.1,39.1,3.78,0.12,0,0.0
FL-3620,Southwest,DFW,JFK,22,5,4,2098,2.5,59.8,7.9,1.8,1028.8,90.5,1.01,0.22,1,91.0
FL-3621,Southwest,LAX,DFW,1,2,1,399,6.3,3.1,5.6,1.1,1012.0,47.2,1.07,0.22,0,0.0
FL-3622,Delta,BOS,SEA,7,5,6,873,32.3,4.8,8.1,0.0,1010.3,52.0,2.37,0.12,0,0.0
FL-3623,JetBlue,SFO,ATL,18,1,5,748,23.3,46.3,11.1,3.8,1015.6,54.6,2.86,0.25,1,70.0
FL-3624,Southwest,DEN,ORD,8,4,9,1136,22.8,3.1,11.9,1.2,1003.4,70.0,2.38,0.22,0,0.0
FL-3625,Southwest,LAX,ORD,3,5,9,2344,20.0,2.8,12.5,0.0,1014.9,70.3,1.0,0.22,0,0.0
FL-3626,JetBlue,LAX,ATL,15,0,12,248,12.5,24.5,8.1,0.8,1006.5,75.8,1.0,0.25,0,0.0
FL-3627,Southwest,BOS,JFK,18,5,11,1095,-3.7,4.3,8.9,1.5,1020.8,87.2,2.72,0.22,1,47.0
FL-3628,Southwest,BOS,MIA,9,1,8,2769,22.1,1.5,11.3,0.0,1020.1,59.8,2.84,0.22,0,0.0
FL-3629,Southwest,JFK,LAX,5,5,7,2287,40.6,3.9,12.6,2.5,1006.9,53.0,1.0,0.22,0,0.0
FL-3630,Alaska,ATL,ORD,15,0,2,1113,18.6,32.9,9.6,0.0,1009.4,48.1,1.48,0.14,0,0.0
FL-3631,United,DEN,ORD,9,6,8,1376,1.3,4.9,11.9,0.0,1020.8,67.7,2.55,0.18,0,0.0
FL-3632,JetBlue,SEA,LAX,12,0,3,2800,12.6,17.8,8.3,0.0,1028.6,64.9,1.0,0.25,0,0.0
FL-3633,Southwest,ORD,SFO,8,1,6,875,26.4,7.5,3.6,0.0,1013.1,40.1,1.91,0.22,0,0.0
FL-3634,Alaska,DEN,ORD,6,2,10,969,27.8,4.6,12.7,0.0,1019.7,78.0,1.0,0.14,0,0.0
FL-3635,JetBlue,DEN,ORD,3,5,7,410,33.7,2.3,11.7,5.1,1019.0,57.3,1.52,0.25,1,65.0
FL-3636,American,DEN,SEA,18,4,12,2680,27.7,53.7,9.7,0.0,1019.1,92.6,3.77,0.2,1,99.0
FL-3637,American,LAX,DFW,3,0,6,2954,-9.0,11.0,10.5,0.0,994.6,62.1,1.93,0.2,0,0.0
FL-3638,Southwest,SFO,ATL,18,6,5,2812,17.8,1.8,13.5,0.0,1005.7,45.6,3.54,0.22,1,108.0
FL-3639,Alaska,LAX,ATL,18,0,4,346,-2.3,3.3,10.0,0.0,1024.8,70.0,3.88,0.14,1,48.0
FL-3640,Alaska,SFO,JFK,11,5,2,1722,22.6,7.8,1.3,0.0,1006.7,83.9,1.0,0.14,1,52.0
FL-3641,JetBlue,BOS,MIA,12,2,9,2529,23.8,11.8,3.9,0.0,1011.3,72.6,1.22,0.25,0,0.0
FL-3642,JetBlue,ORD,JFK,3,5,7,694,5.2,3.0,14.0,0.0,1028.8,87.6,1.0,0.25,0,0.0
FL-3643,Alaska,LAX,MIA,9,6,7,2656,11.4,4.9,11.8,0.0,1009.1,51.0,2.73,0.14,0,0.0
FL-3644,JetBlue,SFO,DFW,20,6,4,1849,7.3,23.0,13.4,0.0,1014.1,76.5,3.5,0.25,1,57.0
FL-3645,Alaska,LAX,DFW,6,1,5,2520,24.8,8.1,14.5,0.0,1016.4,87.1,1.0,0.14,0,0.0
FL-3646,United,DFW,ATL,4,4,6,2705,14.1,0.0,14.3,0.0,1022.3,71.3,1.2,0.18,0,0.0
FL-3647,Alaska,LAX,SEA,16,5,12,1343,7.3,0.8,5.8,3.5,1017.9,84.6,3.05,0.14,0,0.0
FL-3648,American,ORD,DEN,17,0,11,245,24.4,8.7,9.4,0.0,1008.9,66.9,3.13,0.2,1,70.0
FL-3649,JetBlue,ORD,JFK,10,0,12,510,22.3,0.9,7.3,0.0,1013.1,85.8,2.42,0.25,0,0.0
FL-3650,Alaska,SFO,SEA,14,1,2,2809,24.8,2.9,10.5,0.2,1011.2,77.5,1.0,0.14,0,0.0
FL-3651,Alaska,SFO,LAX,20,2,4,530,-3.5,19.5,5.9,1.4,1020.3,59.6,3.72,0.14,1,62.0
FL-3652,JetBlue,BOS,SFO,21,5,4,210,8.0,9.8,10.1,0.0,1012.7,58.4,1.22,0.25,0,0.0
FL-3653,United,ORD,BOS,6,3,12,1107,23.2,9.9,4.8,8.1,1014.8,75.6,1.31,0.18,0,0.0
FL-3654,United,ORD,JFK,17,2,4,1600,-4.9,13.7,9.0,0.0,1009.2,58.2,3.7,0.18,1,94.0
FL-3655,JetBlue,JFK,DEN,5,0,7,1791,-4.6,23.3,14.4,0.0,1029.0,69.1,1.5,0.25,0,0.0
FL-3656,Delta,DEN,SEA,17,6,7,207,6.2,2.6,8.0,0.9,1006.4,65.4,2.23,0.12,0,0.0
FL-3657,JetBlue,MIA,LAX,15,5,7,1183,24.3,2.9,7.9,1.2,1030.0,49.4,1.6,0.25,0,0.0
FL-3658,JetBlue,LAX,SFO,1,6,7,1950,15.1,1.9,10.4,3.3,1011.6,63.7,1.14,0.25,0,0.0
FL-3659,United,ATL,DEN,18,0,2,1593,21.1,41.4,10.5,0.0,1020.3,56.0,3.07,0.18,1,107.0
FL-3660,United,BOS,DFW,0,4,5,765,3.2,12.9,10.9,0.0,1013.9,69.9,1.28,0.18,0,0.0
FL-3661,JetBlue,DEN,ORD,10,2,10,2520,3.1,1.5,7.6,3.9,1003.5,68.6,2.69,0.25,0,0.0
FL-3662,JetBlue,MIA,ATL,19,3,2,1100,31.7,3.7,8.2,0.0,1009.1,60.3,2.65,0.25,1,86.0
FL-3663,JetBlue,JFK,MIA,4,4,5,2378,20.1,19.4,10.2,0.0,1022.0,62.3,1.0,0.25,0,0.0
FL-3664,United,ATL,DFW,15,3,12,2971,2.1,0.4,13.0,0.0,1004.6,40.2,1.0,0.18,0,0.0
FL-3665,JetBlue,SFO,BOS,22,4,6,2881,-8.7,19.4,7.8,0.0,992.3,78.8,1.44,0.25,1,53.0
FL-3666,JetBlue,ORD,LAX,0,2,3,313,-1.9,36.4,9.4,0.0,998.5,56.2,2.08,0.25,1,64.0
FL-3667,Southwest,DFW,SFO,18,0,6,731,2.3,0.9,4.2,0.0,1013.1,83.0,2.74,0.22,0,0.0
FL-3668,Delta,BOS,MIA,13,3,5,1722,-0.2,3.1,8.7,0.0,1005.1,31.3,1.55,0.12,0,0.0
FL-3669,American,SEA,DFW,2,2,4,1244,14.6,0.0,10.6,0.0,1013.5,78.7,1.0,0.2,0,0.0
FL-3670,Delta,ORD,SEA,1,3,10,1943,23.1,1.7,12.6,0.0,1017.7,59.3,1.0,0.12,0,0.0
FL-3671,Southwest,DFW,SEA,23,2,9,232,13.9,14.4,7.6,0.0,1018.0,89.5,1.63,0.22,0,0.0
FL-3672,American,MIA,BOS,4,4,11,332,9.5,0.7,10.5,0.0,1016.0,87.3,1.0,0.2,0,0.0
FL-3673,JetBlue,SFO,DEN,16,2,8,1926,19.1,8.3,10.8,0.0,1029.2,100.0,2.8,0.25,0,0.0
FL-3674,Southwest,ATL,DFW,17,4,12,1174,10.9,10.5,4.6,0.0,1025.6,82.2,2.82,0.22,1,129.0
FL-3675,JetBlue,MIA,ORD,0,0,7,225,-5.6,35.6,6.2,3.4,1005.4,51.0,1.0,0.25,1,68.0
FL-3676,United,ORD,SFO,14,4,11,2848,17.4,9.6,11.5,0.0,1018.0,82.3,1.53,0.18,0,0.0
FL-3677,Alaska,ORD,DEN,21,1,1,744,19.7,2.3,10.2,2.0,1017.6,69.2,1.0,0.14,0,0.0
FL-3678,Southwest,ATL,ORD,8,0,9,1461,29.4,5.1,10.3,0.0,1004.2,52.1,2.31,0.22,0,0.0
FL-3679,United,SEA,LAX,22,6,9,2265,26.1,16.7,7.2,0.0,1008.6,81.6,1.0,0.18,0,0.0
FL-3680,Southwest,DFW,MIA,4,6,6,1133,8.3,1.8,5.7,3.6,1000.0,66.4,1.0,0.22,0,0.0
FL-3681,Southwest,MIA,DFW,12,6,7,2536,12.4,4.0,11.4,0.0,1008.6,100.0,1.17,0.22,0,0.0
FL-3682,United,SFO,BOS,18,5,3,1250,15.4,70.0,10.5,0.0,1018.2,72.6,2.92,0.18,1,75.0
FL-3683,American,ORD,ATL,23,5,5,1016,17.6,0.1,4.2,0.0,1021.6,61.1,1.0,0.2,0,0.0
FL-3684,Delta,MIA,SEA,9,2,7,2134,32.9,2.5,9.7,0.0,1030.7,27.7,2.78,0.12,0,0.0
FL-3685,JetBlue,SEA,SFO,19,2,1,307,14.2,27.8,15.0,0.4,1019.3,28.2,3.22,0.25,1,103.0
FL-3686,Southwest,MIA,ATL,20,1,12,1147,8.8,1.6,11.8,0.5,1016.3,57.8,2.75,0.22,1,57.0
FL-3687,JetBlue,ATL,BOS,13,2,1,937,29.9,0.5,7.3,0.1,1027.7,78.1,1.0,0.25,0,0.0
FL-3688,Alaska,SFO,DFW,21,0,5,2571,29.6,1.9,10.5,0.0,1025.4,84.5,1.0,0.14,0,0.0
FL-3689,United,JFK,DEN,20,0,9,2982,25.8,17.7,9.4,4.4,1008.5,82.3,4.38,0.18,1,69.0
FL-3690,JetBlue,ATL,BOS,11,6,7,992,-4.2,70.0,14.9,0.0,1012.0,30.2,1.0,0.25,1,107.0
FL-3691,United,MIA,DEN,10,4,1,2067,16.0,13.4,6.6,0.0,1018.6,52.9,2.19,0.18,0,0.0
FL-3692,JetBlue,JFK,SFO,22,3,12,1555,12.2,2.0,13.9,0.0,1002.2,49.7,1.0,0.25,0,0.0
FL-3693,Delta,ORD,LAX,6,2,5,1585,20.2,3.0,6.4,0.0,1016.1,80.5,1.0,0.12,0,0.0
FL-3694,Delta,JFK,DFW,16,1,8,488,4.5,11.6,11.0,0.9,1016.5,59.1,3.63,0.12,1,47.0
FL-3695,Delta,SEA,LAX,17,6,8,1667,24.8,18.9,11.9,0.0,1018.9,87.4,2.47,0.12,0,0.0
FL-3696,Delta,LAX,ATL,6,5,12,1260,19.3,16.3,13.5,0.0,1020.0,65.8,1.0,0.12,0,0.0
FL-3697,Delta,SEA,ORD,23,0,2,1571,25.5,12.8,12.3,0.5,1010.3,59.1,1.0,0.12,0,0.0
FL-3698,Delta,ATL,DFW,19,0,7,242,6.0,64.3,5.4,0.0,1016.5,62.3,3.72,0.12,1,117.0
FL-3699,United,LAX,DEN,5,0,10,1349,18.2,3.3,10.0,0.0,1009.7,40.0,1.38,0.18,0,0.0
FL-3700,Southwest,ATL,ORD,10,3,5,2256,24.5,2.8,11.5,0.0,1020.7,55.7,2.35,0.22,0,0.0
FL-3701,JetBlue,BOS,JFK,11,3,9,2431,-15.6,29.4,13.3,0.0,1014.6,74.3,1.0,0.25,0,0.0
FL-3702,Delta,SFO,JFK,15,2,3,1276,23.0,5.2,6.6,0.0,1020.8,62.7,1.0,0.12,0,0.0
FL-3703,United,DEN,BOS,18,5,1,2073,10.7,6.1,7.2,0.0,998.4,38.8,2.7,0.18,0,0.0
FL-3704,United,ORD,BOS,22,1,4,732,14.7,11.9,5.6,0.6,1002.7,20.0,1.0,0.18,0,0.0
FL-3705,United,ORD,SFO,18,3,7,1518,30.0,7.2,10.0,0.0,1015.6,40.5,3.49,0.18,1,80.0
FL-3706,Southwest,BOS,SEA,10,4,1,1431,28.1,5.1,10.8,0.0,1003.0,45.4,2.08,0.22,0,0.0
FL-3707,JetBlue,MIA,DEN,15,3,2,2910,8.1,37.4,11.1,0.0,1021.1,81.5,2.0,0.25,1,68.0
FL-3708,Southwest,DFW,BOS,22,0,5,1700,-5.3,2.1,9.2,0.0,1021.2,43.1,1.57,0.22,0,0.0
FL-3709,American,ATL,MIA,11,1,9,2193,14.1,7.8,9.7,1.8,1016.7,56.5,2.09,0.2,0,0.0
FL-3710,United,DEN,BOS,7,2,1,1153,27.8,0.0,9.7,0.4,1010.5,42.8,1.67,0.18,0,0.0
FL-3711,American,DEN,LAX,2,3,12,268,30.8,24.7,9.3,0.0,1010.2,71.4,1.0,0.2,0,0.0
FL-3712,Alaska,SEA,MIA,1,0,4,2066,-10.1,2.8,4.5,3.2,1020.2,77.4,1.17,0.14,0,0.0
FL-3713,Delta,SEA,DEN,5,6,12,2148,22.2,22.2,7.1,0.0,1017.9,75.7,1.03,0.12,0,0.0
FL-3714,Delta,DFW,DEN,15,4,3,500,20.5,2.4,11.6,3.0,1006.1,63.5,1.4,0.12,0,0.0
FL-3715,Southwest,MIA,DFW,19,4,5,226,24.3,8.1,8.7,0.0,1016.4,68.8,3.29,0.22,1,53.0
FL-3716,JetBlue,BOS,ATL,23,6,5,2901,15.2,19.5,8.5,0.0,1024.9,81.8,1.0,0.25,0,0.0
FL-3717,American,JFK,MIA,14,2,10,2800,-6.2,4.7,13.8,0.0,1017.5,58.6,1.0,0.2,0,0.0
FL-3718,JetBlue,SEA,ORD,13,2,2,2353,9.5,5.7,13.2,0.0,1010.0,61.7,1.0,0.25,0,0.0
FL-3719,Southwest,MIA,SEA,1,3,5,785,4.0,16.5,7.8,0.0,1011.2,83.4,1.0,0.22,0,0.0
FL-3720,Delta,SFO,LAX,19,2,9,2819,2.6,3.1,14.5,1.2,1010.0,63.3,2.81,0.12,0,0.0
FL-3721,JetBlue,ORD,JFK,17,5,5,1009,24.4,45.5,9.4,0.0,1009.5,66.4,3.23,0.25,1,123.0
FL-3722,JetBlue,ORD,LAX,13,5,11,833,13.0,3.1,12.4,2.9,1003.3,89.0,1.66,0.25,0,0.0
FL-3723,Delta,MIA,BOS,17,0,10,1938,19.7,20.8,9.9,0.0,1013.9,58.3,3.15,0.12,0,0.0
FL-3724,American,DFW,SFO,1,0,2,858,27.7,24.3,8.1,0.0,1000.5,79.2,1.0,0.2,0,0.0
FL-3725,Delta,BOS,MIA,0,0,7,1439,-5.7,7.0,12.4,2.8,1019.2,77.4,1.01,0.12,0,0.0
FL-3726,JetBlue,DEN,ORD,19,5,6,2568,34.2,2.5,7.3,0.0,1010.4,69.0,3.55,0.25,1,78.0
FL-3727,American,DFW,MIA,1,3,7,659,36.4,2.7,9.5,0.0,1023.6,67.6,1.0,0.2,0,0.0
FL-3728,American,MIA,LAX,8,3,8,2826,-6.3,63.5,10.0,0.0,1005.0,37.9,2.43,0.2,0,0.0
FL-3729,Delta,BOS,MIA,8,2,10,359,23.3,19.4,8.8,4.3,1011.9,98.6,3.04,0.12,0,0.0
FL-3730,JetBlue,BOS,DEN,15,3,5,663,38.9,9.0,5.9,2.1,1013.9,61.2,1.0,0.25,0,0.0
FL-3731,Southwest,ATL,SFO,10,0,2,1197,-1.8,4.5,11.5,1.9,1003.8,76.2,2.37,0.22,0,0.0
FL-3732,JetBlue,LAX,DFW,22,1,7,1745,0.9,0.3,12.8,1.0,1016.9,82.8,1.66,0.25,0,0.0
FL-3733,United,ORD,JFK,5,0,7,2488,24.8,16.7,10.5,0.1,1003.8,71.6,1.0,0.18,0,0.0
FL-3734,Alaska,MIA,DFW,11,5,8,1135,20.5,47.2,7.7,4.6,1016.4,87.7,1.0,0.14,1,54.0
FL-3735,Southwest,DEN,BOS,2,6,7,1878,17.6,1.7,15.0,0.0,1024.9,81.5,1.0,0.22,1,51.0
FL-3736,American,LAX,DFW,11,1,10,1064,12.0,21.1,9.3,3.3,1017.7,31.9,1.6,0.2,0,0.0
FL-3737,Southwest,SFO,BOS,22,2,7,1390,16.9,2.5,9.3,0.0,1009.4,64.6,1.02,0.22,0,0.0
FL-3738,American,SEA,LAX,0,4,9,2897,-15.2,23.6,1.2,0.0,1022.3,26.7,1.0,0.2,0,0.0
FL-3739,American,ATL,DFW,8,6,8,2574,0.6,6.9,6.3,0.3,1031.6,59.9,2.36,0.2,0,0.0
FL-3740,Southwest,SEA,BOS,19,3,2,1064,13.7,18.7,13.5,4.2,1015.0,49.5,2.02,0.22,0,0.0
FL-3741,American,LAX,DFW,21,3,2,2776,-10.3,39.1,15.0,0.0,1007.8,48.1,1.24,0.2,1,55.0
FL-3742,American,LAX,SFO,5,5,7,1496,13.3,14.5,13.9,0.0,1013.6,67.8,1.0,0.2,0,0.0
FL-3743,United,SEA,MIA,10,0,10,2135,14.8,38.0,6.9,3.4,1003.3,76.8,2.6,0.18,0,0.0
FL-3744,JetBlue,DEN,JFK,2,0,11,533,6.2,4.0,11.4,0.0,1022.1,35.8,1.0,0.25,0,0.0
FL-3745,JetBlue,DEN,JFK,3,1,10,1843,6.9,57.3,8.8,1.0,1015.5,100.0,1.0,0.25,0,0.0
FL-3746,Alaska,JFK,BOS,9,3,3,2597,2.5,30.9,8.9,1.6,1008.8,73.2,2.16,0.14,0,0.0
FL-3747,Alaska,SFO,BOS,18,6,1,2421,9.2,1.7,6.1,0.0,1017.2,63.8,2.07,0.14,0,0.0
FL-3748,United,DEN,ATL,5,5,9,2363,19.3,8.0,11.6,2.8,1009.0,63.4,1.0,0.18,0,0.0
FL-3749,Alaska,SFO,LAX,0,6,3,1918,20.2,39.3,6.2,2.4,1011.4,34.0,2.32,0.14,0,0.0
FL-3750,Southwest,SFO,BOS,7,2,1,2608,27.3,1.2,3.1,0.0,1013.0,53.1,2.76,0.22,0,0.0
FL-3751,Delta,LAX,DFW,7,0,6,1889,13.1,9.1,8.8,0.0,1027.5,45.8,2.6,0.12,0,0.0
FL-3752,Delta,SFO,DEN,5,6,4,1982,20.5,19.3,2.3,0.0,1004.0,52.4,1.0,0.12,1,123.0
FL-3753,Delta,ATL,JFK,16,3,1,2323,-2.4,0.5,7.6,0.0,1019.2,76.0,2.54,0.12,0,0.0
FL-3754,United,SEA,BOS,18,4,4,1304,17.5,21.0,11.8,0.0,1007.4,50.5,2.88,0.18,0,0.0
FL-3755,United,JFK,SFO,0,5,8,271,12.3,6.7,13.4,0.2,1027.1,71.9,1.0,0.18,0,0.0
FL-3756,American,MIA,ORD,14,1,11,651,21.0,4.3,11.9,0.0,1005.7,75.8,1.11,0.2,0,0.0
FL-3757,Delta,DFW,ATL,12,0,7,1978,11.6,12.9,9.3,0.0,1005.9,69.0,1.0,0.12,0,0.0
FL-3758,Southwest,JFK,LAX,20,0,12,2614,10.5,11.8,8.4,0.0,1019.1,100.0,4.37,0.22,1,57.0
FL-3759,Alaska,ATL,BOS,2,2,1,1025,5.1,31.1,7.2,0.0,1013.0,70.2,1.72,0.14,0,0.0
FL-3760,Southwest,JFK,SEA,1,0,10,2917,27.1,16.9,14.5,0.0,1019.5,91.1,1.33,0.22,0,0.0
FL-3761,Alaska,SFO,ATL,2,5,12,1535,7.6,8.2,6.2,0.0,1022.8,98.7,1.0,0.14,0,0.0
FL-3762,Delta,LAX,ORD,8,3,9,2357,37.4,15.8,10.4,0.9,1014.5,62.6,3.33,0.12,0,0.0
FL-3763,Delta,DFW,BOS,15,3,6,251,-0.7,20.8,11.8,0.2,1021.2,100.0,1.0,0.12,0,0.0
FL-3764,Delta,DEN,ATL,23,3,2,2162,29.1,41.5,4.0,0.0,997.4,88.4,1.35,0.12,1,85.0
FL-3765,United,LAX,BOS,12,4,3,666,-11.1,18.3,2.8,0.0,1015.9,46.5,1.0,0.18,1,63.0
FL-3766,Alaska,SFO,ORD,18,4,7,1874,13.0,11.8,11.8,0.0,1011.4,87.6,3.24,0.14,0,0.0
FL-3767,United,SFO,MIA,17,0,3,2132,7.9,7.0,5.6,0.0,1025.1,53.2,2.89,0.18,0,0.0
FL-3768,United,DFW,MIA,20,6,3,1561,20.3,33.3,10.9,2.8,995.6,74.4,2.43,0.18,0,0.0
FL-3769,JetBlue,DFW,ATL,11,4,5,986,24.8,23.6,7.4,0.0,1007.2,85.1,1.0,0.25,0,0.0
FL-3770,Southwest,ORD,LAX,11,6,3,755,38.2,1.2,10.8,0.0,1002.5,80.6,1.53,0.22,0,0.0
FL-3771,Southwest,BOS,SEA,0,6,3,2239,8.6,18.0,11.2,0.0,1014.7,53.6,2.05,0.22,0,0.0
FL-3772,American,BOS,ATL,19,4,11,2506,6.2,11.6,13.0,4.1,1015.0,49.9,3.63,0.2,1,68.0
FL-3773,United,LAX,SEA,7,2,5,1962,25.6,1.6,11.3,0.0,1013.3,46.0,2.35,0.18,0,0.0
FL-3774,Alaska,DEN,LAX,16,4,5,2312,13.4,12.5,10.7,0.0,1019.4,93.4,2.47,0.14,0,0.0
FL-3775,JetBlue,JFK,SEA,20,1,12,2410,7.4,3.2,15.0,0.0,1021.8,81.4,2.89,0.25,0,0.0
FL-3776,JetBlue,SFO,DFW,19,1,9,1901,9.7,18.5,7.1,0.0,1015.9,87.4,4.23,0.25,1,74.0
FL-3777,Southwest,SFO,MIA,21,6,1,2286,6.5,4.9,10.2,0.0,1002.3,33.5,1.0,0.22,0,0.0
FL-3778,United,ORD,MIA,6,1,1,2912,-5.0,2.4,12.7,0.0,1008.6,78.8,1.0,0.18,0,0.0
FL-3779,American,LAX,BOS,8,0,11,2567,33.8,1.3,2.0,0.0,1018.5,53.2,1.99,0.2,1,61.0
FL-3780,United,LAX,ATL,16,3,9,2607,20.9,10.1,14.6,0.0,1015.0,45.0,1.9,0.18,0,0.0
FL-3781,Delta,SEA,ATL,9,2,5,2516,-4.3,3.3,9.5,1.7,1007.9,41.1,3.56,0.12,0,0.0
FL-3782,United,DFW,ATL,3,0,4,2571,33.0,29.0,11.3,0.0,1021.3,66.4,1.05,0.18,0,0.0
FL-3783,Delta,DEN,DFW,21,3,2,2573,17.1,0.0,8.5,0.0,1017.7,60.6,1.29,0.12,0,0.0
FL-3784,Delta,DFW,DEN,6,2,12,1810,12.5,27.8,11.3,0.0,1021.2,74.4,1.05,0.12,0,0.0
FL-3785,American,DEN,ORD,6,6,9,456,21.4,11.0,10.8,0.0,1016.0,67.1,1.42,0.2,0,0.0
FL-3786,Alaska,ATL,DFW,7,2,6,2447,9.8,38.3,6.6,1.3,1007.3,77.1,3.02,0.14,0,0.0
FL-3787,Southwest,MIA,ORD,23,2,9,809,-0.8,3.4,8.7,0.0,1024.6,62.3,1.0,0.22,0,0.0
FL-3788,United,BOS,LAX,23,1,5,1327,8.5,1.6,11.5,1.9,1018.5,50.6,2.04,0.18,0,0.0
FL-3789,Delta,BOS,SEA,7,1,4,1595,14.1,14.7,14.4,1.6,1017.3,82.6,3.27,0.12,0,0.0
FL-3790,United,DEN,JFK,15,1,7,1104,4.2,18.4,8.9,0.0,1020.2,75.1,1.26,0.18,0,0.0
FL-3791,Alaska,BOS,LAX,11,2,5,363,21.1,7.0,6.1,2.8,1010.9,64.9,1.0,0.14,0,0.0
FL-3792,Southwest,DFW,SEA,14,5,8,1336,30.4,0.2,11.1,0.0,1017.6,65.3,1.0,0.22,0,0.0
FL-3793,Alaska,SFO,MIA,7,2,8,814,10.6,7.8,9.1,0.0,1012.1,57.4,1.82,0.14,0,0.0
FL-3794,Southwest,DFW,JFK,21,1,2,2225,-12.5,4.0,12.4,0.0,1007.1,76.4,1.0,0.22,0,0.0
FL-3795,JetBlue,DEN,DFW,8,2,5,305,13.0,6.4,7.8,0.0,1002.3,76.4,3.01,0.25,0,0.0
FL-3796,Southwest,LAX,DEN,2,1,10,898,4.8,10.6,5.9,0.0,996.9,47.1,1.23,0.22,0,0.0
FL-3797,American,DFW,SFO,21,1,8,563,12.4,18.2,14.7,1.6,1016.1,94.2,1.0,0.2,0,0.0
FL-3798,Alaska,BOS,ATL,20,1,3,2907,12.3,49.5,8.6,1.0,1007.1,61.7,2.35,0.14,1,82.0
FL-3799,Delta,ORD,JFK,15,6,7,2221,4.7,2.3,7.3,0.0,1009.0,57.7,1.65,0.12,0,0.0
FL-3800,JetBlue,SEA,DEN,14,6,3,1352,-1.4,17.1,7.9,0.8,1006.8,86.7,1.0,0.25,0,0.0
FL-3801,American,SFO,BOS,23,5,6,898,15.1,4.0,14.2,0.0,1000.8,77.1,1.0,0.2,0,0.0
FL-3802,United,BOS,SFO,3,3,2,946,5.8,3.7,15.0,1.2,1021.5,74.9,1.14,0.18,0,0.0
FL-3803,Alaska,ORD,ATL,19,2,6,2175,35.9,15.1,7.6,1.8,1029.2,76.4,2.84,0.14,0,0.0
FL-3804,Delta,DEN,ATL,15,0,6,1843,18.0,22.4,9.4,0.0,998.6,86.4,1.4,0.12,0,0.0
FL-3805,Southwest,ATL,SFO,9,1,8,1160,6.2,57.1,11.0,0.9,1016.1,45.6,2.23,0.22,0,0.0
FL-3806,Delta,ORD,JFK,10,5,5,408,9.3,22.0,4.4,5.3,1003.5,54.1,2.54,0.12,1,49.0
FL-3807,United,MIA,DFW,4,0,1,1511,13.2,2.6,8.5,0.0,1019.5,93.1,1.02,0.18,0,0.0
FL-3808,JetBlue,ATL,JFK,10,6,8,2091,16.2,3.8,15.0,0.0,1024.3,52.2,2.36,0.25,0,0.0
FL-3809,JetBlue,JFK,BOS,12,3,12,1376,22.4,21.5,9.0,0.0,1019.2,45.5,1.0,0.25,0,0.0
FL-3810,Alaska,SFO,MIA,14,2,9,2738,28.7,11.2,13.8,0.0,1005.6,72.2,1.5,0.14,0,0.0
FL-3811,JetBlue,BOS,ORD,5,6,1,2950,14.1,5.3,9.8,1.8,1007.4,57.3,1.17,0.25,0,0.0
FL-3812,Alaska,JFK,BOS,15,5,5,2239,20.5,9.6,3.6,2.2,1009.5,76.1,1.03,0.14,0,0.0
FL-3813,Alaska,DFW,LAX,14,1,12,1652,20.1,37.0,13.0,2.1,1018.5,62.1,1.0,0.14,1,65.0
FL-3814,Alaska,DEN,MIA,10,1,6,2749,16.2,21.1,9.0,0.0,1011.2,57.2,2.48,0.14,0,0.0
FL-3815,Southwest,SFO,BOS,19,1,4,865,12.5,9.0,14.3,0.0,1018.5,47.5,2.62,0.22,0,0.0
FL-3816,American,LAX,DEN,1,5,11,1817,16.7,59.1,10.6,0.0,1013.1,74.1,1.0,0.2,0,0.0
FL-3817,Alaska,ATL,SFO,1,6,2,2468,7.2,23.8,10.0,3.7,1012.5,60.9,1.06,0.14,0,0.0
FL-3818,Alaska,LAX,MIA,11,0,5,634,1.4,0.1,11.4,1.4,1014.0,68.1,1.26,0.14,0,0.0
FL-3819,American,JFK,DEN,15,3,4,2527,32.3,1.8,11.1,0.3,1012.7,50.6,1.26,0.2,0,0.0
FL-3820,Delta,ORD,SFO,18,2,7,1846,17.6,12.1,4.8,0.3,1000.5,72.9,3.51,0.12,1,81.0
FL-3821,Alaska,ORD,LAX,1,3,6,2771,18.3,6.5,13.2,0.0,1005.4,64.8,1.41,0.14,0,0.0
FL-3822,Southwest,DEN,SEA,16,6,3,2240,12.4,25.1,9.9,0.0,1026.2,63.5,2.79,0.22,0,0.0
FL-3823,JetBlue,JFK,MIA,13,1,9,1362,21.0,33.9,10.1,0.0,1016.8,73.9,2.29,0.25,1,76.0
FL-3824,JetBlue,SEA,SFO,23,3,4,866,12.8,4.1,11.3,1.4,1027.4,27.7,1.87,0.25,1,67.0
FL-3825,United,SFO,DFW,15,0,11,1640,-3.2,21.6,12.7,7.7,1005.9,46.1,1.0,0.18,0,0.0
FL-3826,United,ATL,SFO,4,4,5,2199,8.6,11.5,13.2,0.0,1013.0,61.6,1.14,0.18,0,0.0
FL-3827,JetBlue,ORD,BOS,9,6,3,2979,22.2,7.5,12.0,3.3,1011.4,67.4,2.13,0.25,0,0.0
FL-3828,JetBlue,ORD,JFK,16,4,8,547,7.9,23.2,4.8,0.0,1004.6,71.3,2.6,0.25,0,0.0
FL-3829,Southwest,LAX,BOS,12,2,11,964,-7.0,12.5,9.8,0.0,999.5,53.1,1.0,0.22,0,0.0
FL-3830,American,LAX,DEN,15,2,7,1133,11.5,15.1,7.2,2.3,1005.1,70.6,1.61,0.2,0,0.0
FL-3831,United,BOS,ATL,8,3,11,382,-5.8,1.0,10.5,0.0,1021.4,57.8,1.94,0.18,0,0.0
FL-3832,American,DFW,MIA,23,2,11,2755,11.3,13.2,9.4,0.0,1009.2,51.3,2.18,0.2,0,0.0
FL-3833,Southwest,SEA,BOS,3,6,7,2445,29.2,5.4,15.0,0.4,1010.5,75.4,1.3,0.22,0,0.0
FL-3834,JetBlue,LAX,SFO,23,5,8,1905,-0.3,10.2,5.9,2.0,1012.9,78.6,1.0,0.25,0,0.0
FL-3835,Alaska,LAX,SFO,15,0,7,1346,22.8,3.8,10.0,0.0,1014.3,77.0,1.3,0.14,0,0.0
FL-3836,American,SFO,SEA,22,1,3,580,35.6,14.3,10.3,0.0,1010.6,68.3,1.0,0.2,0,0.0
FL-3837,JetBlue,BOS,DEN,10,1,3,1024,30.3,2.4,8.6,0.0,1009.9,71.2,2.22,0.25,1,74.0
FL-3838,JetBlue,LAX,SEA,6,3,2,1738,12.3,2.0,9.9,0.0,1016.2,71.2,1.51,0.25,0,0.0
FL-3839,Delta,ATL,LAX,16,1,1,1837,4.0,3.1,15.0,0.0,1026.0,81.6,3.03,0.12,0,0.0
FL-3840,American,SFO,BOS,21,3,5,391,17.1,25.5,11.1,0.0,1008.1,91.8,1.0,0.2,0,0.0
FL-3841,Alaska,DFW,ORD,12,2,12,724,17.3,0.5,14.5,0.0,1000.8,84.2,1.14,0.14,0,0.0
FL-3842,American,JFK,DEN,3,2,4,1293,26.1,19.6,8.6,0.0,1008.0,39.7,1.0,0.2,0,0.0
FL-3843,JetBlue,SFO,DEN,13,5,11,2536,15.6,0.9,12.3,0.2,1012.2,56.3,1.02,0.25,0,0.0
FL-3844,Alaska,JFK,ORD,9,5,2,304,19.8,13.4,7.6,0.8,998.3,95.9,3.44,0.14,0,0.0
FL-3845,Southwest,ORD,MIA,9,0,1,1939,4.1,22.3,7.4,0.0,1013.8,36.4,1.57,0.22,0,0.0
FL-3846,Delta,BOS,SEA,9,1,3,2560,23.9,3.9,4.7,0.0,1017.6,57.2,2.66,0.12,0,0.0
FL-3847,JetBlue,DFW,JFK,11,6,6,1876,-0.3,3.3,6.8,0.0,1004.7,99.1,1.14,0.25,0,0.0
FL-3848,United,BOS,MIA,1,5,2,2554,7.5,5.1,10.2,0.0,1010.6,44.0,1.0,0.18,0,0.0
FL-3849,United,DFW,LAX,22,0,10,1020,22.2,18.0,14.6,10.8,1018.4,50.9,1.0,0.18,0,0.0
FL-3850,Delta,BOS,JFK,8,4,7,235,30.5,4.4,9.7,0.0,1012.7,63.2,2.26,0.12,0,0.0
FL-3851,Southwest,SFO,SEA,4,5,11,1248,23.2,10.5,10.7,0.0,1014.3,40.8,1.3,0.22,0,0.0
FL-3852,JetBlue,BOS,LAX,7,0,7,2072,14.6,2.2,13.4,0.0,1012.2,80.3,3.26,0.25,1,84.0
FL-3853,American,MIA,SFO,20,3,11,1260,14.7,9.3,9.0,0.0,1013.7,74.6,2.71,0.2,0,0.0
FL-3854,Delta,DFW,DEN,13,3,3,1242,4.1,14.7,7.1,0.0,1025.6,85.6,1.0,0.12,0,0.0
FL-3855,Southwest,JFK,SFO,6,0,1,2282,10.6,1.1,7.4,3.7,1017.6,36.3,1.3,0.22,0,0.0
FL-3856,American,DFW,SEA,6,2,9,1641,-8.0,25.3,13.4,0.0,996.7,74.4,1.35,0.2,0,0.0
FL-3857,United,ORD,ATL,8,4,11,2045,34.9,41.6,10.4,0.0,1014.3,64.5,2.22,0.18,1,76.0
FL-3858,United,ATL,DFW,2,0,5,1741,41.6,3.2,10.4,2.5,1027.1,36.6,1.39,0.18,0,0.0
FL-3859,American,MIA,DEN,13,5,2,666,-8.3,21.4,7.3,2.4,1013.4,100.0,1.0,0.2,0,0.0
FL-3860,Delta,DEN,MIA,16,2,8,398,-2.2,5.6,14.0,0.0,998.5,47.2,3.05,0.12,0,0.0
FL-3861,United,DFW,SEA,17,0,12,1791,31.3,16.9,15.0,0.0,1004.8,73.0,3.12,0.18,0,0.0
FL-3862,JetBlue,LAX,ORD,11,1,10,1434,5.6,5.5,10.5,1.5,1012.2,58.8,1.0,0.25,0,0.0
FL-3863,Alaska,SFO,LAX,21,5,10,440,31.6,29.7,12.8,0.0,1006.7,75.4,1.01,0.14,0,0.0
FL-3864,American,SFO,ATL,13,5,4,1393,24.0,6.4,8.1,0.0,1026.0,55.3,1.0,0.2,0,0.0
FL-3865,American,BOS,SEA,12,3,11,2082,11.1,28.3,13.8,0.0,1004.5,80.7,1.0,0.2,0,0.0
FL-3866,United,BOS,SEA,13,1,10,493,26.3,21.8,11.7,0.0,1012.6,92.9,1.0,0.18,0,0.0
FL-3867,Delta,SFO,ATL,8,1,12,1121,14.6,3.3,6.3,0.0,1013.0,67.3,2.5,0.12,0,0.0
FL-3868,JetBlue,SEA,BOS,18,5,7,1962,14.4,2.6,11.4,0.6,1025.4,35.7,3.23,0.25,1,100.0
FL-3869,Delta,MIA,ORD,1,4,5,1538,21.3,22.7,11.3,1.9,1012.3,43.0,1.0,0.12,0,0.0
FL-3870,Southwest,MIA,DFW,10,6,3,667,24.5,7.4,10.5,0.0,1022.1,97.3,2.85,0.22,0,0.0
FL-3871,Southwest,JFK,BOS,16,2,10,2614,27.0,44.8,11.5,0.0,1011.0,75.4,3.48,0.22,1,132.0
FL-3872,Alaska,DFW,DEN,1,3,8,2563,43.3,43.0,9.9,0.0,1012.0,61.5,1.0,0.14,0,0.0
FL-3873,United,DEN,ORD,18,1,2,957,19.4,17.7,9.4,3.1,1010.0,84.7,4.07,0.18,1,103.0
FL-3874,United,SFO,BOS,6,3,1,1313,30.5,10.4,10.7,2.4,999.1,59.6,1.48,0.18,0,0.0
FL-3875,United,DFW,DEN,17,5,5,1741,30.2,3.3,9.0,0.0,1021.1,81.1,3.08,0.18,0,0.0
FL-3876,Alaska,MIA,ATL,12,2,11,2698,23.2,32.1,8.1,0.3,1018.8,30.7,1.0,0.14,0,0.0
FL-3877,Southwest,ORD,DFW,4,0,4,1107,8.7,1.3,13.3,0.0,1012.9,57.5,1.36,0.22,0,0.0
FL-3878,Delta,SFO,SEA,17,1,11,1832,28.2,6.9,8.3,4.6,1009.3,49.8,2.84,0.12,0,0.0
FL-3879,Alaska,DFW,MIA,22,2,10,2693,20.4,5.8,9.5,0.0,1003.2,39.5,1.0,0.14,0,0.0
FL-3880,Alaska,MIA,JFK,23,6,7,1156,-0.5,47.7,8.6,0.0,1008.7,52.5,1.0,0.14,1,64.0
FL-3881,Delta,ATL,DEN,23,3,9,2327,27.2,1.9,7.4,0.0,1012.7,62.0,1.0,0.12,0,0.0
FL-3882,United,MIA,SEA,15,5,6,2385,-4.5,33.1,14.6,0.0,1015.5,54.3,1.0,0.18,0,0.0
FL-3883,JetBlue,BOS,ORD,14,2,11,2899,22.8,9.1,5.7,2.6,1016.7,73.9,1.82,0.25,0,0.0
FL-3884,Delta,LAX,BOS,7,0,1,1731,8.4,0.7,11.2,0.0,1005.7,66.8,2.57,0.12,0,0.0
FL-3885,Southwest,SEA,LAX,14,2,8,751,17.0,19.6,9.6,0.0,1006.0,55.9,1.0,0.22,0,0.0
FL-3886,American,SEA,SFO,0,5,2,2321,-1.7,1.6,11.4,0.7,1012.4,85.9,1.1,0.2,0,0.0
FL-3887,American,BOS,JFK,16,3,4,2297,6.3,4.1,9.5,0.0,1010.3,78.5,3.06,0.2,0,0.0
FL-3888,Alaska,BOS,LAX,14,1,3,587,8.7,24.1,11.5,0.3,1018.4,71.5,1.89,0.14,0,0.0
FL-3889,American,SFO,DFW,13,6,6,2632,13.2,2.5,10.8,0.9,1001.8,42.8,1.5,0.2,0,0.0
FL-3890,JetBlue,ATL,JFK,13,6,2,498,7.9,5.9,11.8,0.0,1017.6,71.0,1.0,0.25,0,0.0
FL-3891,United,ATL,SEA,9,1,5,538,19.2,6.7,15.0,1.3,1013.5,76.3,2.04,0.18,0,0.0
FL-3892,Southwest,SFO,JFK,1,4,11,673,20.7,13.3,4.4,0.0,1008.1,80.2,1.52,0.22,0,0.0
FL-3893,JetBlue,DFW,BOS,5,3,9,815,9.6,23.4,10.2,0.4,1015.6,57.0,1.0,0.25,0,0.0
FL-3894,Southwest,SFO,ORD,16,6,3,1161,15.5,3.9,7.0,0.0,1017.7,87.0,2.23,0.22,0,0.0
FL-3895,Southwest,DEN,LAX,4,4,2,991,21.4,3.5,7.8,2.9,997.8,84.9,1.0,0.22,0,0.0
FL-3896,United,DEN,JFK,4,4,2,1393,-11.9,3.8,7.1,0.0,1028.6,93.0,1.0,0.18,0,0.0
FL-3897,Alaska,SEA,BOS,14,5,9,212,20.3,7.2,9.1,0.3,1012.7,41.4,1.38,0.14,0,0.0
FL-3898,American,MIA,ATL,14,5,6,648,7.3,11.5,13.4,0.0,1016.7,58.0,1.04,0.2,0,0.0
FL-3899,United,SFO,JFK,19,5,2,2421,-17.0,0.2,8.9,0.0,1016.5,41.2,2.59,0.18,0,0.0
FL-3900,JetBlue,SFO,JFK,10,0,3,1897,10.3,22.7,11.0,4.2,1014.3,50.4,2.73,0.25,0,0.0
FL-3901,Alaska,DFW,MIA,4,3,1,2182,2.9,39.2,12.7,0.1,1008.8,40.1,1.06,0.14,1,75.0
FL-3902,JetBlue,JFK,ORD,0,1,2,1355,9.4,27.8,7.4,0.9,1013.7,45.8,1.0,0.25,0,0.0
FL-3903,Alaska,SEA,DEN,10,3,2,2842,20.6,0.6,7.6,0.0,1013.0,76.6,2.75,0.14,0,0.0
FL-3904,JetBlue,SEA,DEN,10,5,11,2120,25.2,11.2,10.0,0.0,1015.3,57.2,1.99,0.25,0,0.0
FL-3905,United,SEA,BOS,5,0,2,2098,30.5,25.2,4.6,0.6,1025.2,44.2,1.0,0.18,0,0.0
FL-3906,Alaska,MIA,DEN,22,3,7,2516,31.2,6.3,15.0,0.0,1010.6,100.0,1.0,0.14,0,0.0
FL-3907,Alaska,BOS,JFK,7,3,3,1474,2.6,34.1,10.0,0.0,1005.7,71.5,1.37,0.14,0,0.0
FL-3908,Southwest,ORD,SEA,1,4,11,1593,29.5,32.7,11.7,0.2,1013.4,45.4,1.19,0.22,0,0.0
FL-3909,Southwest,JFK,SEA,14,3,4,2865,0.3,2.3,9.4,2.0,1007.1,60.5,1.0,0.22,0,0.0
FL-3910,Delta,MIA,ATL,22,4,2,972,27.7,10.2,11.9,0.6,1004.1,68.4,1.0,0.12,0,0.0
FL-3911,JetBlue,DEN,SEA,21,4,5,2773,21.9,0.4,9.5,2.4,1007.1,59.6,1.0,0.25,0,0.0
FL-3912,Southwest,DFW,ATL,8,2,9,1815,17.0,5.0,11.7,4.6,1001.8,55.5,1.65,0.22,0,0.0
FL-3913,Delta,BOS,MIA,14,5,12,1087,4.4,25.1,13.9,1.5,1002.7,54.1,1.47,0.12,0,0.0
FL-3914,Southwest,DEN,DFW,7,6,9,2919,29.4,55.4,3.4,1.8,1024.7,77.9,2.3,0.22,1,53.0
FL-3915,JetBlue,BOS,ATL,15,0,7,2425,2.9,36.7,12.0,1.4,1021.4,76.5,1.0,0.25,1,115.0
FL-3916,Alaska,ATL,DEN,13,4,12,2506,14.7,0.7,8.4,3.4,1012.7,46.8,1.08,0.14,0,0.0
FL-3917,American,SEA,LAX,14,3,8,459,15.8,39.2,6.7,0.0,1004.3,33.7,1.0,0.2,0,0.0
FL-3918,JetBlue,BOS,LAX,19,4,5,1712,-5.4,25.9,5.7,1.0,998.0,49.2,2.53,0.25,0,0.0
FL-3919,United,LAX,ORD,12,4,5,842,16.8,30.3,10.3,0.0,1010.7,87.7,1.0,0.18,0,0.0
FL-3920,Southwest,SEA,BOS,8,4,12,2328,1.9,36.9,10.8,0.0,1018.2,59.8,3.39,0.22,1,94.0
FL-3921,Southwest,SEA,ORD,0,1,3,1282,32.3,10.0,8.1,0.0,1012.0,58.8,1.0,0.22,0,0.0
FL-3922,Alaska,DFW,ATL,5,6,6,1462,47.4,3.6,6.2,3.6,1020.5,73.8,1.0,0.14,0,0.0
FL-3923,United,JFK,SEA,7,6,1,2376,6.2,0.3,10.3,0.0,1009.6,42.4,2.67,0.18,0,0.0
FL-3924,Alaska,DEN,ATL,19,1,3,611,10.3,0.4,10.2,0.0,1010.7,68.3,3.45,0.14,0,0.0
FL-3925,United,BOS,DEN,17,1,11,2562,17.0,15.4,11.8,0.0,1017.3,58.2,4.39,0.18,1,71.0
FL-3926,American,BOS,DFW,17,1,2,2702,-9.7,6.2,12.1,1.7,1002.3,55.8,2.99,0.2,0,0.0
FL-3927,Southwest,ATL,BOS,16,6,7,814,34.7,10.3,13.5,0.0,1014.6,48.8,2.74,0.22,0,0.0
FL-3928,Southwest,SEA,ATL,20,2,9,1098,11.2,2.1,12.0,0.0,1014.2,86.9,1.83,0.22,0,0.0
FL-3929,American,SFO,ORD,15,4,4,431,10.2,55.6,5.1,0.0,1011.1,67.8,1.0,0.2,0,0.0
FL-3930,Delta,ORD,LAX,12,2,7,2858,23.3,2.1,10.0,0.0,1023.7,73.8,1.0,0.12,0,0.0
FL-3931,Alaska,SFO,JFK,21,3,8,929,16.0,8.8,13.0,0.0,1018.5,58.8,1.05,0.14,0,0.0
FL-3932,American,BOS,SFO,3,6,10,1620,17.0,8.8,12.5,0.0,1000.3,80.7,1.04,0.2,0,0.0
FL-3933,Alaska,SFO,LAX,3,5,2,1972,25.1,0.1,15.0,1.8,1009.9,86.2,1.61,0.14,0,0.0
FL-3934,JetBlue,DFW,SEA,20,6,7,1903,13.5,16.5,12.7,0.0,1007.4,63.6,3.1,0.25,0,0.0
FL-3935,Southwest,LAX,DEN,13,0,12,1797,1.5,11.6,6.0,0.0,1012.1,45.1,1.05,0.22,0,0.0
FL-3936,Alaska,BOS,DFW,4,2,3,517,29.7,10.3,5.3,3.7,1005.1,76.2,1.09,0.14,0,0.0
FL-3937,United,BOS,LAX,15,1,8,1730,8.0,25.6,10.2,0.0,1004.6,36.4,1.0,0.18,0,0.0
FL-3938,Alaska,LAX,MIA,13,1,6,2769,8.6,4.1,10.5,1.4,1011.7,56.4,1.7,0.14,0,0.0
FL-3939,JetBlue,DEN,LAX,13,3,3,1310,17.8,29.6,8.4,1.4,1013.6,68.4,1.2,0.25,0,0.0
FL-3940,Southwest,LAX,SFO,13,4,8,915,-0.7,30.0,12.3,1.1,1006.4,64.5,1.38,0.22,0,0.0
FL-3941,American,SFO,LAX,23,0,11,1541,17.9,26.3,2.5,0.6,1005.5,100.0,1.0,0.2,0,0.0
FL-3942,JetBlue,DFW,LAX,13,2,3,1333,26.4,6.3,8.6,0.0,1000.3,72.8,1.0,0.25,0,0.0
FL-3943,Southwest,ATL,MIA,18,4,9,1978,34.0,2.7,3.2,0.0,1015.5,74.0,2.51,0.22,0,0.0
FL-3944,Alaska,DEN,BOS,2,4,11,1296,23.9,9.7,7.7,0.0,1009.9,71.4,1.75,0.14,0,0.0
FL-3945,Delta,MIA,DFW,16,5,3,401,27.9,4.5,9.0,0.9,1008.2,63.8,3.94,0.12,1,55.0
FL-3946,Delta,ATL,MIA,13,5,1,2340,7.3,0.8,13.2,0.1,1019.7,73.5,1.0,0.12,0,0.0
FL-3947,United,JFK,DFW,9,2,2,1872,24.9,4.9,6.3,0.0,992.6,66.6,1.95,0.18,0,0.0
FL-3948,Southwest,JFK,ORD,12,2,4,1256,12.7,9.5,9.6,0.0,1017.2,52.9,1.39,0.22,0,0.0
FL-3949,Delta,JFK,ATL,21,2,11,618,28.9,1.8,8.4,0.3,1024.4,93.6,1.0,0.12,0,0.0
FL-3950,American,JFK,ORD,3,2,2,2798,16.2,43.3,9.6,0.0,996.3,61.3,1.0,0.2,0,0.0
FL-3951,Southwest,DFW,SFO,10,1,4,825,27.9,16.0,8.8,0.4,997.4,36.8,1.88,0.22,0,0.0
FL-3952,American,ATL,DEN,14,6,4,1044,16.9,2.2,9.2,1.4,1001.4,27.6,1.0,0.2,0,0.0
FL-3953,American,SEA,DEN,14,6,4,2078,5.8,25.1,8.0,0.0,1003.4,55.3,2.14,0.2,0,0.0
FL-3954,Delta,ORD,ATL,23,4,1,2144,15.5,39.5,11.1,0.0,1021.0,70.0,1.85,0.12,1,57.0
FL-3955,Southwest,DEN,ATL,1,6,9,2967,11.0,4.6,13.3,0.0,1010.8,71.0,1.0,0.22,0,0.0
FL-3956,Alaska,MIA,SEA,10,4,10,593,30.6,2.3,10.1,0.0,1029.2,26.0,1.8,0.14,0,0.0
FL-3957,JetBlue,SFO,ATL,1,1,11,2818,-1.3,5.8,15.0,0.9,1010.0,88.9,1.0,0.25,0,0.0
FL-3958,Delta,BOS,DEN,22,6,7,2881,-5.1,26.8,10.2,0.0,1010.7,70.0,1.0,0.12,0,0.0
FL-3959,Delta,JFK,DEN,4,4,2,831,18.5,2.9,12.4,0.0,1023.6,67.0,1.05,0.12,0,0.0
FL-3960,Alaska,MIA,DEN,12,2,3,521,11.1,22.7,7.7,0.0,992.6,79.8,1.0,0.14,0,0.0
FL-3961,Southwest,BOS,JFK,0,0,8,773,1.3,18.9,9.7,0.0,1013.9,77.3,1.0,0.22,0,0.0
FL-3962,Southwest,ORD,ATL,6,6,7,1893,14.6,15.8,9.1,0.7,1017.4,83.3,1.3,0.22,1,66.0
FL-3963,American,MIA,SFO,6,5,4,1263,18.2,8.5,6.3,1.2,1021.9,52.2,1.0,0.2,0,0.0
FL-3964,Alaska,ATL,ORD,9,5,4,1676,29.7,6.9,7.7,0.0,1020.2,76.1,2.36,0.14,0,0.0
FL-3965,Alaska,MIA,DEN,5,4,9,2993,-7.2,1.3,11.1,1.2,1015.1,83.8,1.13,0.14,0,0.0
FL-3966,Southwest,JFK,BOS,19,0,5,1347,17.2,6.6,13.9,0.0,1023.4,66.7,3.4,0.22,1,107.0
FL-3967,American,ORD,ATL,11,5,11,1158,34.7,13.8,11.7,1.6,1023.9,60.4,1.1,0.2,0,0.0
FL-3968,Delta,SFO,JFK,12,6,5,247,34.1,34.3,11.0,3.2,1018.2,68.2,1.29,0.12,0,0.0
FL-3969,United,SEA,SFO,23,0,7,2436,16.1,26.9,7.4,1.8,1004.9,76.4,1.78,0.18,0,0.0
FL-3970,JetBlue,LAX,JFK,10,1,1,2551,7.9,0.5,11.5,1.1,1014.2,82.1,2.34,0.25,0,0.0
FL-3971,Delta,JFK,LAX,17,3,3,1782,11.8,2.2,8.1,0.3,1019.6,29.1,3.35,0.12,1,74.0
FL-3972,Southwest,BOS,MIA,1,4,2,2616,3.2,28.3,6.5,0.0,1010.8,64.8,1.0,0.22,0,0.0
FL-3973,JetBlue,ORD,BOS,15,1,11,659,9.7,42.0,7.3,0.0,1018.6,69.0,1.0,0.25,1,93.0
FL-3974,United,ATL,LAX,1,1,10,2494,15.9,0.9,9.6,3.0,1012.5,63.1,1.0,0.18,0,0.0
FL-3975,United,DFW,BOS,18,0,6,2511,20.6,18.1,8.4,0.0,1008.5,66.8,3.08,0.18,0,0.0
FL-3976,American,ORD,SFO,5,4,11,1429,25.2,6.8,10.9,0.0,1014.2,62.4,1.49,0.2,0,0.0
FL-3977,JetBlue,BOS,MIA,0,1,12,1730,13.7,6.8,8.9,0.4,1002.0,54.5,1.0,0.25,0,0.0
FL-3978,American,LAX,MIA,10,2,6,729,12.8,15.4,10.8,0.0,1015.0,57.8,3.09,0.2,0,0.0
FL-3979,Delta,LAX,MIA,17,1,10,1587,25.5,24.9,9.1,0.0,1007.3,49.6,2.9,0.12,0,0.0
FL-3980,Alaska,DEN,ATL,9,2,1,2997,10.9,4.8,9.9,0.0,1017.6,57.0,2.5,0.14,0,0.0
FL-3981,Alaska,SEA,LAX,17,3,6,1563,23.4,18.3,7.1,0.0,1003.9,96.4,2.64,0.14,0,0.0
FL-3982,Alaska,BOS,DFW,0,2,10,606,-4.8,15.2,14.3,3.5,1028.3,77.7,1.0,0.14,0,0.0
FL-3983,JetBlue,LAX,ATL,18,2,2,652,20.6,10.9,5.1,0.0,1004.8,59.2,2.68,0.25,1,57.0
FL-3984,Alaska,DEN,BOS,15,0,11,2100,40.4,13.8,15.0,1.1,1019.9,56.3,1.32,0.14,1,59.0
FL-3985,Delta,DEN,SFO,6,1,4,1013,3.9,0.3,11.4,0.9,1011.8,67.3,1.0,0.12,0,0.0
FL-3986,American,DEN,JFK,14,3,6,777,32.2,0.1,5.3,8.0,1017.2,53.9,1.27,0.2,1,72.0
FL-3987,JetBlue,ORD,ATL,0,1,3,2131,23.3,12.0,10.3,0.7,1018.9,92.0,1.0,0.25,0,0.0
FL-3988,American,DEN,ATL,22,6,3,346,25.5,11.1,10.7,0.0,1011.4,72.7,1.0,0.2,0,0.0
FL-3989,JetBlue,JFK,BOS,20,6,12,605,23.0,1.1,14.5,0.0,1011.7,38.1,2.7,0.25,0,0.0
FL-3990,American,BOS,SFO,8,2,3,382,7.4,10.2,6.0,4.3,1011.5,39.0,2.21,0.2,0,0.0
FL-3991,United,JFK,DFW,1,5,4,435,-0.6,21.3,6.0,0.0,997.3,47.0,1.61,0.18,0,0.0
FL-3992,American,DFW,JFK,16,2,9,837,20.7,11.7,11.0,1.0,1019.7,60.4,3.47,0.2,0,0.0
FL-3993,Alaska,LAX,SEA,23,1,4,378,13.5,10.9,10.6,5.9,1013.3,36.6,1.0,0.14,1,53.0
FL-3994,United,SEA,LAX,9,3,4,2679,-1.7,19.0,14.4,2.1,1010.3,69.9,3.01,0.18,0,0.0
FL-3995,American,DEN,SEA,5,5,4,724,9.6,2.8,7.0,3.8,1011.9,60.4,1.06,0.2,0,0.0
FL-3996,JetBlue,ATL,DEN,4,3,7,2990,2.4,9.2,6.8,0.0,1009.5,53.2,1.0,0.25,0,0.0
FL-3997,JetBlue,ATL,SEA,7,0,5,1763,38.0,2.4,15.0,0.0,996.7,67.5,2.35,0.25,0,0.0
FL-3998,JetBlue,LAX,DEN,7,2,12,2114,25.1,11.1,9.9,0.0,1009.5,100.0,2.18,0.25,0,0.0
FL-3999,Southwest,DFW,SFO,4,2,2,2570,3.3,13.4,7.8,1.8,1012.9,52.1,1.3,0.22,0,0.0
FL-4000,Delta,ATL,SFO,11,6,7,1484,21.0,1.9,12.1,0.0,1006.5,97.8,1.0,0.12,0,0.0
FL-4001,JetBlue,JFK,SEA,6,0,3,1835,1.1,1.2,3.8,1.0,1013.4,58.0,1.0,0.25,0,0.0
FL-4002,United,MIA,DEN,12,6,11,1923,-6.8,2.7,11.1,0.0,1019.8,54.3,1.18,0.18,0,0.0
FL-4003,JetBlue,ORD,SEA,12,1,1,2646,6.6,13.2,8.1,2.7,1008.2,53.3,1.0,0.25,0,0.0
FL-4004,Southwest,SFO,SEA,16,2,9,536,13.2,3.2,8.5,0.0,1001.5,83.4,3.38,0.22,1,45.0
FL-4005,Alaska,ATL,MIA,3,1,5,318,19.6,4.8,13.9,0.0,1013.4,64.5,1.1,0.14,0,0.0
FL-4006,United,SEA,LAX,17,3,10,1781,25.4,18.2,11.3,2.1,1016.4,58.2,2.42,0.18,0,0.0
FL-4007,Southwest,DEN,BOS,9,5,1,2660,10.7,4.3,6.6,0.0,1026.7,20.3,2.73,0.22,0,0.0
FL-4008,Alaska,SEA,DEN,2,5,11,779,23.1,7.6,10.2,0.0,1009.1,39.4,1.67,0.14,0,0.0
FL-4009,United,BOS,SFO,11,5,1,2552,-4.2,39.6,10.4,1.8,1013.3,83.3,1.01,0.18,1,62.0
FL-4010,American,ORD,BOS,0,6,1,395,32.6,26.1,9.2,0.0,1022.7,88.1,1.16,0.2,0,0.0
FL-4011,Delta,JFK,LAX,10,4,12,532,-3.8,4.4,7.1,0.0,1006.1,90.0,1.99,0.12,0,0.0
FL-4012,Delta,DFW,LAX,17,0,9,822,9.1,13.7,10.7,2.2,1017.5,46.4,2.62,0.12,0,0.0
FL-4013,Southwest,ORD,JFK,12,5,8,857,6.5,16.4,12.1,1.3,1017.2,75.5,1.84,0.22,0,0.0
FL-4014,Alaska,SFO,ORD,16,2,11,903,-2.2,34.6,11.4,0.0,1017.9,49.8,3.62,0.14,0,0.0
FL-4015,Delta,MIA,DFW,7,0,6,1656,19.0,11.9,7.9,6.6,1008.3,88.0,2.58,0.12,0,0.0
FL-4016,Alaska,ATL,JFK,19,3,10,1082,35.5,12.4,9.5,0.0,1005.6,79.7,3.04,0.14,0,0.0
FL-4017,Alaska,DFW,ATL,18,3,6,1649,-6.8,32.9,3.4,0.0,1011.0,68.0,3.3,0.14,1,74.0
FL-4018,Southwest,DFW,SEA,16,6,6,1452,-12.5,0.8,14.8,0.0,1012.9,47.0,2.48,0.22,0,0.0
FL-4019,Southwest,ATL,DEN,1,3,4,723,4.5,14.8,8.2,0.0,1002.3,87.5,1.59,0.22,0,0.0
FL-4020,Southwest,ATL,JFK,2,3,5,2464,12.2,8.1,8.4,0.0,1017.2,68.1,1.38,0.22,0,0.0
FL-4021,Delta,ATL,JFK,2,4,10,1189,24.2,36.1,6.1,0.7,1019.7,77.0,1.0,0.12,0,0.0
FL-4022,Southwest,ATL,ORD,5,1,3,2622,9.2,48.5,12.6,0.0,1003.0,38.6,1.0,0.22,0,0.0
FL-4023,Delta,ATL,SEA,9,1,3,235,-7.1,2.8,13.1,1.8,1020.2,43.8,2.45,0.12,0,0.0
FL-4024,Southwest,DFW,SEA,23,5,10,975,30.4,5.0,8.3,0.0,1003.7,56.8,1.0,0.22,1,62.0
FL-4025,JetBlue,LAX,ATL,21,4,7,227,4.0,4.8,6.6,0.0,1007.2,100.0,1.0,0.25,0,0.0
FL-4026,Alaska,LAX,MIA,17,6,5,285,22.6,1.6,10.1,0.0,1013.2,41.8,3.33,0.14,0,0.0
FL-4027,Southwest,SEA,ORD,17,1,8,2435,1.3,9.9,9.0,0.7,1013.8,56.3,3.14,0.22,0,0.0
FL-4028,United,LAX,DFW,13,6,5,2552,12.8,10.8,12.2,0.4,1023.8,59.4,1.0,0.18,0,0.0
FL-4029,Alaska,SFO,BOS,15,6,12,2327,19.3,12.8,9.6,2.7,1018.1,89.8,1.41,0.14,0,0.0
FL-4030,Alaska,LAX,DFW,6,3,4,385,4.7,16.3,9.4,1.8,1015.2,70.6,1.62,0.14,0,0.0
FL-4031,Southwest,DFW,ORD,0,1,3,1228,20.1,1.0,12.0,0.0,1007.6,37.0,1.0,0.22,0,0.0
FL-4032,American,ATL,SFO,16,0,12,757,10.7,14.6,5.3,0.0,1009.0,57.9,3.86,0.2,0,0.0
FL-4033,Southwest,DEN,MIA,22,5,2,2756,9.5,36.8,9.1,0.0,1005.3,56.2,1.51,0.22,1,65.0
FL-4034,Alaska,DEN,DFW,4,1,3,1837,33.1,9.1,10.6,0.0,1009.2,37.8,1.65,0.14,0,0.0
FL-4035,United,SFO,ATL,0,0,7,1170,19.3,1.7,8.7,0.6,1026.8,65.2,2.49,0.18,0,0.0
FL-4036,Alaska,BOS,MIA,20,2,8,1225,20.9,1.3,10.8,0.0,1012.1,69.8,3.43,0.14,1,83.0
FL-4037,United,DFW,ATL,16,0,5,416,23.8,5.0,10.7,0.0,1014.5,84.2,2.17,0.18,0,0.0
FL-4038,Delta,JFK,ORD,9,0,11,456,21.9,20.9,12.6,0.0,1009.5,74.1,2.09,0.12,0,0.0
FL-4039,JetBlue,ORD,DEN,11,3,1,1676,19.3,4.5,9.2,0.0,1005.5,43.8,1.0,0.25,0,0.0
FL-4040,Alaska,SEA,LAX,19,3,3,1647,29.9,25.3,3.9,0.2,1014.2,62.0,3.71,0.14,1,70.0
FL-4041,Southwest,JFK,ATL,1,5,4,523,3.8,25.7,5.4,7.8,1014.2,96.6,1.68,0.22,1,62.0
FL-4042,Delta,DFW,JFK,22,3,10,1804,16.8,9.2,11.4,0.0,1022.3,72.1,1.9,0.12,0,0.0
FL-4043,JetBlue,LAX,SFO,15,0,12,2444,11.3,5.4,10.5,2.9,1009.1,73.4,1.4,0.25,0,0.0
FL-4044,Southwest,ATL,BOS,14,4,4,703,16.7,13.7,9.3,0.0,1009.5,50.0,1.85,0.22,0,0.0
FL-4045,American,JFK,ORD,12,3,12,893,6.6,25.0,9.5,0.0,1006.8,53.9,1.0,0.2,0,0.0
FL-4046,Southwest,ORD,MIA,17,3,1,1158,-4.5,1.0,8.1,1.6,1014.8,50.0,2.98,0.22,0,0.0
FL-4047,United,BOS,DFW,19,0,10,2265,24.6,46.0,8.1,0.0,1021.6,65.6,2.54,0.18,1,85.0
FL-4048,United,DEN,LAX,21,2,9,2354,44.0,15.6,8.4,0.0,1021.3,68.0,1.0,0.18,0,0.0
FL-4049,American,BOS,MIA,13,2,12,324,27.9,7.6,9.2,3.8,1026.7,67.3,1.9,0.2,0,0.0
FL-4050,Delta,ORD,DEN,17,1,10,682,25.4,10.6,10.4,0.0,1002.9,84.6,2.4,0.12,0,0.0
FL-4051,JetBlue,ATL,DFW,1,5,4,2874,18.1,7.3,9.8,0.0,1015.7,68.3,1.0,0.25,0,0.0
FL-4052,Southwest,LAX,DFW,1,2,2,2598,13.1,8.0,9.0,0.5,1016.6,29.0,1.25,0.22,0,0.0
FL-4053,United,ORD,LAX,2,3,9,550,13.9,13.6,12.1,1.5,1001.2,57.0,1.0,0.18,0,0.0
FL-4054,Delta,SEA,ORD,4,4,4,848,13.7,0.9,12.6,2.9,1020.7,62.7,1.0,0.12,0,0.0
FL-4055,American,ORD,MIA,15,1,4,427,7.2,2.9,14.0,0.0,994.7,55.3,1.08,0.2,0,0.0
FL-4056,Alaska,DFW,ORD,21,5,11,2263,-4.9,3.9,9.4,0.0,1011.1,61.1,1.0,0.14,0,0.0
FL-4057,United,LAX,SFO,14,4,6,2033,17.4,7.9,8.4,0.0,999.8,53.1,1.94,0.18,0,0.0
FL-4058,American,ATL,DEN,11,4,8,624,11.7,7.0,9.8,2.6,1037.2,87.6,1.15,0.2,0,0.0
FL-4059,Southwest,DEN,SFO,8,3,5,2711,28.7,19.2,8.4,2.4,1012.1,40.9,2.8,0.22,0,0.0
FL-4060,JetBlue,DEN,ATL,13,0,12,923,23.9,4.5,10.0,0.0,1020.6,41.0,1.0,0.25,0,0.0
FL-4061,United,ORD,DEN,20,0,8,2021,-9.4,0.9,11.2,0.2,1013.2,37.3,3.24,0.18,0,0.0
FL-4062,United,DFW,ORD,15,0,1,993,35.6,0.9,10.3,0.0,1007.3,78.9,1.0,0.18,0,0.0
FL-4063,Southwest,JFK,MIA,10,2,4,376,8.8,0.2,9.5,0.0,1021.9,37.4,3.23,0.22,0,0.0
FL-4064,Alaska,BOS,DEN,5,0,1,2790,10.7,0.6,11.9,0.0,1012.7,74.8,1.0,0.14,0,0.0
FL-4065,Delta,BOS,ATL,9,5,3,2756,-5.1,29.3,15.0,5.7,1003.5,62.6,2.76,0.12,0,0.0
FL-4066,JetBlue,BOS,LAX,7,3,11,1785,18.2,17.9,7.9,0.0,1007.9,60.2,1.97,0.25,0,0.0
FL-4067,United,JFK,MIA,15,2,7,1878,19.9,70.0,11.0,4.0,1005.0,72.2,1.0,0.18,1,47.0
FL-4068,JetBlue,DFW,ORD,2,5,1,763,35.6,0.3,9.4,0.0,1012.3,95.8,1.0,0.25,0,0.0
FL-4069,United,BOS,JFK,1,0,5,2480,25.2,28.4,7.5,0.0,1010.8,43.0,1.0,0.18,0,0.0
FL-4070,JetBlue,SEA,LAX,15,5,1,2738,9.0,17.9,7.8,0.0,1011.3,52.1,1.0,0.25,0,0.0
FL-4071,American,JFK,BOS,18,4,6,1216,-6.3,15.3,8.8,0.0,1016.8,36.6,2.87,0.2,0,0.0
FL-4072,United,JFK,SEA,8,3,9,643,8.1,6.6,14.7,0.0,1034.5,68.5,2.67,0.18,0,0.0
FL-4073,JetBlue,ATL,DEN,15,3,3,2267,27.5,7.1,12.9,0.0,1013.6,55.8,1.45,0.25,0,0.0
FL-4074,Delta,ATL,DEN,21,5,11,310,10.2,28.0,7.3,0.0,1006.5,45.1,1.0,0.12,0,0.0
FL-4075,American,LAX,JFK,3,1,11,2734,1.9,18.7,11.6,0.0,1031.1,56.7,1.03,0.2,0,0.0
FL-4076,American,SEA,LAX,9,3,12,288,17.0,16.6,7.1,0.0,1024.8,46.5,1.49,0.2,0,0.0
FL-4077,Delta,SEA,ATL,18,4,6,1341,11.0,0.5,8.1,0.0,1017.4,79.5,3.73,0.12,1,84.0
FL-4078,JetBlue,LAX,ATL,12,3,4,2681,9.5,3.1,13.9,2.5,1014.1,29.3,1.6,0.25,0,0.0
FL-4079,Southwest,SEA,JFK,17,1,6,2141,6.0,49.3,15.0,0.0,1016.2,90.7,2.94,0.22,1,60.0
FL-4080,Delta,SFO,SEA,14,3,2,271,16.3,9.1,4.3,0.3,994.3,89.6,1.0,0.12,0,0.0
FL-4081,JetBlue,MIA,DEN,3,6,4,1021,27.3,22.8,10.1,0.0,1000.2,49.6,1.0,0.25,0,0.0
FL-4082,Delta,BOS,ATL,8,3,7,1015,21.2,7.4,11.2,1.0,1020.0,70.3,1.87,0.12,0,0.0
FL-4083,Delta,ATL,BOS,3,1,11,603,-8.1,21.7,9.2,3.6,1024.6,100.0,1.85,0.12,0,0.0
FL-4084,United,LAX,DFW,15,6,6,1898,33.6,1.9,10.4,0.0,998.5,69.2,1.0,0.18,0,0.0
FL-4085,JetBlue,LAX,JFK,20,6,9,450,24.0,0.6,8.8,0.0,1006.0,46.8,3.35,0.25,1,94.0
FL-4086,Southwest,SEA,JFK,14,3,11,2242,18.6,9.4,11.9,0.2,1007.7,81.9,1.0,0.22,1,66.0
FL-4087,United,JFK,LAX,23,5,7,1795,20.1,13.4,9.0,0.0,1005.5,75.4,1.26,0.18,0,0.0
FL-4088,Delta,DEN,JFK,1,2,1,1833,22.0,5.9,11.7,0.0,1015.4,46.0,1.0,0.12,0,0.0
FL-4089,Alaska,ORD,DFW,13,6,6,2153,19.7,18.9,13.0,0.0,1019.0,48.8,1.37,0.14,0,0.0
FL-4090,Delta,ORD,JFK,2,5,11,1067,3.5,10.3,12.5,0.0,1004.8,61.1,1.56,0.12,0,0.0
FL-4091,Delta,LAX,ORD,21,3,3,2090,21.1,39.5,9.4,0.0,1001.6,94.6,1.0,0.12,0,0.0
FL-4092,JetBlue,BOS,ATL,22,0,8,1095,17.0,1.3,3.2,4.6,1003.6,44.5,1.13,0.25,0,0.0
FL-4093,JetBlue,SFO,MIA,3,0,1,455,20.0,1.0,11.5,0.0,1009.4,59.3,1.96,0.25,1,45.0
FL-4094,United,BOS,LAX,0,2,10,2131,7.4,35.3,5.7,0.0,1025.7,95.0,1.01,0.18,1,59.0
FL-4095,Southwest,LAX,SEA,22,6,2,1311,28.1,16.6,11.4,0.0,1013.5,56.3,1.29,0.22,0,0.0
FL-4096,United,BOS,DEN,8,3,3,1072,8.3,16.7,11.1,0.7,1028.4,84.1,2.89,0.18,0,0.0
FL-4097,American,ATL,BOS,16,4,3,691,14.4,0.4,9.4,0.8,1019.3,62.5,2.44,0.2,0,0.0
FL-4098,Delta,BOS,SFO,13,6,7,2583,8.9,41.6,10.2,0.0,1008.0,93.2,1.0,0.12,0,0.0
FL-4099,Alaska,SEA,ATL,16,3,8,1761,3.0,22.2,14.4,2.4,1014.1,83.8,3.03,0.14,0,0.0
FL-4100,Delta,SEA,SFO,0,0,9,1630,23.6,21.7,13.9,0.0,1008.8,68.0,1.0,0.12,0,0.0
FL-4101,Delta,SFO,ATL,9,1,7,832,9.0,36.4,8.9,0.3,1004.2,63.5,2.01,0.12,1,109.0
FL-4102,United,ATL,MIA,22,2,8,1512,16.8,12.9,4.3,0.0,1010.5,48.6,1.0,0.18,0,0.0
FL-4103,Alaska,DEN,BOS,15,1,11,561,-1.7,7.5,14.7,1.4,1019.3,33.7,1.0,0.14,0,0.0
FL-4104,Alaska,JFK,ATL,18,4,6,1664,-6.8,9.8,5.3,0.2,1008.4,64.7,2.92,0.14,0,0.0
FL-4105,Alaska,ATL,ORD,23,3,2,1118,35.8,22.5,10.3,6.1,1011.1,72.8,1.28,0.14,1,58.0
FL-4106,United,DFW,LAX,2,4,1,1093,34.0,22.0,9.8,0.0,1008.3,79.4,1.0,0.18,0,0.0
FL-4107,Delta,MIA,JFK,11,1,3,2884,7.7,14.1,11.3,0.1,1023.8,100.0,1.0,0.12,0,0.0
FL-4108,United,LAX,JFK,2,3,9,1446,20.5,3.7,13.9,0.0,1011.6,40.4,1.0,0.18,0,0.0
FL-4109,JetBlue,DFW,ORD,14,6,7,946,9.6,25.6,10.2,0.0,1010.4,62.5,1.0,0.25,0,0.0
FL-4110,JetBlue,SFO,MIA,16,5,2,1347,23.0,15.6,8.5,0.1,1010.6,73.4,3.32,0.25,0,0.0
FL-4111,United,DFW,BOS,17,5,1,2930,2.0,3.8,10.9,0.4,1015.6,46.9,3.76,0.18,1,70.0
FL-4112,Alaska,SEA,LAX,6,6,2,1202,0.9,9.8,5.9,0.0,1013.7,75.2,1.0,0.14,0,0.0
FL-4113,Delta,BOS,DEN,18,4,3,2221,15.3,70.0,7.9,0.0,1020.7,70.4,2.85,0.12,1,64.0
FL-4114,United,JFK,LAX,6,5,6,1206,19.6,6.0,9.4,3.5,1009.9,58.1,1.13,0.18,0,0.0
FL-4115,United,ORD,LAX,4,5,12,2940,6.6,1.9,11.6,0.7,1027.2,37.8,1.66,0.18,0,0.0
FL-4116,United,LAX,DEN,7,0,9,414,-0.7,0.3,14.2,0.0,1007.2,63.8,1.26,0.18,0,0.0
FL-4117,American,ORD,SFO,20,5,8,2365,30.1,3.1,13.2,1.3,1014.0,72.8,2.57,0.2,0,0.0
FL-4118,JetBlue,BOS,MIA,15,0,10,426,9.4,3.1,12.8,0.2,1016.8,32.5,1.0,0.25,0,0.0
FL-4119,Alaska,SEA,LAX,15,2,9,1090,9.6,29.3,13.3,0.0,1012.8,58.8,1.03,0.14,0,0.0
FL-4120,Southwest,SEA,JFK,18,0,11,2691,29.8,2.5,11.8,0.0,1013.1,59.0,3.2,0.22,0,0.0
FL-4121,Alaska,BOS,DEN,14,0,11,2796,41.9,29.8,10.2,1.4,1006.0,81.5,1.17,0.14,0,0.0
FL-4122,Southwest,LAX,DEN,6,1,8,1831,18.9,1.4,7.0,0.0,1018.4,44.8,1.15,0.22,0,0.0
FL-4123,American,ORD,SEA,4,0,7,2226,25.6,35.6,10.1,5.3,1014.3,73.6,1.03,0.2,1,152.0
FL-4124,United,ATL,SEA,22,0,6,1660,1.3,4.4,5.1,0.0,1013.2,76.4,1.0,0.18,0,0.0
FL-4125,American,SEA,LAX,10,1,8,211,23.8,14.2,8.4,1.3,997.8,68.0,2.53,0.2,0,0.0
FL-4126,American,ORD,SEA,9,0,6,1345,25.3,2.6,10.2,1.7,1017.5,81.0,1.33,0.2,0,0.0
FL-4127,Delta,DEN,SFO,20,5,2,2736,3.5,7.4,10.2,0.8,1018.0,100.0,2.58,0.12,0,0.0
FL-4128,JetBlue,ORD,BOS,22,6,9,2826,8.6,1.3,8.1,0.0,990.9,82.2,1.08,0.25,0,0.0
FL-4129,Southwest,DEN,MIA,8,0,9,1773,29.7,13.0,4.8,4.0,1018.1,56.9,1.81,0.22,0,0.0
FL-4130,United,DEN,LAX,0,2,3,1503,11.7,6.4,8.3,0.0,1011.2,75.6,1.0,0.18,0,0.0
FL-4131,Southwest,SEA,MIA,19,0,9,941,32.1,28.7,9.2,0.0,999.7,85.9,2.91,0.22,0,0.0
FL-4132,Alaska,LAX,BOS,0,0,2,1560,15.2,3.0,10.6,0.1,1005.3,51.1,1.63,0.14,0,0.0
FL-4133,Southwest,SFO,MIA,7,2,12,2415,14.6,4.9,12.1,0.0,1003.1,76.1,2.51,0.22,0,0.0
FL-4134,Alaska,SEA,ATL,2,6,3,2176,26.7,2.9,9.1,0.0,1006.2,69.2,1.0,0.14,0,0.0
FL-4135,JetBlue,LAX,BOS,1,1,6,1524,39.6,12.4,8.8,0.0,1017.3,75.5,1.02,0.25,0,0.0
FL-4136,Alaska,LAX,DFW,3,5,4,2447,22.9,1.8,8.1,1.5,1017.7,40.1,1.39,0.14,0,0.0
FL-4137,Southwest,DFW,ATL,18,6,8,2116,17.1,3.1,9.8,0.0,1017.6,62.4,3.2,0.22,0,0.0
FL-4138,Southwest,BOS,SEA,10,0,1,1589,30.2,17.0,12.8,1.8,1010.9,53.6,2.21,0.22,0,0.0
FL-4139,Alaska,BOS,MIA,4,5,6,1942,31.0,1.2,6.9,0.0,1034.0,70.2,1.0,0.14,0,0.0
FL-4140,American,BOS,ATL,23,4,2,973,21.4,20.4,4.1,0.0,993.4,78.2,1.13,0.2,0,0.0
FL-4141,JetBlue,MIA,SEA,9,5,6,2344,19.5,1.7,10.6,0.0,1004.9,32.6,2.79,0.25,0,0.0
FL-4142,Delta,SEA,MIA,23,1,1,2318,23.4,13.2,13.5,0.0,1015.0,71.7,1.0,0.12,0,0.0
FL-4143,United,LAX,MIA,22,1,2,1192,-2.2,70.0,10.9,2.5,1007.6,91.9,1.0,0.18,1,58.0
FL-4144,Southwest,DFW,DEN,7,6,9,2038,2.4,2.9,7.0,0.0,1010.8,92.3,2.44,0.22,0,0.0
FL-4145,United,DEN,SEA,12,0,6,2084,17.9,4.5,9.7,0.0,1013.4,93.6,1.0,0.18,0,0.0
FL-4146,Delta,SFO,MIA,4,2,8,2604,5.8,34.3,10.2,0.3,1010.6,80.2,1.14,0.12,0,0.0
FL-4147,United,SFO,DFW,11,1,7,1011,15.4,14.8,12.1,0.0,1002.0,88.8,1.72,0.18,0,0.0
FL-4148,Delta,DEN,ATL,12,2,9,2791,17.4,10.2,7.4,0.0,1019.6,58.3,1.59,0.12,0,0.0
FL-4149,Alaska,ORD,LAX,21,6,9,2501,3.2,12.4,14.7,5.4,1019.7,64.2,1.0,0.14,1,56.0
FL-4150,American,ORD,SEA,7,6,11,2075,22.2,5.3,8.8,0.0,1025.6,37.8,2.58,0.2,0,0.0
FL-4151,Southwest,BOS,SEA,14,4,4,203,-7.8,29.0,8.0,0.0,997.9,56.0,1.0,0.22,0,0.0
FL-4152,Delta,SEA,ATL,12,2,7,1686,11.1,20.5,10.9,0.0,1019.2,81.1,1.3,0.12,0,0.0
FL-4153,United,MIA,ATL,0,6,5,2392,-3.4,15.4,5.8,3.1,1006.1,74.8,1.11,0.18,0,0.0
FL-4154,Southwest,DFW,SFO,21,6,7,364,11.1,40.3,15.0,0.0,1012.0,20.0,1.25,0.22,1,101.0
FL-4155,American,SFO,LAX,5,6,4,543,26.5,12.9,11.4,1.7,1007.8,66.8,1.0,0.2,0,0.0
FL-4156,Alaska,BOS,DEN,10,3,12,2097,6.1,10.8,9.2,0.0,1005.3,56.7,2.54,0.14,0,0.0
FL-4157,Southwest,JFK,SFO,12,6,10,1328,-9.3,55.8,7.0,1.7,1018.0,60.4,1.0,0.22,1,105.0
FL-4158,Delta,BOS,SFO,20,6,11,1537,12.2,3.5,9.4,0.0,1026.4,91.5,3.51,0.12,1,62.0
FL-4159,American,JFK,DFW,19,2,11,2767,5.0,2.3,12.9,0.0,1028.8,45.9,3.22,0.2,1,90.0
FL-4160,United,ATL,SEA,0,1,1,1821,15.0,2.7,8.9,3.1,1021.3,48.4,1.6,0.18,0,0.0
FL-4161,American,LAX,SEA,10,2,4,2856,12.2,68.3,7.7,2.5,1004.1,96.6,1.97,0.2,1,70.0
FL-4162,American,DEN,DFW,10,2,10,2759,17.1,15.8,12.1,1.8,1012.0,61.8,2.43,0.2,0,0.0
FL-4163,JetBlue,LAX,DEN,7,3,3,2656,29.1,5.5,6.9,0.0,1012.6,83.5,2.4,0.25,0,0.0
FL-4164,American,BOS,ORD,21,3,9,2683,10.5,4.3,10.7,0.0,1017.3,68.2,1.17,0.2,1,65.0
FL-4165,American,LAX,JFK,2,0,5,1538,16.0,0.9,11.2,0.0,1018.9,66.8,1.12,0.2,0,0.0
FL-4166,Southwest,DFW,BOS,18,1,4,741,11.1,2.1,11.2,6.5,1009.3,49.3,3.05,0.22,1,60.0
FL-4167,United,ATL,BOS,11,6,8,812,27.1,35.8,11.3,0.0,1023.0,85.3,1.0,0.18,1,46.0
FL-4168,Southwest,MIA,ORD,5,0,5,1099,16.9,20.6,7.1,2.5,1031.8,79.4,1.0,0.22,0,0.0
FL-4169,Southwest,ATL,DFW,22,6,3,2084,21.2,42.6,9.4,0.9,1015.9,57.7,1.0,0.22,1,81.0
FL-4170,Delta,SFO,MIA,7,6,2,1255,24.1,8.3,9.2,2.7,1008.5,65.2,2.67,0.12,0,0.0
FL-4171,Southwest,DFW,LAX,4,3,8,1822,-8.3,13.8,10.4,0.0,1021.6,76.2,1.74,0.22,0,0.0
FL-4172,JetBlue,LAX,ATL,9,6,12,1686,24.4,9.9,4.6,0.0,1021.9,50.1,2.6,0.25,0,0.0
FL-4173,JetBlue,MIA,SFO,21,6,2,2810,19.6,32.0,5.8,0.0,1018.6,35.0,1.56,0.25,0,0.0
FL-4174,Delta,LAX,SEA,15,2,8,2822,6.9,70.0,15.0,0.0,1013.0,67.1,1.0,0.12,0,0.0
FL-4175,Alaska,SEA,JFK,11,3,5,2590,30.5,40.5,12.2,0.0,1024.2,51.3,1.0,0.14,1,95.0
FL-4176,United,SEA,ATL,16,4,8,1455,26.8,13.7,9.4,0.0,1005.3,80.9,3.22,0.18,0,0.0
FL-4177,United,ORD,JFK,5,2,5,2860,12.7,1.0,10.2,0.0,1012.5,60.0,1.0,0.18,0,0.0
FL-4178,Southwest,ATL,LAX,8,0,1,328,-9.8,14.4,15.0,0.0,1028.2,41.4,2.29,0.22,0,0.0
FL-4179,Southwest,MIA,SEA,9,2,12,1242,14.3,1.5,4.4,0.0,1012.8,68.4,1.71,0.22,0,0.0
FL-4180,Alaska,SEA,SFO,19,4,11,556,3.0,2.2,10.3,2.2,1013.2,42.5,1.98,0.14,0,0.0
FL-4181,Southwest,ORD,BOS,13,3,11,1642,-11.3,3.2,9.0,0.0,1014.8,73.2,1.58,0.22,0,0.0
FL-4182,United,DFW,LAX,13,1,2,280,22.0,6.8,13.7,0.0,1005.7,27.1,1.0,0.18,0,0.0
FL-4183,American,MIA,ORD,16,6,6,2104,33.3,13.4,11.7,0.0,1003.8,65.4,3.39,0.2,1,49.0
FL-4184,JetBlue,ORD,BOS,15,5,3,2913,13.9,6.1,15.0,0.0,1008.7,72.2,1.83,0.25,0,0.0
FL-4185,American,DEN,BOS,3,1,8,1341,18.1,9.0,12.4,0.9,1011.5,43.4,1.0,0.2,0,0.0
FL-4186,American,MIA,SFO,1,1,5,2077,31.1,0.7,8.7,0.0,1022.4,87.9,1.56,0.2,0,0.0
FL-4187,United,BOS,ORD,15,6,3,990,17.1,14.5,9.3,0.0,1015.1,37.2,1.24,0.18,0,0.0
FL-4188,American,ORD,SFO,0,3,12,2739,7.7,16.1,12.1,0.6,1025.1,70.5,1.54,0.2,0,0.0
FL-4189,Alaska,LAX,ORD,2,1,10,2098,-11.7,1.6,14.4,0.0,1017.3,36.4,1.03,0.14,0,0.0
FL-4190,Delta,BOS,DEN,22,4,7,424,24.8,23.1,7.9,0.0,1019.9,45.6,1.19,0.12,0,0.0
FL-4191,Southwest,DEN,SEA,10,6,8,2666,20.0,15.6,10.8,0.6,1018.1,70.9,2.86,0.22,1,61.0
FL-4192,Delta,SEA,SFO,15,3,4,979,26.1,10.1,4.1,0.0,1025.7,73.7,1.0,0.12,0,0.0
FL-4193,JetBlue,JFK,SEA,17,1,11,336,-14.4,12.1,9.1,0.0,1013.5,67.7,2.85,0.25,0,0.0
FL-4194,Southwest,ORD,LAX,14,6,9,425,39.9,10.5,15.0,0.0,1013.7,78.3,1.0,0.22,0,0.0
FL-4195,American,DFW,ORD,8,5,6,1452,5.5,0.8,14.6,0.0,1004.5,42.3,2.43,0.2,0,0.0
FL-4196,JetBlue,ORD,MIA,11,0,1,2570,28.1,19.9,12.2,3.9,1020.1,37.5,1.0,0.25,0,0.0
FL-4197,Southwest,JFK,LAX,17,3,5,1011,-7.8,10.8,15.0,0.0,1009.1,76.5,3.72,0.22,1,120.0
FL-4198,Alaska,DEN,MIA,4,3,5,2692,5.7,2.8,9.2,0.0,1018.8,33.5,1.97,0.14,0,0.0
FL-4199,Alaska,DEN,SFO,23,2,7,2140,8.5,17.1,9.8,0.0,1014.5,43.1,1.21,0.14,0,0.0
FL-4200,Alaska,BOS,MIA,7,6,7,206,2.7,17.8,9.2,0.0,1003.8,62.8,3.31,0.14,0,0.0
FL-4201,Alaska,MIA,DEN,2,1,6,327,5.1,3.6,12.0,5.7,1013.8,70.4,1.08,0.14,1,49.0
FL-4202,American,DFW,ATL,1,0,8,466,34.4,23.9,15.0,0.0,1009.6,70.1,1.0,0.2,0,0.0
FL-4203,Delta,BOS,ORD,18,6,2,2932,10.9,9.1,11.1,0.0,1001.6,41.0,3.38,0.12,1,53.0
FL-4204,Southwest,DFW,ORD,7,5,7,1127,40.5,3.0,6.6,0.0,1015.7,65.4,2.34,0.22,0,0.0
FL-4205,American,DFW,ATL,1,4,10,413,27.7,16.1,6.7,2.8,1026.7,45.7,1.0,0.2,0,0.0
FL-4206,Alaska,JFK,BOS,18,3,7,446,-9.1,13.6,7.4,0.0,1005.2,71.5,3.27,0.14,1,73.0
FL-4207,Delta,BOS,SEA,0,4,4,1841,10.9,2.8,7.6,3.6,991.6,67.7,1.0,0.12,0,0.0
FL-4208,JetBlue,DFW,LAX,21,4,12,1818,10.4,30.9,7.3,0.5,1029.3,80.7,2.02,0.25,1,67.0
FL-4209,JetBlue,SFO,DFW,12,4,10,2027,3.6,28.9,10.7,1.4,1000.1,60.8,1.0,0.25,0,0.0
FL-4210,JetBlue,JFK,LAX,22,2,2,620,29.6,27.1,5.7,0.1,1027.1,56.6,1.0,0.25,0,0.0
FL-4211,Alaska,DEN,ATL,19,6,4,1938,25.3,7.6,11.5,4.5,1023.6,96.1,3.09,0.14,0,0.0
FL-4212,JetBlue,JFK,ORD,16,4,4,1264,40.9,26.1,13.0,0.4,1013.7,31.8,3.15,0.25,0,0.0
FL-4213,United,LAX,SEA,2,1,12,2964,9.5,27.9,8.1,0.0,1007.9,98.3,1.0,0.18,0,0.0
FL-4214,Southwest,LAX,DFW,8,1,12,1571,20.3,70.0,11.0,0.0,1022.1,61.0,2.48,0.22,1,76.0
FL-4215,Southwest,DFW,SFO,4,0,6,342,10.8,47.4,12.0,0.6,1014.3,40.2,1.0,0.22,0,0.0
FL-4216,Alaska,BOS,ATL,5,0,7,2388,10.2,7.2,12.6,0.0,1027.7,53.9,1.37,0.14,0,0.0
FL-4217,United,DEN,DFW,3,5,3,2812,24.7,3.3,10.3,0.0,1017.3,79.6,1.08,0.18,0,0.0
FL-4218,American,JFK,SFO,16,4,10,2354,41.4,5.2,7.2,6.2,1027.2,79.0,2.99,0.2,0,0.0
FL-4219,American,BOS,DFW,20,4,1,2280,26.8,10.2,10.3,0.0,1019.4,100.0,3.34,0.2,1,100.0
FL-4220,JetBlue,JFK,ATL,20,2,3,2366,25.5,24.6,9.5,0.0,1023.6,68.0,3.31,0.25,1,79.0
FL-4221,Delta,JFK,MIA,20,6,9,2023,14.3,19.3,10.4,0.0,1015.9,70.1,2.6,0.12,0,0.0
FL-4222,American,SFO,ORD,15,4,1,428,25.2,23.2,7.0,0.0,1012.6,81.0,1.13,0.2,0,0.0
FL-4223,Delta,LAX,ORD,15,4,8,2935,29.1,7.2,5.4,2.3,1009.7,29.1,1.01,0.12,0,0.0
FL-4224,Southwest,JFK,ATL,21,6,2,2187,4.7,4.3,4.0,0.0,1005.7,62.8,1.32,0.22,0,0.0
FL-4225,Delta,SFO,ORD,10,4,6,1029,15.5,0.4,4.7,0.0,1012.1,68.3,3.06,0.12,0,0.0
FL-4226,Southwest,LAX,SEA,1,3,3,1049,11.1,14.8,4.5,0.0,1005.0,37.7,1.0,0.22,0,0.0
FL-4227,United,SFO,ATL,16,3,7,1438,7.4,23.8,13.1,2.2,1009.7,62.5,3.32,0.18,1,94.0
FL-4228,United,BOS,ORD,14,2,2,2980,26.8,33.0,10.8,0.0,1014.9,53.4,1.09,0.18,0,0.0
FL-4229,Alaska,MIA,DFW,17,2,4,1353,12.2,9.7,10.1,0.3,1017.2,62.9,2.38,0.14,0,0.0
FL-4230,Alaska,LAX,DFW,9,1,10,1044,20.7,39.4,9.0,0.6,1024.0,94.7,2.11,0.14,0,0.0
FL-4231,JetBlue,SEA,BOS,5,2,9,2519,20.8,3.4,4.3,0.0,1015.0,100.0,1.0,0.25,0,0.0
FL-4232,American,MIA,SEA,20,5,6,2882,11.8,10.8,11.2,4.5,1016.9,62.9,3.54,0.2,1,74.0
FL-4233,JetBlue,BOS,DEN,15,1,4,602,-2.5,3.6,10.7,2.3,1011.3,74.0,1.0,0.25,0,0.0
FL-4234,Southwest,JFK,SEA,4,6,2,1802,10.8,3.1,10.1,1.1,1013.1,84.6,1.0,0.22,0,0.0
FL-4235,JetBlue,DEN,DFW,11,4,10,826,21.3,46.0,7.7,0.0,1013.6,72.0,1.44,0.25,1,79.0
FL-4236,Delta,BOS,ATL,5,2,9,2023,18.6,25.5,7.9,0.0,1029.8,37.5,1.11,0.12,1,45.0
FL-4237,Southwest,SFO,MIA,13,5,4,2864,-8.4,0.2,11.6,1.9,1016.4,65.6,1.0,0.22,0,0.0
FL-4238,Alaska,SFO,JFK,22,2,9,1180,24.7,4.7,7.7,1.5,1003.5,54.3,1.0,0.14,0,0.0
FL-4239,United,SFO,DEN,15,2,2,2784,8.4,3.4,13.2,0.0,1014.9,79.7,1.0,0.18,0,0.0
FL-4240,Alaska,SFO,SEA,6,1,7,1276,21.9,2.4,14.8,0.0,1006.2,53.8,1.0,0.14,0,0.0
FL-4241,American,BOS,DEN,1,6,11,2494,24.8,17.9,13.4,0.0,1007.8,66.1,1.0,0.2,0,0.0
FL-4242,Southwest,DEN,LAX,5,6,11,2584,20.6,12.5,10.3,1.6,1013.4,70.3,2.15,0.22,0,0.0
FL-4243,Southwest,ORD,MIA,8,1,5,232,37.6,9.1,9.7,0.0,1016.6,49.2,2.62,0.22,0,0.0
FL-4244,Delta,SFO,DEN,6,0,8,998,27.0,3.2,10.3,0.0,1016.1,44.7,1.21,0.12,0,0.0
FL-4245,American,ORD,SFO,1,1,11,2795,9.6,4.9,12.0,0.2,1007.6,43.0,1.0,0.2,0,0.0
FL-4246,United,DEN,ATL,18,1,8,1566,10.8,6.6,14.4,7.0,1000.7,94.9,2.33,0.18,1,67.0
FL-4247,Southwest,DEN,JFK,7,3,4,1462,14.1,23.1,11.7,0.0,1012.0,76.4,2.26,0.22,0,0.0
FL-4248,Southwest,MIA,LAX,10,2,4,2976,10.8,67.9,4.9,0.0,1012.5,64.8,3.06,0.22,0,0.0
FL-4249,Delta,LAX,MIA,3,1,8,2291,19.4,3.0,7.2,0.0,1012.3,81.7,1.21,0.12,0,0.0
FL-4250,JetBlue,SEA,ORD,15,2,3,503,1.4,6.3,9.5,0.8,1014.7,87.3,1.0,0.25,0,0.0
FL-4251,United,DFW,SFO,17,2,7,1893,31.6,4.9,13.0,1.1,1009.6,64.5,3.87,0.18,1,96.0
FL-4252,Alaska,SEA,MIA,12,3,8,2516,15.5,0.7,15.0,3.4,1020.3,72.1,1.0,0.14,0,0.0
FL-4253,American,BOS,MIA,4,2,8,2930,31.2,3.7,10.2,0.0,1018.4,52.7,1.0,0.2,0,0.0
FL-4254,Southwest,DFW,DEN,1,5,11,2230,0.8,34.8,12.0,0.0,1019.6,95.7,1.0,0.22,0,0.0
FL-4255,Southwest,DEN,DFW,10,1,10,1956,0.8,27.8,5.4,5.3,1024.7,65.8,2.28,0.22,0,0.0
FL-4256,Alaska,SEA,LAX,0,2,4,599,28.0,2.8,7.9,0.0,1016.8,85.7,1.0,0.14,0,0.0
FL-4257,United,ATL,BOS,12,0,9,2850,7.2,6.8,11.1,0.1,1013.4,87.3,1.28,0.18,0,0.0
FL-4258,JetBlue,LAX,JFK,4,0,10,1121,3.0,5.6,3.8,3.5,1012.2,67.9,1.0,0.25,0,0.0
FL-4259,Southwest,SEA,LAX,17,3,4,2678,29.0,2.4,10.7,0.0,1018.6,85.5,2.57,0.22,0,0.0
FL-4260,United,LAX,JFK,13,5,8,620,5.3,14.6,8.9,0.3,1013.6,41.6,1.07,0.18,0,0.0
FL-4261,Alaska,ORD,DFW,12,6,6,2378,14.8,12.2,10.1,1.8,998.4,57.9,1.18,0.14,0,0.0
FL-4262,Delta,BOS,ATL,6,6,5,1633,8.5,8.4,7.9,0.0,1008.2,80.5,1.35,0.12,0,0.0
FL-4263,JetBlue,LAX,SFO,7,1,4,1448,24.1,29.0,11.6,0.0,1024.8,58.4,2.83,0.25,0,0.0
FL-4264,American,ORD,SFO,17,3,5,1366,17.7,14.5,13.2,0.5,998.1,86.7,3.07,0.2,0,0.0
FL-4265,Southwest,SFO,SEA,6,0,11,777,25.9,4.5,12.2,0.0,1015.7,72.4,1.0,0.22,0,0.0
FL-4266,United,ORD,ATL,19,5,1,739,0.6,7.0,12.1,0.0,1017.4,100.0,3.63,0.18,0,0.0
FL-4267,Delta,BOS,SFO,16,1,7,2372,17.9,2.4,11.7,0.5,1012.3,63.3,3.5,0.12,0,0.0
FL-4268,American,MIA,ORD,15,2,8,1435,16.1,13.4,9.9,0.0,1007.6,65.0,1.13,0.2,0,0.0
FL-4269,United,SFO,LAX,10,1,12,1133,6.0,13.3,8.7,0.1,1004.5,70.2,2.39,0.18,0,0.0
FL-4270,United,DEN,SEA,18,4,9,1660,2.6,30.6,12.8,0.0,1014.5,79.7,2.71,0.18,0,0.0
FL-4271,American,JFK,LAX,0,1,3,791,14.0,29.1,7.3,0.0,1010.5,41.8,1.39,0.2,0,0.0
FL-4272,Delta,ORD,BOS,20,2,9,1461,11.5,27.2,11.5,0.0,1025.3,65.3,2.09,0.12,0,0.0
FL-4273,Alaska,ORD,MIA,7,4,10,843,29.2,11.9,11.4,0.1,1016.8,68.7,2.7,0.14,0,0.0
FL-4274,Delta,LAX,DFW,0,6,5,527,24.9,15.8,6.9,0.0,1009.8,60.1,1.28,0.12,0,0.0
FL-4275,JetBlue,DEN,ORD,8,5,10,1342,6.8,22.4,7.2,2.8,1015.4,68.9,1.4,0.25,0,0.0
FL-4276,Southwest,SEA,SFO,18,3,6,2293,11.9,1.4,11.5,0.0,1007.6,52.9,3.95,0.22,1,65.0
FL-4277,American,ATL,BOS,20,5,1,2331,21.6,5.4,10.6,0.3,1011.5,35.7,4.17,0.2,1,81.0
FL-4278,Alaska,DFW,BOS,8,1,9,551,22.9,2.8,11.1,0.0,998.8,60.4,3.56,0.14,0,0.0
FL-4279,American,ORD,DFW,20,6,9,1236,29.3,10.7,9.4,0.0,1010.1,32.9,3.35,0.2,1,131.0
FL-4280,American,SEA,DFW,9,3,6,836,14.2,27.3,14.6,3.1,1017.4,65.6,3.42,0.2,0,0.0
FL-4281,Delta,ATL,BOS,23,1,8,1395,16.9,3.9,11.8,0.1,1011.7,42.7,1.0,0.12,0,0.0
FL-4282,Southwest,DFW,LAX,22,0,4,433,-6.4,19.7,14.0,0.0,1020.1,81.3,2.16,0.22,0,0.0
FL-4283,JetBlue,JFK,ORD,10,0,5,980,1.7,7.8,9.2,0.5,1023.1,54.6,2.58,0.25,0,0.0
FL-4284,United,LAX,SFO,0,2,5,2928,25.9,35.0,13.0,0.0,1018.7,88.1,1.0,0.18,0,0.0
FL-4285,United,SEA,JFK,19,6,7,1618,1.9,14.8,9.1,0.0,1028.9,56.3,2.63,0.18,0,0.0
FL-4286,American,LAX,SEA,7,6,7,1132,-5.1,56.3,9.0,0.7,1021.3,77.3,2.7,0.2,1,49.0
FL-4287,Southwest,DFW,SFO,19,5,7,2023,24.2,4.2,6.3,0.4,1013.3,69.2,3.1,0.22,0,0.0
FL-4288,Alaska,MIA,LAX,11,0,5,1060,10.3,38.6,11.4,1.4,1011.4,80.6,1.0,0.14,0,0.0
FL-4289,Delta,ORD,BOS,0,4,4,1430,5.5,6.6,6.9,0.0,1009.7,66.0,1.66,0.12,0,0.0
FL-4290,Southwest,SFO,LAX,9,4,8,2395,-2.7,14.6,8.2,3.6,1007.3,88.4,3.06,0.22,0,0.0
FL-4291,Southwest,ATL,MIA,3,6,1,499,-2.7,2.9,5.9,4.3,1015.7,66.9,1.0,0.22,0,0.0
FL-4292,Delta,DEN,SEA,14,6,1,2155,9.6,21.4,4.3,0.0,1010.1,75.5,1.0,0.12,0,0.0
FL-4293,American,BOS,SFO,18,1,6,1676,13.3,57.4,9.8,0.0,1002.3,49.1,3.34,0.2,1,194.0
FL-4294,Southwest,ORD,MIA,5,6,2,2223,29.9,23.2,7.9,0.0,1019.4,80.3,1.0,0.22,0,0.0
FL-4295,United,SFO,JFK,4,3,12,2796,13.4,14.3,11.0,0.0,1008.3,98.3,1.0,0.18,0,0.0
FL-4296,Delta,BOS,ATL,4,4,3,2630,11.2,8.9,9.8,0.8,1000.9,66.3,1.0,0.12,0,0.0
FL-4297,Alaska,SEA,DEN,17,1,4,2170,11.5,6.4,13.1,0.0,1021.9,51.0,3.67,0.14,0,0.0
FL-4298,JetBlue,BOS,JFK,2,3,2,733,-12.0,8.1,15.0,0.0,1022.2,46.1,1.0,0.25,0,0.0
FL-4299,American,JFK,LAX,21,6,10,1456,9.1,6.0,13.4,0.0,1003.9,40.1,1.0,0.2,0,0.0
FL-4300,Delta,ORD,DEN,1,6,7,1857,22.6,26.8,10.1,0.0,1008.7,42.1,1.0,0.12,0,0.0
FL-4301,JetBlue,LAX,DFW,3,0,10,1352,16.0,33.5,12.0,2.7,1006.6,51.7,1.0,0.25,0,0.0
FL-4302,JetBlue,MIA,ORD,17,1,1,1952,24.3,44.8,13.9,0.0,1007.9,37.2,1.93,0.25,1,75.0
FL-4303,Alaska,DEN,DFW,8,3,3,1883,28.0,8.1,8.5,0.0,996.4,71.1,2.24,0.14,0,0.0
FL-4304,Southwest,LAX,BOS,18,2,2,2817,-4.7,11.9,12.7,2.7,1009.7,51.2,3.22,0.22,1,63.0
FL-4305,Alaska,SFO,ORD,9,6,9,436,7.2,12.9,13.9,0.7,1010.0,78.3,2.64,0.14,0,0.0
FL-4306,Southwest,ORD,SFO,21,5,8,900,27.0,15.8,10.2,0.4,1025.6,85.1,1.0,0.22,1,62.0
FL-4307,Southwest,MIA,DFW,14,5,3,774,16.3,0.0,11.4,0.0,1014.1,71.9,1.48,0.22,0,0.0
FL-4308,Delta,BOS,SEA,0,6,5,1920,13.2,27.7,15.0,0.0,1008.7,80.1,1.29,0.12,0,0.0
FL-4309,Delta,ORD,DFW,10,2,3,970,27.4,4.7,8.1,3.6,1014.8,53.6,1.63,0.12,0,0.0
FL-4310,American,BOS,JFK,13,4,11,1964,5.5,9.6,9.2,2.7,1002.2,36.9,1.0,0.2,0,0.0
FL-4311,Southwest,SEA,DFW,9,5,12,422,6.2,27.6,11.7,0.0,1013.6,35.0,1.84,0.22,0,0.0
FL-4312,JetBlue,JFK,LAX,18,3,11,1322,5.4,70.0,7.3,0.0,1007.7,57.1,3.55,0.25,1,98.0
FL-4313,United,DFW,DEN,23,6,12,2804,-1.0,23.8,9.8,4.9,1014.0,65.3,1.66,0.18,0,0.0
FL-4314,American,ORD,MIA,20,6,11,2520,12.3,0.4,6.3,0.3,1016.7,63.2,3.36,0.2,1,46.0
FL-4315,Delta,SFO,JFK,15,6,6,1622,17.2,6.9,4.3,1.4,1008.6,69.4,1.84,0.12,0,0.0
FL-4316,Alaska,BOS,ATL,7,2,5,1740,2.5,4.3,10.7,0.9,1015.2,81.4,2.73,0.14,0,0.0
FL-4317,American,LAX,BOS,1,4,11,2205,13.7,49.9,6.0,0.0,1007.5,93.5,1.04,0.2,0,0.0
FL-4318,American,SEA,JFK,22,1,2,629,7.8,4.6,7.2,2.0,1004.6,75.7,1.31,0.2,0,0.0
FL-4319,American,SFO,BOS,6,6,10,722,14.1,43.1,13.1,1.6,1020.3,71.3,1.0,0.2,0,0.0
FL-4320,American,DEN,SEA,18,1,8,1571,32.3,41.6,10.5,0.0,1021.2,57.6,2.45,0.2,1,53.0
FL-4321,United,DFW,SFO,6,3,6,1774,16.0,27.4,9.9,0.0,1014.7,38.3,1.0,0.18,0,0.0
FL-4322,Alaska,SEA,SFO,14,3,3,2698,16.3,1.5,8.9,3.1,1019.2,54.4,1.0,0.14,0,0.0
FL-4323,Alaska,JFK,MIA,7,3,1,2174,39.5,0.0,14.6,9.6,1000.6,60.6,2.11,0.14,1,59.0
FL-4324,Alaska,DFW,ATL,13,5,5,2289,8.9,23.7,15.0,0.0,1019.6,31.4,1.8,0.14,0,0.0
FL-4325,Southwest,BOS,SFO,0,3,12,1938,22.4,27.8,11.8,0.0,1024.4,53.3,1.0,0.22,0,0.0
FL-4326,JetBlue,SFO,MIA,12,6,11,293,8.6,49.1,2.1,0.0,1017.8,86.6,1.0,0.25,1,115.0
FL-4327,Alaska,DEN,SFO,2,2,2,2733,24.4,3.7,9.9,0.8,1012.0,63.9,1.0,0.14,0,0.0
FL-4328,American,ATL,DEN,20,2,2,2764,4.1,19.8,6.8,0.0,1002.3,71.4,3.07,0.2,0,0.0
FL-4329,American,JFK,ORD,5,4,9,1373,11.0,11.0,8.7,1.5,1017.3,89.0,1.82,0.2,0,0.0
FL-4330,Alaska,MIA,DFW,18,2,11,2964,8.3,6.0,11.4,0.0,1017.4,66.8,1.97,0.14,0,0.0
FL-4331,Alaska,BOS,ORD,14,5,10,698,2.5,14.0,10.3,0.0,1021.7,66.1,1.28,0.14,0,0.0
FL-4332,American,ATL,MIA,3,1,7,2618,-10.5,11.9,5.9,0.0,1010.4,73.8,1.63,0.2,0,0.0
FL-4333,Southwest,ORD,DFW,20,4,6,1180,19.9,5.2,7.9,0.8,1008.4,100.0,2.54,0.22,0,0.0
FL-4334,Delta,DEN,JFK,2,2,1,2946,7.4,4.7,13.4,0.0,1006.9,65.2,1.0,0.12,0,0.0
FL-4335,Delta,LAX,DEN,3,3,10,684,11.7,10.0,14.8,1.1,1005.6,62.9,1.98,0.12,0,0.0
FL-4336,Alaska,MIA,SFO,4,2,2,864,13.4,9.6,14.1,0.0,1016.9,75.1,1.64,0.14,0,0.0
FL-4337,United,SFO,MIA,17,0,11,827,-2.6,5.4,5.9,4.1,1012.7,77.2,2.74,0.18,0,0.0
FL-4338,Alaska,DEN,SEA,9,4,7,1884,10.3,4.6,8.9,0.8,1016.7,62.5,2.7,0.14,0,0.0
FL-4339,Alaska,DFW,ORD,7,6,3,931,-6.4,46.3,7.8,0.0,1014.2,65.8,2.5,0.14,1,75.0
FL-4340,Delta,SEA,SFO,11,6,2,391,9.5,29.7,12.0,0.0,1009.7,62.7,1.46,0.12,0,0.0
FL-4341,American,DFW,LAX,21,5,6,1968,33.0,25.5,9.1,0.2,1006.0,78.7,1.0,0.2,1,47.0
FL-4342,Alaska,DFW,BOS,2,2,8,1444,8.5,3.6,7.0,0.0,1023.6,30.2,1.0,0.14,0,0.0
FL-4343,American,ORD,LAX,17,2,8,1270,1.2,3.1,14.4,2.7,1014.8,89.3,2.67,0.2,0,0.0
FL-4344,American,JFK,ATL,22,5,11,2374,9.1,24.9,8.3,0.0,1022.5,67.8,1.65,0.2,0,0.0
FL-4345,United,LAX,ORD,7,1,2,2974,33.8,3.1,13.0,6.1,1016.8,25.8,2.62,0.18,1,68.0
FL-4346,American,MIA,BOS,0,3,6,895,9.6,10.5,8.2,0.0,1010.1,24.8,1.03,0.2,0,0.0
FL-4347,Delta,JFK,LAX,13,3,12,1339,-3.6,3.8,12.4,1.0,1009.7,63.5,1.32,0.12,0,0.0
FL-4348,Southwest,DEN,DFW,21,1,5,763,-6.9,7.1,9.0,0.2,1006.6,29.3,1.28,0.22,0,0.0
FL-4349,Southwest,DFW,JFK,22,1,7,2613,10.1,28.8,6.9,0.0,1023.2,91.5,1.0,0.22,0,0.0
FL-4350,JetBlue,ORD,SFO,12,0,4,2640,24.8,33.3,13.5,1.4,1024.2,100.0,1.0,0.25,0,0.0
FL-4351,Alaska,DEN,SEA,11,5,12,222,20.3,70.0,7.9,1.6,1010.5,40.1,1.0,0.14,1,43.0
FL-4352,Delta,SEA,MIA,2,4,2,644,28.2,43.2,10.3,2.3,1018.3,47.2,1.0,0.12,0,0.0
FL-4353,American,LAX,SEA,17,3,10,976,22.5,16.7,6.1,0.0,1010.2,55.1,3.75,0.2,1,77.0
FL-4354,Southwest,MIA,LAX,20,1,3,2244,15.1,8.5,5.9,0.0,1001.1,65.4,4.45,0.22,1,60.0
FL-4355,Delta,SEA,MIA,12,1,9,907,-16.7,0.9,14.6,0.0,1008.4,69.2,1.0,0.12,0,0.0
FL-4356,Southwest,ORD,SFO,14,5,10,632,31.6,14.1,10.4,0.0,1018.8,47.2,1.0,0.22,0,0.0
FL-4357,American,LAX,JFK,9,6,8,672,-2.5,3.5,9.7,0.0,1021.1,89.2,2.39,0.2,0,0.0
FL-4358,Southwest,DEN,MIA,0,4,9,247,42.7,28.5,8.7,0.0,1013.0,77.7,1.0,0.22,0,0.0
FL-4359,Alaska,DFW,DEN,5,1,5,2114,5.8,11.9,7.7,0.0,1007.5,86.6,2.23,0.14,0,0.0
FL-4360,Alaska,DFW,SFO,8,6,5,1305,6.3,19.8,11.7,0.0,1004.0,65.0,1.86,0.14,0,0.0
FL-4361,JetBlue,BOS,JFK,9,0,7,2510,8.6,16.8,14.3,0.0,1010.5,90.6,2.35,0.25,0,0.0
FL-4362,JetBlue,DFW,JFK,14,4,7,2090,15.2,6.4,12.5,0.0,1011.0,63.0,1.19,0.25,0,0.0
FL-4363,Southwest,ATL,DEN,8,6,1,557,-1.4,21.3,11.8,0.0,1011.0,39.9,2.51,0.22,0,0.0
FL-4364,Delta,DFW,MIA,22,0,12,767,4.4,27.8,9.1,1.0,1003.6,85.3,1.03,0.12,0,0.0
FL-4365,Alaska,ATL,JFK,13,2,5,679,26.2,20.4,11.9,0.0,1015.8,45.4,1.18,0.14,0,0.0
FL-4366,Delta,SFO,BOS,10,3,8,1066,31.1,22.5,15.0,0.0,1013.8,57.9,1.82,0.12,0,0.0
FL-4367,Delta,ATL,DFW,6,1,7,1228,1.7,6.7,9.2,0.0,1010.8,49.6,1.0,0.12,0,0.0
FL-4368,Southwest,LAX,SFO,23,6,11,2013,19.0,43.2,11.1,0.0,1013.0,90.0,1.64,0.22,1,70.0
FL-4369,Delta,SEA,LAX,1,4,2,1617,8.7,8.3,14.1,1.0,1017.3,56.5,1.0,0.12,0,0.0
FL-4370,Alaska,LAX,SEA,13,0,8,907,21.0,34.1,15.0,1.0,1017.4,70.3,1.05,0.14,0,0.0
FL-4371,American,SEA,LAX,5,3,2,2673,4.2,29.3,10.4,0.0,1023.1,84.6,1.23,0.2,0,0.0
FL-4372,JetBlue,BOS,ORD,4,3,10,1250,23.8,2.0,12.5,0.9,1023.2,53.3,1.29,0.25,0,0.0
FL-4373,American,SFO,BOS,4,1,1,326,13.4,50.8,9.2,8.2,1017.1,72.3,1.08,0.2,1,118.0
FL-4374,Delta,SEA,LAX,18,6,11,2382,9.1,70.0,11.0,0.0,1011.7,59.2,3.14,0.12,1,79.0
FL-4375,American,SEA,SFO,18,3,11,2578,14.6,14.0,9.3,0.0,1007.8,68.9,2.52,0.2,0,0.0
FL-4376,Alaska,ORD,DFW,5,1,11,1852,32.3,22.9,13.5,0.0,1019.9,65.2,1.0,0.14,1,66.0
FL-4377,Alaska,JFK,MIA,9,6,3,2639,13.9,40.7,15.0,0.0,1003.5,83.0,2.69,0.14,0,0.0
FL-4378,Delta,JFK,DEN,22,6,3,207,18.4,0.3,6.4,0.0,1013.7,62.9,1.0,0.12,0,0.0
FL-4379,Southwest,ORD,BOS,13,2,6,812,16.1,39.9,9.7,0.0,1005.5,64.7,1.15,0.22,1,89.0
FL-4380,American,DFW,BOS,16,1,12,1484,16.1,14.8,8.4,0.0,1020.8,98.0,2.99,0.2,0,0.0
FL-4381,Southwest,ORD,DFW,2,5,3,1422,29.6,26.4,9.0,0.0,1019.5,40.1,1.0,0.22,0,0.0
FL-4382,Southwest,SEA,JFK,0,0,7,797,25.0,11.7,9.3,0.0,1013.2,77.4,1.0,0.22,0,0.0
FL-4383,United,SEA,LAX,9,5,8,1963,-1.3,11.3,7.4,0.0,1036.2,98.5,1.61,0.18,0,0.0
FL-4384,Delta,ORD,SEA,2,6,3,585,21.6,34.2,10.8,0.0,1007.1,62.9,1.0,0.12,0,0.0
FL-4385,JetBlue,ORD,SEA,4,6,9,2719,34.3,10.6,6.5,0.0,1016.6,41.3,1.0,0.25,0,0.0
FL-4386,Alaska,DFW,LAX,18,3,1,378,12.2,9.6,12.6,0.0,1017.4,54.0,3.24,0.14,1,126.0
FL-4387,Alaska,LAX,DFW,9,3,3,2697,25.3,14.1,10.9,0.0,1014.9,60.2,2.47,0.14,0,0.0
FL-4388,Delta,SFO,JFK,15,3,12,1014,-18.2,11.0,6.8,0.0,1010.8,92.0,1.2,0.12,0,0.0
FL-4389,JetBlue,DEN,MIA,0,6,3,2017,3.4,8.9,6.7,0.0,1013.9,37.1,1.1,0.25,0,0.0
FL-4390,Alaska,SEA,ATL,5,1,7,557,43.7,3.0,12.3,0.0,1027.2,72.6,1.33,0.14,0,0.0
FL-4391,Delta,SFO,SEA,8,4,11,2623,24.2,7.6,7.9,2.7,1013.4,38.6,2.83,0.12,0,0.0
FL-4392,Alaska,ORD,BOS,4,1,11,901,17.6,5.0,14.6,5.0,1018.2,55.6,1.0,0.14,0,0.0
FL-4393,Southwest,DFW,BOS,13,0,5,1950,37.1,7.7,3.6,0.9,1000.1,86.2,1.3,0.22,0,0.0
FL-4394,American,ATL,ORD,9,1,4,2785,1.7,13.5,6.8,0.1,1011.8,75.9,3.01,0.2,0,0.0
FL-4395,American,DFW,SFO,1,3,2,981,30.2,14.1,8.8,0.3,1031.3,72.0,1.0,0.2,0,0.0
FL-4396,Alaska,MIA,SFO,4,2,7,281,4.7,4.1,9.9,0.0,1009.0,83.1,1.35,0.14,0,0.0
FL-4397,United,MIA,SFO,0,0,3,384,16.1,1.3,12.0,0.0,1008.6,64.9,1.13,0.18,0,0.0
FL-4398,JetBlue,SFO,SEA,9,5,7,2535,-4.5,20.5,9.4,0.0,1026.9,67.9,2.8,0.25,0,0.0
FL-4399,JetBlue,JFK,DEN,21,2,10,1082,10.4,11.3,9.0,0.0,1008.1,62.9,1.29,0.25,0,0.0
FL-4400,JetBlue,MIA,SFO,8,0,12,706,30.9,8.8,8.0,0.4,1007.2,73.0,3.07,0.25,0,0.0
FL-4401,Southwest,MIA,ATL,2,0,7,2241,8.9,2.1,7.6,5.3,1018.6,72.2,1.0,0.22,0,0.0
FL-4402,JetBlue,LAX,MIA,14,6,11,1685,20.9,8.0,7.9,0.0,1032.0,94.1,1.35,0.25,0,0.0
FL-4403,American,ATL,SEA,3,3,2,229,9.2,25.6,9.8,4.0,1020.4,37.4,1.32,0.2,0,0.0
FL-4404,Southwest,LAX,ATL,12,6,7,2132,20.2,13.1,4.5,6.0,1013.6,62.7,1.67,0.22,0,0.0
FL-4405,Delta,ATL,MIA,5,5,6,2278,23.9,1.4,11.6,0.0,1023.8,61.3,1.18,0.12,0,0.0
FL-4406,JetBlue,BOS,ORD,19,1,10,1516,6.9,6.1,10.2,3.3,1011.5,88.8,3.39,0.25,1,65.0
FL-4407,JetBlue,DEN,SEA,16,6,4,1396,4.6,58.5,9.6,0.2,1009.0,48.8,2.93,0.25,1,58.0
FL-4408,Delta,SEA,JFK,22,5,11,1351,10.2,11.8,13.4,0.0,1025.0,59.5,1.0,0.12,0,0.0
FL-4409,JetBlue,MIA,JFK,4,3,5,285,9.9,5.1,11.8,0.0,1023.6,65.6,1.01,0.25,0,0.0
FL-4410,Delta,SEA,SFO,14,3,12,1538,-9.3,36.7,10.4,4.5,1010.1,73.4,1.0,0.12,0,0.0
FL-4411,Southwest,MIA,BOS,7,6,8,2275,19.0,6.1,12.0,0.0,1021.3,61.8,2.65,0.22,1,63.0
FL-4412,American,LAX,DFW,4,3,5,2369,19.6,19.6,8.1,5.7,1023.4,55.1,2.14,0.2,0,0.0
FL-4413,Delta,DEN,SFO,23,2,3,1474,-6.6,2.4,11.8,1.9,1011.8,53.0,1.14,0.12,0,0.0
FL-4414,United,LAX,SFO,12,5,2,2820,25.1,2.6,12.5,0.0,1014.3,45.3,1.02,0.18,0,0.0
FL-4415,Delta,LAX,JFK,0,5,6,2650,10.2,12.4,2.7,0.0,1003.5,48.6,1.02,0.12,1,113.0
FL-4416,JetBlue,ATL,DEN,0,0,6,882,18.9,4.1,15.0,0.0,1012.9,58.4,1.22,0.25,0,0.0
FL-4417,Southwest,JFK,BOS,6,4,7,471,12.0,0.8,11.0,0.3,1008.3,51.7,1.07,0.22,0,0.0
FL-4418,Alaska,DFW,ORD,21,1,8,2035,18.9,39.1,11.8,0.0,1011.4,100.0,1.1,0.14,1,66.0
FL-4419,Southwest,SFO,ORD,4,3,4,2360,16.4,0.9,13.2,0.0,1002.5,73.0,1.0,0.22,0,0.0
FL-4420,Alaska,SEA,LAX,13,5,12,1929,25.5,19.0,9.6,1.6,1023.5,46.5,1.35,0.14,0,0.0
FL-4421,Delta,BOS,ATL,14,5,8,1617,15.0,6.1,8.8,2.6,1021.7,72.8,1.0,0.12,0,0.0
FL-4422,American,MIA,ORD,20,0,12,218,24.0,40.7,10.9,0.0,1023.5,36.9,2.79,0.2,1,76.0
FL-4423,United,LAX,ORD,16,1,1,2075,32.1,64.1,15.0,1.8,1013.3,87.7,3.6,0.18,1,147.0
FL-4424,Southwest,JFK,LAX,23,4,6,2852,14.0,6.1,9.7,1.7,1010.5,56.5,1.0,0.22,0,0.0
FL-4425,JetBlue,LAX,ATL,17,4,6,664,11.8,13.4,8.1,4.9,1015.4,84.8,2.58,0.25,0,0.0
FL-4426,Alaska,DEN,SFO,6,3,3,890,21.8,22.2,14.0,0.0,1016.0,66.2,1.09,0.14,0,0.0
FL-4427,JetBlue,ATL,BOS,21,4,9,1210,-9.7,2.0,3.7,0.0,1024.9,69.9,1.0,0.25,0,0.0
FL-4428,American,BOS,DFW,17,4,12,1414,4.5,18.5,9.7,0.0,1014.5,67.2,2.46,0.2,0,0.0
FL-4429,Alaska,DFW,ORD,18,6,12,1716,4.1,35.5,8.1,0.0,1013.9,20.0,3.46,0.14,1,99.0
FL-4430,Southwest,DEN,DFW,19,1,5,362,21.6,2.9,11.9,0.4,1019.4,74.6,2.75,0.22,0,0.0
FL-4431,Delta,ORD,SFO,6,1,1,1835,16.8,27.4,10.4,0.0,998.1,47.8,1.09,0.12,0,0.0
FL-4432,JetBlue,BOS,DFW,7,6,7,2946,30.2,1.8,6.7,0.0,1024.9,65.3,2.46,0.25,0,0.0
FL-4433,American,LAX,MIA,12,3,10,494,29.5,12.6,11.9,0.0,1019.1,74.9,1.0,0.2,0,0.0
FL-4434,Southwest,DEN,DFW,17,5,3,778,-8.5,6.2,7.5,0.0,1016.7,90.4,2.81,0.22,1,49.0
FL-4435,Southwest,DFW,MIA,23,0,10,1967,-5.2,9.6,9.9,0.0,1018.1,84.7,1.0,0.22,0,0.0
FL-4436,Southwest,JFK,BOS,10,3,10,2948,15.5,5.4,8.7,0.0,1020.5,45.9,3.09,0.22,0,0.0
FL-4437,Southwest,JFK,SFO,8,2,11,1785,-3.6,4.5,12.4,0.0,1034.2,40.8,2.66,0.22,0,0.0
FL-4438,Alaska,SEA,LAX,22,4,4,2549,-8.7,20.4,8.6,0.0,1010.2,67.6,1.75,0.14,0,0.0
FL-4439,Southwest,DFW,SFO,0,6,6,1531,6.1,3.8,0.7,0.5,1022.3,75.2,1.0,0.22,1,74.0
FL-4440,JetBlue,JFK,SEA,21,0,8,2371,-10.0,7.9,6.7,1.0,1016.5,77.9,1.05,0.25,1,120.0
FL-4441,American,DEN,ATL,7,5,4,2916,2.7,4.8,10.2,0.0,1006.9,81.0,1.91,0.2,0,0.0
FL-4442,Alaska,SEA,LAX,20,5,12,394,23.5,4.1,8.0,0.0,1022.3,55.7,3.33,0.14,1,75.0
FL-4443,Southwest,JFK,ATL,11,1,9,1041,9.2,14.8,13.6,0.0,1016.0,67.3,1.52,0.22,0,0.0
FL-4444,United,BOS,SEA,1,2,8,2598,33.0,0.7,6.9,2.0,1016.2,42.8,1.36,0.18,0,0.0
FL-4445,United,ATL,BOS,14,5,10,2066,8.2,23.3,11.7,4.2,1015.1,88.3,1.46,0.18,0,0.0
FL-4446,American,ORD,SEA,20,2,10,1991,21.6,11.9,12.4,0.0,1016.9,86.2,2.99,0.2,0,0.0
FL-4447,Delta,DFW,SEA,23,4,6,688,8.6,26.4,10.5,1.0,1020.1,63.1,1.22,0.12,0,0.0
FL-4448,Delta,DEN,SEA,17,1,7,2447,12.4,3.6,11.2,1.8,1009.8,51.7,3.45,0.12,0,0.0
FL-4449,Alaska,MIA,SEA,16,0,8,2755,10.3,18.5,9.6,0.0,1012.8,45.4,3.57,0.14,0,0.0
FL-4450,Alaska,LAX,SEA,14,1,2,1803,21.7,8.2,10.8,0.0,1021.8,69.3,1.0,0.14,0,0.0
FL-4451,Alaska,DEN,JFK,19,4,5,645,23.7,1.2,8.5,0.4,1005.6,45.8,2.7,0.14,1,64.0
FL-4452,Delta,JFK,DEN,19,6,7,279,39.7,20.9,10.7,0.0,1021.8,77.4,3.69,0.12,1,44.0
FL-4453,United,DEN,BOS,8,5,8,944,15.2,21.5,9.1,0.0,1013.4,66.2,2.55,0.18,0,0.0
FL-4454,Delta,MIA,SEA,2,2,5,2945,21.6,4.7,9.1,1.1,1021.8,60.0,1.0,0.12,0,0.0
FL-4455,JetBlue,LAX,ATL,19,6,3,2060,2.7,37.2,8.0,4.6,1017.7,79.2,2.65,0.25,1,66.0
FL-4456,Southwest,SEA,JFK,18,4,6,1665,23.3,21.7,9.3,0.2,1009.9,32.4,2.96,0.22,0,0.0
FL-4457,Alaska,JFK,ORD,17,5,5,1130,15.3,5.5,14.5,0.0,1009.9,72.9,2.82,0.14,0,0.0
FL-4458,United,SFO,LAX,19,3,8,2901,-16.9,4.1,9.3,0.1,1007.9,64.6,2.54,0.18,0,0.0
FL-4459,American,JFK,MIA,7,2,9,2134,4.6,8.7,12.8,1.7,1004.2,60.9,2.09,0.2,0,0.0
FL-4460,American,ORD,DEN,0,4,9,471,-9.9,5.2,11.6,1.6,1014.4,77.8,1.3,0.2,0,0.0
FL-4461,Southwest,SFO,LAX,23,0,12,1566,6.1,3.7,10.7,2.0,1015.0,88.9,1.0,0.22,0,0.0
FL-4462,United,ORD,SEA,23,0,12,2371,18.7,7.6,10.9,0.0,1018.5,68.8,1.07,0.18,0,0.0
FL-4463,Delta,MIA,BOS,14,5,6,1713,11.4,0.4,10.1,1.5,1011.2,73.8,1.0,0.12,0,0.0
FL-4464,Delta,DFW,MIA,18,5,4,885,22.4,7.7,8.3,0.0,1018.2,57.3,2.54,0.12,0,0.0
FL-4465,JetBlue,LAX,DFW,9,0,4,1926,-13.2,3.8,15.0,0.0,1022.3,53.1,3.09,0.25,0,0.0
FL-4466,JetBlue,ATL,JFK,11,3,9,851,26.5,4.6,13.2,0.5,1028.6,69.9,1.13,0.25,0,0.0
FL-4467,Delta,SEA,ATL,5,1,4,496,17.9,1.3,10.1,1.9,1006.5,58.8,1.35,0.12,0,0.0
FL-4468,American,ATL,DFW,12,0,8,1342,-0.2,13.3,10.2,0.0,1024.0,58.5,1.21,0.2,0,0.0
FL-4469,Alaska,BOS,MIA,3,5,9,820,14.7,9.6,11.7,0.2,1016.6,92.3,1.0,0.14,0,0.0
FL-4470,American,BOS,ATL,12,5,5,1854,41.3,20.8,6.8,0.0,1016.1,88.4,1.0,0.2,0,0.0
FL-4471,JetBlue,MIA,ATL,16,3,6,1854,32.6,65.3,7.7,0.0,1010.8,42.6,2.2,0.25,1,67.0
FL-4472,Southwest,DFW,LAX,0,0,3,2598,35.1,1.9,4.4,0.0,1023.2,82.2,1.0,0.22,0,0.0
FL-4473,Delta,BOS,DEN,4,3,12,1872,12.4,4.8,9.4,1.6,1016.1,78.4,1.42,0.12,0,0.0
FL-4474,JetBlue,JFK,DFW,23,0,5,454,28.6,17.2,13.6,0.0,1003.8,68.6,1.51,0.25,0,0.0
FL-4475,JetBlue,DEN,SFO,16,1,5,1487,30.7,4.1,9.2,0.0,1000.1,84.6,3.64,0.25,0,0.0
FL-4476,Alaska,ORD,ATL,17,4,2,2926,2.5,0.5,15.0,0.0,1014.3,93.0,2.95,0.14,1,112.0
FL-4477,Delta,BOS,DEN,6,0,10,228,30.5,1.7,8.7,0.0,1017.8,78.8,1.0,0.12,0,0.0
FL-4478,Alaska,MIA,SFO,15,4,6,2714,27.8,8.5,10.5,0.0,1008.5,58.4,1.3,0.14,0,0.0
FL-4479,Delta,ORD,ATL,7,0,9,1258,6.9,8.5,9.2,0.9,1011.1,57.3,3.11,0.12,0,0.0
FL-4480,Alaska,JFK,DFW,11,1,11,948,16.1,53.8,3.3,0.0,1022.2,55.6,1.86,0.14,1,49.0
FL-4481,American,DFW,SFO,13,6,7,1517,31.3,9.4,9.2,0.0,1011.3,71.8,1.0,0.2,0,0.0
FL-4482,Southwest,LAX,BOS,18,5,8,801,14.3,17.0,7.5,0.0,1017.8,87.4,3.47,0.22,1,92.0
FL-4483,Southwest,ATL,DEN,10,4,2,2987,25.6,10.2,10.7,0.0,1009.7,42.5,2.74,0.22,0,0.0
FL-4484,Delta,JFK,DFW,11,3,11,1291,9.3,4.7,13.8,0.6,1023.0,81.2,1.03,0.12,0,0.0
FL-4485,United,SEA,DEN,12,0,9,330,1.9,1.7,8.9,0.8,1016.5,90.8,1.0,0.18,0,0.0
FL-4486,JetBlue,SFO,LAX,7,5,3,310,0.6,29.4,11.1,0.0,1014.9,36.0,3.14,0.25,0,0.0
FL-4487,JetBlue,MIA,ATL,0,0,10,2771,11.6,2.5,9.4,1.3,1024.9,58.1,1.58,0.25,0,0.0
FL-4488,Delta,ATL,SFO,8,3,5,2934,20.3,1.5,12.7,0.0,1002.4,43.5,2.42,0.12,0,0.0
FL-4489,Alaska,SEA,ATL,1,1,7,1030,-6.1,3.6,15.0,0.3,1019.1,72.7,1.38,0.14,0,0.0
FL-4490,United,LAX,DFW,13,2,4,865,38.1,0.0,14.5,0.7,1001.6,49.9,1.31,0.18,0,0.0
FL-4491,American,SEA,BOS,12,0,7,1266,27.8,1.1,8.2,0.0,1015.0,47.1,1.32,0.2,0,0.0
FL-4492,Alaska,DFW,LAX,15,6,8,1074,21.2,15.1,14.1,1.8,1014.7,88.3,1.0,0.14,0,0.0
FL-4493,Alaska,SFO,DEN,1,3,10,1517,24.8,4.2,10.9,1.5,1017.0,48.1,1.0,0.14,0,0.0
FL-4494,Delta,ORD,SEA,3,2,10,484,7.2,6.2,13.7,0.0,1000.5,70.4,1.0,0.12,0,0.0
FL-4495,Delta,ATL,SEA,11,0,4,763,-2.7,27.1,6.9,0.0,1016.2,64.4,1.2,0.12,0,0.0
FL-4496,JetBlue,SFO,MIA,15,4,5,218,19.9,22.2,9.7,0.0,1024.1,55.4,1.88,0.25,0,0.0
FL-4497,Delta,DEN,ATL,9,5,11,746,27.5,10.2,10.5,0.0,1009.4,63.1,1.77,0.12,0,0.0
FL-4498,Delta,JFK,MIA,2,5,3,247,9.1,14.2,9.8,1.2,1008.9,61.4,1.56,0.12,0,0.0
FL-4499,Delta,DEN,SFO,3,3,5,1968,3.7,1.3,10.9,0.0,1010.1,84.8,1.0,0.12,0,0.0
FL-4500,JetBlue,JFK,DEN,5,4,8,2242,8.5,21.5,9.7,0.2,1020.9,83.2,1.12,0.25,0,0.0
FL-4501,American,DFW,LAX,22,1,3,418,20.8,10.9,8.9,0.0,1007.8,72.5,1.0,0.2,0,0.0
FL-4502,American,SFO,SEA,4,2,5,965,22.2,12.7,8.6,0.0,1011.3,91.5,1.69,0.2,0,0.0
FL-4503,Delta,LAX,SEA,17,3,10,2278,36.7,16.4,7.5,0.6,1020.7,77.0,3.14,0.12,0,0.0
FL-4504,JetBlue,BOS,DEN,2,6,1,2506,20.4,10.4,10.9,0.0,1007.7,51.5,1.21,0.25,0,0.0
FL-4505,American,SEA,BOS,9,0,2,507,5.0,11.1,9.6,0.0,1021.9,53.9,2.91,0.2,0,0.0
FL-4506,Alaska,BOS,MIA,10,5,3,2554,11.4,10.4,8.4,0.0,1009.8,100.0,2.36,0.14,0,0.0
FL-4507,American,SFO,BOS,18,0,1,767,2.4,10.3,5.5,0.0,1013.1,79.7,2.14,0.2,0,0.0
FL-4508,American,DEN,BOS,13,2,11,1322,28.3,20.8,11.6,2.1,1021.1,68.1,1.0,0.2,0,0.0
FL-4509,JetBlue,BOS,SFO,20,4,12,2268,1.6,8.4,12.0,0.0,1020.8,68.6,3.28,0.25,1,84.0
FL-4510,Alaska,MIA,LAX,10,4,11,430,8.2,0.0,7.2,1.4,1010.8,66.2,2.37,0.14,0,0.0
FL-4511,JetBlue,BOS,DEN,20,3,9,281,20.8,14.2,10.3,3.2,1006.9,100.0,3.6,0.25,1,94.0
FL-4512,Delta,JFK,ATL,3,3,9,416,34.1,45.8,8.4,0.0,1025.4,50.7,1.02,0.12,0,0.0
FL-4513,Southwest,MIA,DEN,23,4,5,534,49.3,4.5,12.2,0.0,1012.3,80.6,1.33,0.22,0,0.0
FL-4514,American,ATL,BOS,21,3,4,758,-1.1,25.4,8.5,0.0,1017.5,87.1,1.46,0.2,0,0.0
FL-4515,Southwest,BOS,LAX,5,4,5,1073,22.7,9.1,8.5,0.6,1019.6,52.8,1.45,0.22,0,0.0
FL-4516,JetBlue,MIA,SFO,16,2,4,952,14.7,15.4,10.4,2.6,1008.2,51.5,2.89,0.25,0,0.0
FL-4517,JetBlue,SFO,DEN,21,3,12,793,12.0,33.2,8.7,0.0,1003.4,38.7,1.05,0.25,0,0.0
FL-4518,JetBlue,SEA,BOS,18,4,5,2022,11.6,22.1,8.5,0.0,1018.7,47.6,3.42,0.25,1,75.0
FL-4519,Southwest,ATL,BOS,12,3,7,2951,0.2,32.4,8.2,0.0,1002.5,79.7,1.13,0.22,1,57.0
FL-4520,JetBlue,LAX,SFO,21,0,11,1878,35.0,0.1,8.7,0.0,1005.9,63.0,1.0,0.25,0,0.0
FL-4521,Delta,LAX,SFO,9,5,8,752,-10.0,3.1,8.9,0.0,1019.1,76.6,1.42,0.12,0,0.0
FL-4522,JetBlue,DFW,BOS,10,0,2,1682,13.2,8.3,10.0,1.0,1016.9,80.0,2.2,0.25,0,0.0
FL-4523,United,BOS,MIA,5,1,4,982,33.0,28.2,9.5,0.0,1016.5,64.8,1.47,0.18,0,0.0
FL-4524,Southwest,SEA,DEN,1,4,8,2334,17.7,27.3,11.5,0.0,1009.7,48.7,1.01,0.22,0,0.0
FL-4525,United,ORD,SEA,0,1,7,712,7.0,3.1,6.5,2.3,1023.5,76.2,1.8,0.18,0,0.0
FL-4526,JetBlue,MIA,SFO,10,4,9,1183,7.4,2.3,15.0,1.8,1006.4,20.5,2.9,0.25,0,0.0
FL-4527,Delta,ATL,ORD,15,5,5,786,25.6,27.0,10.1,0.0,997.5,87.0,1.0,0.12,0,0.0
FL-4528,American,SFO,MIA,2,3,6,1701,11.3,11.7,12.9,2.1,999.8,25.2,1.51,0.2,0,0.0
FL-4529,Alaska,BOS,MIA,4,4,11,2745,14.6,14.8,11.4,0.0,1014.4,42.5,1.0,0.14,0,0.0
FL-4530,Alaska,SFO,SEA,14,0,8,1155,22.5,24.8,10.4,0.4,1013.1,57.9,1.83,0.14,0,0.0
FL-4531,JetBlue,ORD,JFK,14,3,12,942,26.2,3.6,11.4,8.2,1019.1,44.1,1.26,0.25,0,0.0
FL-4532,Delta,DFW,MIA,3,5,11,648,8.3,2.2,11.0,1.1,1018.3,31.9,1.72,0.12,0,0.0
FL-4533,Southwest,ORD,ATL,22,0,5,787,-1.4,29.4,9.5,0.0,1012.8,66.9,1.28,0.22,0,0.0
FL-4534,United,JFK,ORD,3,3,9,459,3.0,1.8,15.0,0.0,1002.2,56.4,1.0,0.18,0,0.0
FL-4535,United,DEN,LAX,7,4,4,2710,31.6,1.4,13.3,0.0,1008.7,55.8,2.57,0.18,0,0.0
FL-4536,United,ATL,SEA,6,4,8,293,15.8,4.9,5.2,0.9,1009.3,60.8,1.0,0.18,0,0.0
FL-4537,Southwest,DEN,BOS,16,0,12,1220,0.0,5.7,13.2,0.0,1025.9,40.6,3.11,0.22,0,0.0
FL-4538,Alaska,ORD,ATL,14,2,3,2159,3.8,4.1,10.2,0.8,1012.2,77.2,1.06,0.14,0,0.0
FL-4539,Delta,DFW,ORD,4,4,5,1575,29.0,20.3,14.9,0.0,1021.2,48.7,1.28,0.12,0,0.0
FL-4540,Southwest,DFW,DEN,12,2,8,1331,16.0,54.4,9.0,0.0,1014.7,73.5,1.0,0.22,1,63.0
FL-4541,United,LAX,JFK,3,3,10,2602,-5.1,3.3,3.0,6.9,1012.4,61.8,1.0,0.18,0,0.0
FL-4542,JetBlue,BOS,SFO,21,2,12,2716,1.8,22.8,8.9,0.0,1009.3,61.9,1.0,0.25,0,0.0
FL-4543,American,LAX,ATL,16,0,7,2342,28.8,0.7,5.2,5.7,1017.2,57.8,2.58,0.2,1,66.0
FL-4544,Southwest,ATL,DFW,21,1,1,1067,8.2,1.9,8.0,0.0,1004.9,80.7,1.0,0.22,1,65.0
FL-4545,Southwest,ATL,BOS,16,1,12,290,40.1,10.9,8.3,0.0,1012.8,85.2,2.37,0.22,0,0.0
FL-4546,Delta,ATL,ORD,13,0,4,1679,38.0,70.0,11.1,0.0,1013.9,83.6,1.0,0.12,0,0.0
FL-4547,Delta,SFO,JFK,13,6,2,1154,32.9,44.7,10.8,0.0,1014.6,61.0,1.06,0.12,1,93.0
FL-4548,Southwest,LAX,ATL,16,1,2,2631,21.0,1.8,11.9,0.0,1006.3,65.3,2.73,0.22,0,0.0
FL-4549,United,SFO,MIA,7,0,7,222,27.4,4.1,11.7,0.0,1009.9,50.9,2.69,0.18,0,0.0
FL-4550,American,DEN,MIA,1,4,12,1925,14.3,43.7,15.0,0.0,1015.5,55.8,1.0,0.2,1,48.0
FL-4551,Delta,BOS,DFW,12,2,12,222,14.6,2.5,10.0,1.4,1014.8,43.2,1.0,0.12,0,0.0
FL-4552,United,ORD,JFK,21,1,3,1921,0.6,20.4,11.5,0.0,1023.1,54.3,1.54,0.18,0,0.0
FL-4553,JetBlue,MIA,SEA,15,4,3,2558,14.5,0.0,12.7,0.0,1011.4,70.3,1.0,0.25,0,0.0
FL-4554,Delta,LAX,SEA,15,1,6,1640,-0.2,15.0,8.1,0.1,1003.6,63.3,1.0,0.12,0,0.0
FL-4555,United,MIA,LAX,5,3,6,1556,15.1,10.2,6.2,1.3,1009.3,55.2,1.15,0.18,0,0.0
FL-4556,United,DFW,ORD,21,0,1,774,0.5,9.6,11.1,0.0,1004.6,81.8,1.37,0.18,0,0.0
FL-4557,American,LAX,DFW,23,0,1,2350,4.6,26.5,8.8,0.0,1025.6,47.5,1.0,0.2,0,0.0
FL-4558,American,DEN,JFK,3,4,11,2747,-15.7,1.3,12.3,0.0,1019.4,65.4,1.06,0.2,0,0.0
FL-4559,JetBlue,LAX,DFW,2,6,6,1027,5.6,7.1,12.2,6.1,1015.9,100.0,1.0,0.25,0,0.0
FL-4560,United,SFO,DFW,5,3,7,388,6.4,8.9,13.0,0.0,1016.2,92.2,1.35,0.18,0,0.0
FL-4561,Alaska,BOS,ORD,3,2,9,659,11.3,2.0,7.6,0.0,1012.4,55.5,1.0,0.14,0,0.0
FL-4562,United,ORD,LAX,17,3,4,2436,29.3,1.3,8.3,0.0,1002.1,86.9,3.01,0.18,0,0.0
FL-4563,American,SEA,SFO,5,6,10,550,14.4,3.0,10.3,0.0,1009.5,53.6,1.81,0.2,0,0.0
FL-4564,Alaska,ORD,SEA,4,3,6,780,26.1,4.1,9.5,0.0,993.8,72.8,1.0,0.14,0,0.0
FL-4565,Delta,ORD,MIA,8,5,12,2361,26.6,50.7,11.4,1.5,1018.6,97.0,3.06,0.12,1,74.0
FL-4566,Delta,DFW,JFK,10,2,3,2351,31.9,9.7,14.1,0.0,1014.1,59.4,2.32,0.12,0,0.0
FL-4567,Southwest,DEN,ATL,5,2,11,819,4.1,10.7,9.7,0.5,1013.6,79.2,1.0,0.22,0,0.0
FL-4568,American,MIA,ORD,15,3,4,1731,0.8,18.4,5.9,6.0,1007.3,62.2,1.0,0.2,0,0.0
FL-4569,Southwest,DEN,SFO,18,1,9,1568,13.6,17.3,4.1,0.0,1012.2,54.9,2.49,0.22,1,51.0
FL-4570,Alaska,SEA,BOS,10,5,1,2634,2.5,10.5,6.1,0.0,1017.8,76.8,2.0,0.14,0,0.0
FL-4571,American,DFW,BOS,20,1,5,2001,12.2,6.2,6.0,1.3,1016.2,74.6,3.33,0.2,1,59.0
FL-4572,JetBlue,BOS,DEN,14,3,11,1432,3.6,6.0,12.0,2.3,1004.3,41.1,1.0,0.25,0,0.0
FL-4573,United,ORD,BOS,23,1,7,2730,0.4,0.9,9.9,0.0,1007.5,59.4,1.0,0.18,0,0.0
FL-4574,JetBlue,SFO,SEA,8,2,3,672,19.3,34.5,10.2,0.0,1018.3,43.9,2.17,0.25,0,0.0
FL-4575,Alaska,DFW,SFO,23,2,2,1058,37.4,22.0,12.2,0.6,1010.9,35.0,1.0,0.14,0,0.0
FL-4576,American,ATL,BOS,18,1,11,2640,12.0,14.6,14.1,0.0,1027.5,62.0,2.69,0.2,0,0.0
FL-4577,Alaska,LAX,MIA,18,2,2,1912,18.3,7.6,9.4,0.0,1005.3,71.0,2.9,0.14,0,0.0
FL-4578,United,DEN,DFW,23,0,1,715,15.8,13.1,12.2,1.3,1011.5,82.6,1.0,0.18,0,0.0
FL-4579,Delta,DFW,SEA,8,2,5,2593,14.6,10.0,11.1,0.0,1010.0,37.3,2.65,0.12,0,0.0
FL-4580,Delta,ATL,MIA,22,3,3,1575,32.1,4.8,5.3,0.2,1011.3,44.4,1.0,0.12,0,0.0
FL-4581,Alaska,MIA,BOS,3,4,11,2788,11.7,5.3,5.5,2.6,1005.1,91.3,1.0,0.14,0,0.0
FL-4582,Southwest,SEA,JFK,9,1,12,2294,-23.9,31.1,9.0,0.0,998.2,51.3,2.58,0.22,0,0.0
FL-4583,American,SEA,BOS,8,5,7,2590,4.5,15.1,10.6,0.0,1017.6,39.3,2.5,0.2,0,0.0
FL-4584,American,ORD,MIA,18,6,1,742,16.3,0.0,11.4,0.0,1024.9,95.7,3.36,0.2,1,95.0
FL-4585,Delta,ORD,JFK,14,1,9,1259,13.7,5.9,9.4,0.7,1009.3,62.6,1.0,0.12,0,0.0
FL-4586,JetBlue,DFW,JFK,18,6,2,956,12.2,6.2,4.9,0.0,1015.3,56.6,3.77,0.25,1,77.0
FL-4587,United,DFW,SFO,1,6,8,2598,8.9,18.4,8.9,0.8,1011.7,52.5,1.0,0.18,0,0.0
FL-4588,JetBlue,BOS,MIA,9,2,10,387,16.0,18.1,4.5,0.0,1011.6,47.7,2.9,0.25,0,0.0
FL-4589,JetBlue,LAX,BOS,18,2,4,2581,39.7,9.4,9.4,1.0,1008.1,62.5,2.44,0.25,0,0.0
FL-4590,Alaska,JFK,DEN,16,4,6,682,11.1,45.2,11.7,1.2,1018.6,71.1,3.0,0.14,1,74.0
FL-4591,Delta,MIA,SEA,19,4,9,1439,41.0,30.9,11.3,3.2,1015.0,72.9,2.81,0.12,0,0.0
FL-4592,Delta,ORD,DEN,23,5,7,1381,20.7,30.2,8.5,0.0,1007.7,32.6,1.21,0.12,0,0.0
FL-4593,Delta,JFK,DEN,20,3,8,2914,7.0,6.4,11.2,0.9,1019.2,92.3,3.73,0.12,1,101.0
FL-4594,Alaska,JFK,DFW,1,0,7,495,25.4,8.5,6.6,0.3,1024.4,62.0,1.03,0.14,0,0.0
FL-4595,Southwest,LAX,SFO,18,3,2,244,-14.2,8.1,8.1,0.0,1022.4,71.4,2.74,0.22,1,80.0
FL-4596,JetBlue,SFO,LAX,16,5,9,2742,14.8,8.7,5.0,1.8,1011.8,78.9,3.03,0.25,0,0.0
FL-4597,Alaska,SFO,ORD,17,1,1,2242,21.2,33.0,8.4,0.0,1006.2,58.4,1.9,0.14,0,0.0
FL-4598,American,ORD,ATL,16,2,2,374,21.4,4.3,7.7,1.1,1006.1,73.9,2.79,0.2,0,0.0
FL-4599,United,ATL,SFO,1,3,3,1569,22.6,24.3,8.8,0.2,1009.2,67.5,1.0,0.18,0,0.0
FL-4600,Southwest,LAX,SFO,18,6,3,2303,23.7,10.8,9.2,2.1,1009.7,59.9,3.48,0.22,1,60.0
FL-4601,American,LAX,DEN,0,2,10,2588,18.6,4.3,10.7,0.0,1020.0,66.6,1.41,0.2,0,0.0
FL-4602,JetBlue,DEN,DFW,10,2,4,2000,23.7,11.2,4.1,0.0,998.0,55.0,2.8,0.25,0,0.0
FL-4603,Delta,JFK,DEN,9,3,5,2109,8.3,3.3,7.4,0.0,1012.5,50.1,2.09,0.12,0,0.0
FL-4604,JetBlue,DEN,SEA,4,3,6,1974,29.1,1.7,12.9,0.6,1008.9,67.6,1.0,0.25,0,0.0
FL-4605,Alaska,JFK,ORD,15,6,1,2120,9.5,27.3,13.0,0.0,1007.2,67.9,1.47,0.14,0,0.0
FL-4606,United,SFO,ATL,23,6,8,2461,28.9,18.0,10.2,0.0,1017.1,69.7,2.26,0.18,0,0.0
FL-4607,Alaska,ORD,DEN,4,4,6,1722,14.8,3.4,10.2,4.5,1007.7,90.7,1.32,0.14,0,0.0
FL-4608,Southwest,MIA,DFW,23,5,10,957,17.6,42.8,6.6,0.0,1011.9,70.5,1.76,0.22,1,78.0
FL-4609,Southwest,SFO,JFK,22,5,9,1620,25.6,0.4,8.9,3.4,1019.9,58.6,1.1,0.22,0,0.0
FL-4610,United,LAX,BOS,11,6,5,2797,33.1,6.1,12.5,0.0,1010.7,68.8,1.0,0.18,0,0.0
FL-4611,American,MIA,ORD,3,0,7,696,15.5,0.3,6.3,0.0,1023.0,100.0,1.85,0.2,0,0.0
FL-4612,American,DFW,LAX,22,6,11,2420,17.6,2.3,10.4,2.0,1006.6,45.0,1.0,0.2,0,0.0
FL-4613,Southwest,MIA,BOS,5,4,4,304,-16.0,3.0,11.7,0.3,990.1,95.9,1.49,0.22,0,0.0
FL-4614,Southwest,MIA,DEN,18,0,6,678,4.6,24.9,10.1,0.0,1017.0,72.5,2.93,0.22,0,0.0
FL-4615,Delta,SFO,DFW,8,3,6,1622,-3.1,70.0,9.6,0.0,1015.5,66.4,2.35,0.12,0,0.0
FL-4616,American,LAX,DEN,11,5,4,2681,10.1,30.3,9.5,2.3,1021.2,59.9,1.0,0.2,0,0.0
FL-4617,United,MIA,ATL,14,5,6,2889,7.0,15.1,11.5,0.0,1016.4,57.6,1.21,0.18,0,0.0
FL-4618,American,SFO,JFK,15,0,8,892,5.5,19.3,10.6,0.0,1025.0,34.5,1.0,0.2,0,0.0
FL-4619,Delta,SFO,ATL,12,1,11,393,2.6,11.1,11.5,0.0,1015.5,68.0,2.04,0.12,0,0.0
FL-4620,Alaska,MIA,BOS,20,4,5,1689,21.3,8.2,8.9,3.3,1021.2,81.0,3.15,0.14,0,0.0
FL-4621,Southwest,JFK,LAX,23,4,2,258,-6.5,17.7,9.0,0.0,1019.7,62.4,1.0,0.22,0,0.0
FL-4622,Southwest,LAX,ATL,6,4,9,2086,1.9,54.2,11.6,0.0,1008.3,57.0,1.0,0.22,1,79.0
FL-4623,Delta,SEA,DFW,22,5,11,677,15.4,0.4,7.3,0.1,1009.4,51.6,1.29,0.12,0,0.0
FL-4624,United,MIA,DEN,19,2,4,1326,26.6,5.7,6.6,0.0,1011.1,66.3,1.87,0.18,1,54.0
FL-4625,Southwest,DEN,BOS,3,5,4,2780,3.8,6.0,15.0,0.0,1030.3,75.4,1.0,0.22,0,0.0
FL-4626,JetBlue,DEN,SFO,10,2,11,2168,27.6,8.0,11.3,1.7,1008.5,83.5,2.89,0.25,0,0.0
FL-4627,Southwest,DFW,ORD,7,5,7,791,-17.8,14.8,9.3,0.0,1016.4,31.2,1.93,0.22,0,0.0
FL-4628,JetBlue,LAX,MIA,5,3,10,1038,15.0,10.8,7.9,1.3,1013.8,56.5,1.19,0.25,0,0.0
FL-4629,Delta,SFO,ATL,9,5,10,1545,18.7,0.3,7.2,0.0,1014.8,78.0,2.75,0.12,0,0.0
FL-4630,Delta,BOS,ORD,6,3,6,748,3.1,8.0,9.9,3.5,1013.5,43.8,1.0,0.12,0,0.0
FL-4631,Southwest,ORD,MIA,6,2,4,420,-0.7,14.5,9.7,0.0,1010.1,61.7,1.07,0.22,0,0.0
FL-4632,American,ATL,MIA,3,4,6,1075,16.5,10.5,11.3,0.3,1004.0,78.7,1.0,0.2,0,0.0
FL-4633,JetBlue,BOS,ATL,2,2,3,2925,14.6,30.8,6.1,0.0,1005.5,63.4,1.0,0.25,0,0.0
FL-4634,United,LAX,MIA,23,0,7,1396,5.3,7.6,6.2,0.0,1019.0,66.2,1.85,0.18,0,0.0
FL-4635,Southwest,LAX,ORD,6,4,6,2909,11.5,0.2,10.8,0.0,1016.8,44.3,1.21,0.22,0,0.0
FL-4636,United,MIA,JFK,3,5,3,2931,7.8,5.0,11.2,0.0,1014.7,55.3,1.0,0.18,0,0.0
FL-4637,Southwest,MIA,LAX,12,5,1,535,30.0,2.2,12.7,0.0,1027.4,70.3,1.0,0.22,0,0.0
FL-4638,American,BOS,ATL,19,5,12,424,23.2,4.3,15.0,0.0,1032.6,78.9,3.44,0.2,1,47.0
FL-4639,American,SFO,SEA,16,5,10,2282,17.3,6.7,9.2,0.8,1005.5,58.5,2.11,0.2,0,0.0
FL-4640,American,DFW,ORD,6,5,5,387,37.6,16.9,12.0,0.9,1024.3,86.2,1.0,0.2,0,0.0
FL-4641,Alaska,MIA,SFO,16,2,10,1447,27.4,5.9,6.9,0.0,1003.4,65.4,2.37,0.14,0,0.0
FL-4642,American,ATL,DEN,3,6,2,2890,29.9,32.3,2.2,0.0,1009.5,64.8,1.38,0.2,1,133.0
FL-4643,Delta,ATL,BOS,10,3,7,1162,34.0,5.3,7.1,0.0,1014.3,90.4,2.88,0.12,0,0.0
FL-4644,Delta,DFW,BOS,2,6,7,693,13.1,2.2,8.6,0.0,1019.7,27.9,1.0,0.12,0,0.0
FL-4645,Alaska,JFK,DFW,10,2,4,2086,0.4,2.8,15.0,0.6,1002.9,20.7,2.73,0.14,0,0.0
FL-4646,JetBlue,JFK,BOS,2,1,6,510,-6.4,40.9,5.0,0.0,1013.6,80.9,1.2,0.25,1,71.0
FL-4647,United,LAX,DEN,11,6,1,2768,23.9,9.1,12.2,0.0,1013.9,60.1,1.82,0.18,0,0.0
FL-4648,Southwest,MIA,LAX,0,2,2,1804,3.4,7.7,8.2,1.5,1001.3,73.3,1.28,0.22,0,0.0
FL-4649,Southwest,DEN,SFO,3,4,6,1763,54.9,1.1,11.5,0.0,1016.5,65.4,1.0,0.22,0,0.0
FL-4650,Alaska,BOS,LAX,13,5,2,568,4.9,19.8,10.1,0.0,1012.0,73.5,1.0,0.14,0,0.0
FL-4651,Delta,SEA,MIA,0,2,12,945,2.8,17.8,7.3,0.1,1017.6,77.4,1.06,0.12,0,0.0
FL-4652,Southwest,DFW,ATL,13,6,12,2278,24.3,7.1,13.1,0.0,1009.2,84.0,1.0,0.22,0,0.0
FL-4653,Delta,LAX,SFO,12,3,11,1455,24.6,17.7,11.3,0.6,1010.0,72.7,1.58,0.12,0,0.0
FL-4654,JetBlue,DEN,SEA,12,6,4,1197,36.6,6.9,10.0,0.0,1031.2,85.6,1.18,0.25,0,0.0
FL-4655,United,MIA,SEA,23,5,4,696,12.0,1.1,10.9,0.0,1006.7,55.5,1.0,0.18,0,0.0
FL-4656,JetBlue,DEN,SFO,14,6,10,1789,28.9,20.1,8.7,0.3,1011.5,72.8,1.0,0.25,0,0.0
FL-4657,Alaska,DEN,ATL,16,0,9,1163,13.1,50.4,4.2,0.0,1008.9,39.8,4.31,0.14,1,78.0
FL-4658,American,DFW,JFK,11,1,10,2204,21.6,15.7,10.3,0.0,1014.1,52.6,1.0,0.2,0,0.0
FL-4659,American,LAX,MIA,21,4,7,1398,12.4,4.9,15.0,0.0,1015.4,77.6,1.0,0.2,1,56.0
FL-4660,American,SFO,SEA,22,3,7,2545,38.0,4.7,12.5,0.1,1022.7,79.0,1.0,0.2,0,0.0
FL-4661,JetBlue,ATL,BOS,13,1,12,2014,42.2,39.7,10.9,0.0,1008.6,61.7,1.0,0.25,1,72.0
FL-4662,Southwest,BOS,LAX,11,2,11,1588,0.7,5.4,11.2,2.1,1011.0,86.5,1.14,0.22,0,0.0
FL-4663,United,LAX,JFK,17,1,1,1309,30.3,21.9,10.0,6.1,1015.0,35.4,2.48,0.18,1,57.0
FL-4664,American,SEA,ATL,3,5,11,776,3.8,15.4,3.3,0.0,998.6,83.3,1.33,0.2,0,0.0
FL-4665,Alaska,DEN,DFW,13,5,5,253,28.9,13.5,6.8,0.0,1022.3,61.8,1.12,0.14,0,0.0
FL-4666,Alaska,SFO,JFK,18,0,3,428,34.7,3.0,9.8,0.0,987.1,31.2,2.67,0.14,0,0.0
FL-4667,American,DFW,SFO,12,1,3,978,3.5,0.5,12.8,0.0,1018.8,46.8,1.0,0.2,0,0.0
FL-4668,American,ORD,DEN,22,6,6,1757,0.3,10.1,15.0,0.2,1040.8,56.3,1.15,0.2,0,0.0
FL-4669,United,BOS,ORD,17,1,4,1184,9.1,66.5,6.8,0.8,1017.8,46.3,3.04,0.18,1,97.0
FL-4670,American,BOS,DEN,10,5,8,572,29.0,3.3,12.0,0.0,1018.6,47.2,1.73,0.2,0,0.0
FL-4671,United,ATL,DEN,5,2,4,668,20.7,11.5,3.3,1.7,1013.9,74.3,1.0,0.18,0,0.0
FL-4672,Alaska,ORD,DFW,8,2,8,2667,12.0,16.7,9.0,0.9,1006.3,54.8,1.72,0.14,0,0.0
FL-4673,American,MIA,ORD,11,4,12,2049,23.7,9.9,9.9,0.5,1019.3,25.4,1.0,0.2,0,0.0
FL-4674,JetBlue,ORD,SFO,18,6,12,731,11.5,10.6,15.0,0.0,1001.7,70.2,2.88,0.25,0,0.0
FL-4675,JetBlue,DEN,ORD,13,6,4,1623,16.6,16.2,7.6,0.0,1003.5,53.7,1.0,0.25,0,0.0
FL-4676,Alaska,DEN,BOS,14,2,3,1407,21.5,25.3,9.0,0.9,1009.4,89.5,1.0,0.14,0,0.0
FL-4677,United,DEN,BOS,10,1,5,761,20.7,6.1,13.0,1.8,1017.2,51.4,2.67,0.18,0,0.0
FL-4678,JetBlue,DEN,SFO,5,0,12,289,35.3,34.4,7.8,0.3,1003.1,33.6,1.26,0.25,0,0.0
FL-4679,United,LAX,DEN,13,2,5,1839,0.6,10.0,8.4,0.0,1018.4,60.3,1.37,0.18,0,0.0
FL-4680,JetBlue,BOS,ATL,2,6,10,1606,26.4,16.3,5.7,0.0,1016.5,45.7,1.82,0.25,0,0.0
FL-4681,JetBlue,ORD,DFW,18,6,10,568,3.7,1.7,11.9,0.0,1013.6,47.2,3.2,0.25,0,0.0
FL-4682,United,BOS,LAX,19,5,1,1492,10.1,10.2,5.7,1.6,999.7,59.3,2.49,0.18,0,0.0
FL-4683,Southwest,SEA,ATL,10,5,8,214,13.1,0.2,13.2,1.0,1020.4,62.1,2.19,0.22,0,0.0
FL-4684,JetBlue,ORD,SEA,23,4,8,2591,9.9,7.4,6.3,6.3,1011.0,59.3,1.18,0.25,0,0.0
FL-4685,American,LAX,ORD,16,4,8,1418,-1.1,0.8,7.7,0.3,1012.4,60.9,3.19,0.2,1,97.0
FL-4686,Alaska,SEA,BOS,16,1,10,2145,9.6,34.1,6.5,0.0,1009.1,75.8,2.55,0.14,0,0.0
FL-4687,Southwest,BOS,JFK,22,2,4,1259,18.3,16.8,9.2,2.1,1000.5,61.3,1.43,0.22,1,54.0
FL-4688,United,SEA,LAX,2,2,9,1116,13.4,23.5,13.2,0.0,1005.1,69.3,1.0,0.18,0,0.0
FL-4689,Southwest,ATL,LAX,13,4,10,2452,32.7,9.5,7.9,0.0,1020.6,79.6,1.0,0.22,0,0.0
FL-4690,Delta,SEA,SFO,6,2,3,1874,13.7,28.6,7.1,0.0,1025.8,54.2,1.28,0.12,0,0.0
FL-4691,Delta,ORD,MIA,18,1,7,975,15.2,31.0,9.9,0.0,1017.4,64.9,2.65,0.12,0,0.0
FL-4692,JetBlue,DEN,ORD,2,0,6,1280,17.2,6.6,9.8,3.0,1019.0,66.6,1.0,0.25,0,0.0
FL-4693,JetBlue,DEN,BOS,1,5,9,1333,13.4,7.1,12.0,0.0,1026.3,39.8,1.0,0.25,0,0.0
FL-4694,American,MIA,DFW,16,1,12,885,20.7,10.6,6.1,2.3,1026.1,26.1,3.07,0.2,0,0.0
FL-4695,Alaska,BOS,DFW,8,2,4,2965,8.8,0.6,10.7,3.8,1017.7,65.8,2.31,0.14,0,0.0
FL-4696,Southwest,ATL,DFW,21,1,4,424,1.0,70.0,13.7,2.6,1008.2,46.1,1.0,0.22,1,73.0
FL-4697,Delta,ORD,BOS,5,5,6,263,14.1,6.7,7.0,0.0,997.2,94.0,1.39,0.12,0,0.0
FL-4698,JetBlue,ORD,SEA,23,3,8,1987,19.6,9.5,10.6,0.0,1013.5,77.7,1.0,0.25,0,0.0
FL-4699,Alaska,DFW,ATL,20,6,3,1160,17.0,21.1,6.9,1.0,1014.4,46.5,3.23,0.14,0,0.0
FL-4700,Southwest,JFK,DFW,8,5,11,1575,4.3,5.3,13.3,0.0,1033.9,32.6,3.26,0.22,0,0.0
FL-4701,JetBlue,BOS,LAX,4,6,8,2567,16.9,3.4,15.0,0.1,1018.3,42.6,1.0,0.25,0,0.0
FL-4702,JetBlue,ORD,BOS,1,5,8,556,23.1,2.0,6.4,1.4,1014.7,66.9,1.65,0.25,0,0.0
FL-4703,Delta,SFO,ORD,21,3,7,292,17.4,11.3,10.9,0.0,1005.9,59.5,1.0,0.12,1,62.0
FL-4704,Delta,ORD,DFW,14,2,7,2942,6.5,0.1,11.1,0.0,1013.7,77.7,1.0,0.12,1,49.0
FL-4705,JetBlue,DFW,MIA,8,2,5,1523,15.9,18.5,10.4,0.0,1023.0,45.8,1.73,0.25,0,0.0
FL-4706,United,SEA,MIA,18,0,2,1717,35.4,9.3,9.3,0.9,1011.4,73.5,2.71,0.18,0,0.0
FL-4707,JetBlue,LAX,SEA,9,5,12,1877,2.5,11.4,8.3,0.0,1002.7,70.8,2.67,0.25,0,0.0
FL-4708,Alaska,LAX,DFW,3,1,2,1612,28.2,4.6,5.3,2.1,1006.1,87.7,1.35,0.14,0,0.0
FL-4709,JetBlue,SFO,MIA,9,0,12,1834,-11.9,2.9,9.5,0.0,1002.1,68.3,2.97,0.25,0,0.0
FL-4710,American,SFO,JFK,7,2,10,2681,8.5,18.1,12.6,0.0,1007.5,49.3,1.45,0.2,0,0.0
FL-4711,American,MIA,SFO,21,2,12,1325,9.8,3.5,13.3,0.0,1003.9,88.8,1.0,0.2,1,55.0
FL-4712,American,LAX,DEN,12,4,8,1040,28.0,22.7,10.5,0.0,1017.4,60.1,1.13,0.2,0,0.0
FL-4713,United,SEA,SFO,6,0,11,1601,36.3,3.4,7.0,0.0,1018.5,57.6,1.25,0.18,0,0.0
FL-4714,United,LAX,ORD,6,2,6,1806,28.4,14.2,6.2,0.5,1025.1,67.2,1.49,0.18,0,0.0
FL-4715,JetBlue,JFK,SEA,3,3,8,1097,21.1,15.5,8.1,0.0,1012.6,86.7,1.16,0.25,0,0.0
FL-4716,American,BOS,DFW,14,6,3,691,27.8,10.6,4.3,0.2,1012.5,84.1,1.0,0.2,0,0.0
FL-4717,United,LAX,SFO,11,4,1,1732,-1.2,70.0,2.4,0.2,1015.8,75.3,1.0,0.18,1,82.0
FL-4718,Delta,DEN,LAX,15,1,6,2639,25.7,7.1,6.0,1.0,1008.5,81.0,1.05,0.12,0,0.0
FL-4719,JetBlue,MIA,ATL,5,6,2,2177,1.8,32.2,10.9,0.0,1004.0,72.5,1.0,0.25,0,0.0
FL-4720,Alaska,DFW,BOS,8,4,12,1998,6.1,2.8,5.1,0.0,1005.8,48.4,2.01,0.14,0,0.0
FL-4721,Southwest,SFO,BOS,2,5,9,1694,19.7,6.2,11.0,0.0,1017.9,82.0,1.0,0.22,0,0.0
FL-4722,JetBlue,JFK,DEN,7,5,5,1551,0.2,2.4,7.5,0.1,1020.3,20.6,2.37,0.25,0,0.0
FL-4723,Southwest,SFO,BOS,6,1,5,2268,29.7,13.9,13.6,0.0,1032.1,64.6,1.0,0.22,0,0.0
FL-4724,American,MIA,ATL,3,3,10,1320,15.0,15.3,8.2,0.0,1004.8,65.8,1.14,0.2,0,0.0
FL-4725,Southwest,ORD,JFK,12,1,8,2038,-0.6,9.1,8.6,4.5,1004.4,100.0,1.0,0.22,0,0.0
FL-4726,American,JFK,ORD,18,0,6,2760,33.1,19.1,7.7,0.0,997.8,47.5,3.03,0.2,0,0.0
FL-4727,Delta,ATL,JFK,6,6,3,2962,11.8,30.3,7.8,1.1,1014.2,83.0,1.0,0.12,0,0.0
FL-4728,Southwest,JFK,SEA,9,1,9,1863,13.0,22.5,10.3,0.0,1017.3,68.9,2.44,0.22,0,0.0
FL-4729,JetBlue,MIA,BOS,11,1,10,2597,12.4,4.1,10.9,0.0,1007.9,58.8,1.3,0.25,0,0.0
FL-4730,American,DFW,DEN,2,4,4,745,-20.0,5.8,9.9,1.2,1000.8,31.3,1.19,0.2,0,0.0
FL-4731,JetBlue,JFK,ORD,23,3,10,798,30.1,7.2,6.2,2.0,1029.0,68.8,1.0,0.25,0,0.0
FL-4732,United,MIA,SFO,11,1,4,2279,15.3,3.4,11.2,0.5,1015.9,69.1,1.0,0.18,1,46.0
FL-4733,American,SEA,BOS,18,0,12,2244,16.8,6.7,6.4,0.0,1003.2,60.4,3.73,0.2,1,87.0
FL-4734,Southwest,BOS,ORD,14,4,2,458,23.2,4.1,6.7,0.0,1010.1,94.6,1.36,0.22,0,0.0
FL-4735,American,LAX,BOS,7,3,3,675,11.5,70.0,8.3,0.0,1031.3,85.5,2.4,0.2,0,0.0
FL-4736,JetBlue,SEA,LAX,11,3,4,2105,1.5,22.9,12.3,5.7,1020.6,61.9,1.58,0.25,1,81.0
FL-4737,Delta,MIA,DFW,19,2,7,1119,3.8,29.5,6.6,0.0,1010.4,84.9,2.92,0.12,0,0.0
FL-4738,American,DEN,LAX,5,5,3,2280,25.5,38.3,11.1,0.2,1005.4,88.5,2.14,0.2,0,0.0
FL-4739,Southwest,ORD,MIA,9,6,8,587,14.9,16.4,2.3,0.0,1023.9,53.2,2.37,0.22,1,52.0
FL-4740,United,LAX,BOS,1,0,8,2061,27.1,2.9,11.5,0.0,1001.6,46.5,2.23,0.18,0,0.0
FL-4741,Alaska,DEN,MIA,23,5,10,997,29.2,21.3,13.1,1.0,1017.0,43.2,1.08,0.14,0,0.0
FL-4742,Delta,DFW,SFO,12,4,11,2703,25.6,0.2,11.8,0.3,1016.9,83.3,1.0,0.12,0,0.0
FL-4743,United,SFO,ATL,6,4,2,1817,30.1,1.8,9.8,3.3,1021.8,58.9,1.02,0.18,0,0.0
FL-4744,American,ATL,DFW,7,0,4,2125,6.5,0.5,7.9,0.0,1017.5,52.0,2.85,0.2,0,0.0
FL-4745,JetBlue,LAX,SEA,22,3,8,2015,22.2,2.2,7.2,0.0,1018.0,82.3,1.01,0.25,0,0.0
FL-4746,JetBlue,SEA,JFK,15,1,1,1827,9.4,20.9,7.5,0.2,1015.7,59.4,1.0,0.25,1,72.0
FL-4747,Southwest,ORD,SFO,10,0,1,2471,1.9,32.5,8.2,1.2,1015.4,46.3,2.63,0.22,0,0.0
FL-4748,JetBlue,DEN,LAX,3,4,4,416,20.5,4.9,12.8,0.2,1028.0,91.9,1.31,0.25,0,0.0
FL-4749,Delta,MIA,BOS,16,5,11,2403,24.1,1.9,9.6,0.0,1013.1,84.0,2.65,0.12,0,0.0
FL-4750,JetBlue,LAX,MIA,15,6,2,988,10.9,4.8,12.4,0.0,1019.9,53.5,1.0,0.25,0,0.0
FL-4751,Southwest,SFO,SEA,18,0,1,1743,15.6,15.6,15.0,5.0,1009.8,51.3,2.5,0.22,0,0.0
FL-4752,Alaska,MIA,SFO,22,3,8,2283,23.4,6.5,15.0,0.0,1004.8,61.8,1.18,0.14,0,0.0
FL-4753,American,DEN,BOS,10,6,2,2883,7.7,48.7,10.0,0.0,1009.2,76.9,2.03,0.2,1,78.0
FL-4754,American,ORD,DEN,6,6,4,2256,24.7,2.1,8.3,0.0,1011.0,85.5,1.12,0.2,0,0.0
FL-4755,JetBlue,JFK,MIA,12,6,3,1263,4.1,69.6,12.5,0.7,1004.6,45.5,1.57,0.25,1,66.0
FL-4756,United,SFO,MIA,18,2,2,2426,19.9,0.2,12.5,0.0,1001.1,35.7,3.34,0.18,0,0.0
FL-4757,American,MIA,BOS,16,6,8,1864,0.5,9.0,11.6,0.3,1022.6,61.3,2.87,0.2,0,0.0
FL-4758,Alaska,SFO,SEA,21,2,3,2748,31.2,4.4,14.4,0.0,1008.2,45.6,1.0,0.14,0,0.0
FL-4759,JetBlue,DFW,JFK,12,1,9,572,23.2,12.5,7.2,0.0,1010.7,60.1,1.01,0.25,0,0.0
FL-4760,Southwest,MIA,ATL,11,1,10,1169,39.1,1.5,10.9,0.0,1008.4,54.1,1.0,0.22,0,0.0
FL-4761,Alaska,LAX,MIA,6,6,5,1889,3.8,31.3,9.9,0.2,994.5,35.7,1.01,0.14,0,0.0
FL-4762,JetBlue,JFK,SEA,0,3,9,1647,23.0,2.2,12.0,1.0,1026.1,95.6,1.06,0.25,0,0.0
FL-4763,Alaska,JFK,MIA,0,5,3,714,14.8,13.3,8.6,0.0,1005.6,67.3,1.0,0.14,0,0.0
FL-4764,American,ATL,ORD,19,1,12,563,-2.6,0.5,11.1,5.5,1021.1,80.7,2.66,0.2,1,65.0
FL-4765,Southwest,SFO,ATL,22,2,5,2113,16.3,5.6,4.6,0.6,1005.1,25.5,1.21,0.22,1,79.0
FL-4766,JetBlue,SEA,DEN,13,3,10,2151,21.8,2.4,9.9,0.0,1014.8,51.7,1.77,0.25,0,0.0
FL-4767,Delta,JFK,SEA,14,6,6,1674,38.6,57.1,15.0,0.0,1020.6,52.8,1.09,0.12,1,62.0
FL-4768,Southwest,JFK,MIA,10,3,9,1739,8.9,0.2,8.4,0.2,1003.6,83.0,2.47,0.22,0,0.0
FL-4769,Delta,DFW,DEN,23,3,8,973,20.7,6.5,9.7,0.8,1009.7,95.7,1.51,0.12,0,0.0
FL-4770,Alaska,BOS,SEA,8,0,2,528,18.7,5.4,13.2,0.0,1008.0,43.6,2.37,0.14,0,0.0
FL-4771,United,DFW,BOS,16,5,2,993,12.9,16.1,11.4,0.7,1009.4,67.9,3.65,0.18,1,54.0
FL-4772,Southwest,DFW,MIA,3,6,5,1161,13.8,0.9,4.9,0.0,1019.2,88.2,1.4,0.22,1,43.0
FL-4773,Alaska,BOS,MIA,19,5,5,2617,24.0,25.0,9.6,2.6,1024.1,52.7,1.64,0.14,0,0.0
FL-4774,Delta,SFO,DEN,18,1,5,796,13.8,9.4,11.1,1.3,1010.1,51.1,3.2,0.12,0,0.0
FL-4775,American,MIA,JFK,6,5,4,2077,12.2,9.0,14.1,1.5,1015.2,74.3,1.0,0.2,0,0.0
FL-4776,American,ORD,JFK,0,4,8,1610,8.9,3.9,13.5,0.8,1002.5,36.2,1.4,0.2,0,0.0
FL-4777,United,SEA,SFO,8,2,11,1337,-3.0,10.1,9.8,0.0,1032.8,28.2,1.69,0.18,0,0.0
FL-4778,Southwest,JFK,ORD,12,1,5,770,26.2,6.8,11.9,4.4,1017.0,20.0,1.0,0.22,0,0.0
FL-4779,Southwest,ATL,SEA,23,6,1,1261,8.8,4.2,9.8,1.6,1019.7,77.4,1.0,0.22,0,0.0
FL-4780,Southwest,SEA,JFK,1,5,10,1768,29.8,2.8,8.5,0.0,1009.1,89.6,1.0,0.22,0,0.0
FL-4781,Alaska,MIA,LAX,1,2,5,576,30.1,19.5,13.3,0.0,1021.6,65.1,1.5,0.14,0,0.0
FL-4782,United,BOS,MIA,23,6,1,2347,43.8,2.3,13.1,0.0,1014.1,83.2,2.41,0.18,0,0.0
FL-4783,Southwest,SEA,SFO,14,6,4,2036,20.3,2.8,10.8,1.1,1020.7,26.3,1.13,0.22,0,0.0
FL-4784,Alaska,JFK,ORD,16,1,1,2163,21.7,12.9,8.0,5.2,1005.6,75.7,3.66,0.14,1,94.0
FL-4785,American,SEA,LAX,12,4,6,2365,22.3,3.8,9.9,2.3,1014.4,67.6,1.67,0.2,0,0.0
FL-4786,Delta,ORD,MIA,6,2,6,2668,18.1,9.2,10.1,1.3,996.8,49.4,2.21,0.12,0,0.0
FL-4787,Alaska,BOS,DFW,8,4,1,1466,29.2,12.1,12.8,0.0,1018.0,71.6,2.89,0.14,0,0.0
FL-4788,American,SEA,DFW,11,2,12,740,14.0,4.8,9.1,0.0,1017.4,97.3,1.41,0.2,0,0.0
FL-4789,American,JFK,SEA,2,0,8,1450,21.6,6.3,10.1,0.0,998.2,81.4,1.0,0.2,0,0.0
FL-4790,Delta,JFK,MIA,22,6,4,2075,13.7,3.5,10.6,0.0,1003.9,54.1,1.0,0.12,0,0.0
FL-4791,American,SEA,BOS,21,0,2,1436,-0.7,9.3,9.2,0.0,1006.4,54.1,1.57,0.2,0,0.0
FL-4792,United,SFO,ATL,14,2,1,2946,23.9,70.0,10.8,0.0,1016.9,72.6,1.0,0.18,1,70.0
FL-4793,Delta,ATL,DFW,6,2,11,312,-18.0,6.8,10.3,0.0,990.5,75.7,1.0,0.12,0,0.0
FL-4794,American,DEN,LAX,22,4,3,572,21.6,15.9,7.6,0.0,1028.6,50.7,1.76,0.2,0,0.0
FL-4795,JetBlue,DFW,ORD,0,6,7,2546,28.0,15.2,8.3,0.0,1007.0,97.1,1.0,0.25,0,0.0
FL-4796,Alaska,BOS,JFK,13,5,10,1896,22.1,23.2,5.8,0.2,1036.9,64.0,1.18,0.14,0,0.0
FL-4797,American,DEN,JFK,18,6,11,1242,5.5,18.7,7.8,1.6,1013.1,85.5,2.45,0.2,1,97.0
FL-4798,United,MIA,DEN,15,3,10,975,33.6,0.2,14.3,0.0,994.2,58.9,1.43,0.18,0,0.0
FL-4799,Southwest,MIA,DFW,9,2,8,870,36.8,5.5,12.0,0.0,1000.4,100.0,2.37,0.22,0,0.0
FL-4800,American,JFK,ATL,0,1,5,210,23.0,30.6,7.6,1.2,1013.2,71.5,1.09,0.2,0,0.0
FL-4801,Southwest,MIA,DEN,4,1,7,207,37.3,11.6,9.4,1.5,1002.1,31.9,1.31,0.22,0,0.0
FL-4802,JetBlue,SFO,LAX,2,1,2,1773,40.4,1.7,7.4,0.0,1005.0,49.5,1.0,0.25,0,0.0
FL-4803,American,ATL,ORD,16,0,12,1596,7.3,4.8,12.2,0.0,993.3,73.4,2.64,0.2,0,0.0
FL-4804,Delta,MIA,JFK,17,5,12,660,4.1,5.0,10.8,0.0,1009.4,92.4,3.01,0.12,0,0.0
FL-4805,Southwest,ORD,SEA,20,4,4,2502,23.9,31.0,12.0,1.7,1024.8,68.1,2.82,0.22,0,0.0
FL-4806,JetBlue,ATL,LAX,18,5,6,2833,-22.7,12.1,9.1,0.0,1007.2,43.0,1.66,0.25,1,73.0
FL-4807,Delta,SFO,MIA,21,0,12,1551,12.3,14.1,13.0,0.0,1017.3,63.4,1.02,0.12,1,46.0
FL-4808,Delta,DEN,BOS,21,5,12,561,7.1,6.9,6.4,0.0,1004.4,71.9,1.44,0.12,0,0.0
FL-4809,Delta,ATL,DEN,17,5,12,1597,12.7,0.9,8.2,0.0,1021.1,79.6,2.09,0.12,0,0.0
FL-4810,Delta,ATL,LAX,15,6,12,987,0.3,1.2,8.8,0.0,1008.9,90.8,1.32,0.12,0,0.0
FL-4811,American,DEN,LAX,1,1,12,408,13.2,8.2,12.4,2.5,1015.0,87.6,1.33,0.2,0,0.0
FL-4812,Alaska,SFO,BOS,14,2,12,466,22.3,2.9,8.4,3.0,1006.7,64.1,1.6,0.14,0,0.0
FL-4813,American,MIA,SEA,12,1,5,855,35.7,1.7,7.1,0.0,1010.2,35.5,1.15,0.2,0,0.0
FL-4814,American,JFK,BOS,12,5,6,1196,20.6,4.6,10.0,0.4,1002.4,82.0,1.0,0.2,0,0.0
FL-4815,JetBlue,BOS,ATL,15,2,12,753,-6.3,20.3,15.0,0.0,1025.9,56.1,1.0,0.25,0,0.0
FL-4816,JetBlue,DEN,ATL,7,6,2,2983,15.8,1.1,7.1,0.0,1013.4,94.0,2.43,0.25,0,0.0
FL-4817,Alaska,DEN,LAX,10,4,7,1729,32.0,8.9,13.7,0.3,1006.6,76.8,1.92,0.14,0,0.0
FL-4818,JetBlue,DEN,JFK,7,3,8,1787,12.5,26.2,10.0,0.0,1010.8,61.1,2.31,0.25,0,0.0
FL-4819,United,DEN,ATL,21,2,11,620,23.2,4.7,10.0,0.0,1016.4,100.0,1.25,0.18,0,0.0
FL-4820,Alaska,BOS,MIA,9,0,9,2555,29.6,5.4,8.2,0.0,1018.4,73.3,2.46,0.14,0,0.0
FL-4821,JetBlue,BOS,LAX,22,1,6,2384,17.1,32.3,11.9,0.0,1008.3,87.0,1.0,0.25,1,72.0
FL-4822,Alaska,MIA,SEA,0,6,7,1642,19.3,15.7,13.1,6.1,1018.6,51.6,1.04,0.14,0,0.0
FL-4823,American,SEA,JFK,11,6,12,2442,22.1,24.0,14.5,0.7,1012.9,47.5,1.0,0.2,0,0.0
FL-4824,American,SEA,JFK,8,1,1,1318,10.0,5.1,10.9,0.0,1006.4,25.8,2.58,0.2,0,0.0
FL-4825,Alaska,LAX,DFW,4,5,9,1713,12.5,70.0,7.9,0.0,1009.9,81.4,1.22,0.14,1,65.0
FL-4826,United,DEN,MIA,8,5,6,2126,4.5,2.3,15.0,0.4,1008.0,59.5,2.57,0.18,0,0.0
FL-4827,United,DEN,BOS,15,5,12,1248,9.2,49.0,8.6,0.0,1028.0,100.0,1.0,0.18,1,111.0
FL-4828,Alaska,ATL,SFO,17,6,4,1455,24.7,34.9,7.7,0.0,1013.9,70.4,3.43,0.14,1,61.0
FL-4829,JetBlue,SEA,LAX,7,5,10,2853,21.5,12.0,10.9,1.2,1018.9,70.6,2.1,0.25,0,0.0
FL-4830,Southwest,MIA,DEN,22,1,9,420,1.4,13.2,7.1,1.4,1022.6,89.8,1.02,0.22,0,0.0
FL-4831,United,JFK,ORD,10,2,12,2544,3.6,22.4,8.5,0.0,1013.7,61.4,3.18,0.18,0,0.0
FL-4832,Delta,LAX,BOS,19,4,1,1426,8.0,5.5,11.9,0.0,1020.5,56.2,2.15,0.12,0,0.0
FL-4833,American,LAX,BOS,18,2,2,2171,-1.9,11.2,15.0,0.0,1013.2,43.7,2.58,0.2,0,0.0
FL-4834,Alaska,MIA,ORD,3,0,3,542,18.1,34.9,11.7,5.4,1012.2,66.1,1.03,0.14,0,0.0
FL-4835,Delta,JFK,SEA,19,1,1,792,7.5,1.1,13.6,0.5,1010.5,71.9,2.76,0.12,0,0.0
FL-4836,Alaska,ATL,DFW,9,2,2,1428,21.2,35.4,8.5,0.5,1009.4,55.6,1.76,0.14,1,65.0
FL-4837,American,BOS,ORD,23,1,2,2184,27.2,19.6,10.8,0.0,1017.2,90.4,1.02,0.2,0,0.0
FL-4838,American,DFW,JFK,12,6,7,1091,-5.1,22.0,4.2,8.2,1004.5,29.8,1.0,0.2,0,0.0
FL-4839,United,SEA,DFW,19,0,10,2324,7.5,1.0,6.0,0.0,1003.7,79.2,4.09,0.18,1,46.0
FL-4840,United,DEN,ATL,13,6,6,1773,-3.5,3.1,10.5,0.1,1020.1,46.1,1.44,0.18,0,0.0
FL-4841,Delta,MIA,JFK,20,3,12,906,-7.0,38.9,11.1,0.6,1022.3,79.7,2.57,0.12,0,0.0
FL-4842,Alaska,SEA,MIA,1,3,9,2199,21.5,2.0,12.5,1.6,1026.5,67.5,1.0,0.14,0,0.0
FL-4843,American,DEN,SEA,3,3,5,1265,17.5,15.0,9.4,0.0,1009.7,67.7,1.0,0.2,0,0.0
FL-4844,Delta,DFW,SEA,6,1,9,1405,8.2,22.9,14.5,3.0,999.2,75.2,1.68,0.12,0,0.0
FL-4845,Southwest,DFW,ORD,18,2,12,956,3.6,3.9,11.7,0.0,997.9,79.2,3.07,0.22,1,86.0
FL-4846,Delta,BOS,SFO,16,1,10,1418,2.0,18.0,4.6,0.0,1023.6,59.9,2.32,0.12,0,0.0
FL-4847,JetBlue,SFO,MIA,15,6,9,2837,17.1,1.0,4.6,0.0,1019.9,71.6,1.0,0.25,0,0.0
FL-4848,Delta,DFW,BOS,12,4,2,2055,12.2,10.4,10.4,1.6,1016.7,78.0,1.36,0.12,0,0.0
FL-4849,JetBlue,SEA,DFW,23,6,12,2199,4.2,6.1,9.3,0.0,1018.1,93.2,1.28,0.25,0,0.0
FL-4850,JetBlue,ORD,BOS,23,2,9,2635,20.0,15.6,10.7,0.0,1018.5,74.3,1.28,0.25,0,0.0
FL-4851,JetBlue,ORD,DEN,21,6,3,2884,18.4,33.0,9.0,0.0,1028.2,58.3,1.06,0.25,0,0.0
FL-4852,Southwest,DEN,ATL,22,6,11,2388,3.4,2.0,8.2,0.0,1004.3,98.9,1.0,0.22,0,0.0
FL-4853,Delta,DEN,JFK,17,0,3,1544,9.3,9.0,7.8,0.0,1006.0,88.5,4.22,0.12,0,0.0
FL-4854,Delta,SFO,JFK,20,5,12,647,25.3,8.3,9.8,0.4,1016.9,82.9,2.83,0.12,1,85.0
FL-4855,Southwest,ORD,SFO,11,3,11,2016,24.0,5.9,12.5,0.0,1019.2,70.2,1.17,0.22,0,0.0
FL-4856,American,DEN,ORD,22,2,9,2540,7.1,9.8,6.8,0.1,1003.3,64.2,1.83,0.2,0,0.0
FL-4857,United,DFW,SFO,0,2,7,1977,34.9,31.9,9.6,0.0,1019.6,37.3,1.12,0.18,0,0.0
FL-4858,Delta,DEN,DFW,14,3,11,2962,12.9,54.6,14.3,0.0,1009.5,86.7,1.74,0.12,1,45.0
FL-4859,United,LAX,JFK,2,6,8,2704,24.5,0.0,4.8,0.0,1017.1,20.0,1.58,0.18,0,0.0
FL-4860,Alaska,SFO,SEA,5,0,7,1038,2.4,20.2,11.9,1.4,1002.7,68.9,1.8,0.14,0,0.0
FL-4861,Alaska,MIA,DFW,13,1,9,2901,13.2,14.3,9.4,0.0,997.6,59.9,1.31,0.14,0,0.0
FL-4862,Southwest,JFK,SFO,22,1,8,1829,4.0,70.0,7.7,1.3,1017.6,74.6,1.0,0.22,0,0.0
FL-4863,Alaska,ATL,BOS,5,6,4,863,-4.8,1.4,8.3,0.0,1029.0,60.4,1.0,0.14,0,0.0
FL-4864,Alaska,JFK,SEA,0,6,2,964,14.5,25.0,13.1,0.5,1013.3,67.7,1.91,0.14,0,0.0
FL-4865,American,JFK,LAX,19,5,11,375,11.1,40.8,9.6,0.2,1027.6,55.6,2.91,0.2,1,70.0
FL-4866,American,BOS,ORD,5,2,5,709,27.9,36.5,6.8,0.0,1002.0,67.4,1.48,0.2,1,104.0
FL-4867,American,MIA,DEN,7,3,2,2952,8.1,12.3,7.4,0.0,1005.9,51.1,2.2,0.2,0,0.0
FL-4868,Alaska,DEN,JFK,14,6,4,1389,18.2,6.0,8.5,1.2,1016.9,64.3,1.0,0.14,0,0.0
FL-4869,Southwest,BOS,JFK,13,6,12,801,10.1,15.3,12.6,0.4,1017.3,50.1,1.09,0.22,0,0.0
FL-4870,JetBlue,JFK,SFO,15,4,2,1037,3.3,5.5,8.5,0.0,1009.0,97.0,1.0,0.25,0,0.0
FL-4871,JetBlue,LAX,BOS,19,0,5,1201,24.7,8.0,9.9,0.6,1017.7,36.6,2.69,0.25,0,0.0
FL-4872,United,ATL,DEN,22,1,6,2298,7.6,8.9,7.9,5.9,1008.7,48.1,1.0,0.18,1,54.0
FL-4873,JetBlue,JFK,ORD,15,0,11,2933,9.8,5.4,8.8,0.0,1013.9,58.3,1.37,0.25,0,0.0
FL-4874,JetBlue,ORD,BOS,18,0,1,2513,0.8,6.3,9.5,0.0,1015.8,56.2,2.75,0.25,0,0.0
FL-4875,American,MIA,SFO,23,5,12,1310,-5.3,0.1,7.2,0.0,1027.8,79.9,1.02,0.2,0,0.0
FL-4876,American,MIA,DFW,0,0,8,2853,20.4,5.3,7.7,0.0,1006.0,65.0,1.85,0.2,0,0.0
FL-4877,Alaska,MIA,DFW,3,3,2,2244,13.8,9.6,8.4,0.0,1017.8,51.3,1.28,0.14,0,0.0
FL-4878,United,SFO,ORD,23,5,5,784,26.0,2.8,14.5,4.0,1019.8,58.4,1.66,0.18,0,0.0
FL-4879,Delta,SFO,DEN,9,6,11,2586,21.1,24.6,10.2,1.5,1031.3,76.5,2.64,0.12,0,0.0
FL-4880,United,DFW,ATL,19,3,8,1295,0.1,11.6,7.3,0.0,1025.2,25.4,2.94,0.18,0,0.0
FL-4881,United,SEA,LAX,17,5,5,573,15.0,23.7,12.5,0.0,1018.5,45.0,3.77,0.18,1,49.0
FL-4882,Southwest,ATL,ORD,1,3,3,779,14.6,2.1,12.7,2.4,997.5,58.9,1.0,0.22,0,0.0
FL-4883,Alaska,BOS,SEA,3,5,6,716,27.1,25.8,7.3,2.2,1016.9,68.9,1.43,0.14,0,0.0
FL-4884,Southwest,DEN,BOS,14,5,1,1461,29.8,47.6,14.9,0.0,1021.9,64.3,1.65,0.22,1,149.0
FL-4885,United,JFK,DEN,3,2,1,320,-5.7,6.5,11.1,0.0,1004.3,69.2,1.0,0.18,0,0.0
FL-4886,United,SEA,BOS,15,3,8,1636,28.2,5.0,11.3,2.1,1006.1,62.6,1.0,0.18,0,0.0
FL-4887,United,DEN,ATL,14,2,7,1946,26.6,15.6,11.1,1.6,1027.5,77.9,1.12,0.18,0,0.0
FL-4888,JetBlue,BOS,DFW,17,6,10,2817,5.3,15.2,11.0,0.0,1023.0,59.7,3.24,0.25,1,79.0
FL-4889,Southwest,SEA,SFO,6,5,10,242,14.5,1.8,9.7,0.2,1000.8,51.6,1.55,0.22,0,0.0
FL-4890,United,DEN,BOS,14,1,11,1727,-10.2,39.2,11.9,1.0,1013.2,42.8,1.0,0.18,1,101.0
FL-4891,American,LAX,SFO,21,5,11,2242,14.4,9.8,9.0,1.4,1012.9,59.4,1.0,0.2,0,0.0
FL-4892,Alaska,SFO,SEA,10,1,3,2319,2.4,21.7,14.7,1.4,1025.7,62.4,3.3,0.14,0,0.0
FL-4893,Alaska,BOS,JFK,18,1,8,2338,21.3,6.7,4.0,0.0,1026.3,58.8,3.42,0.14,1,57.0
FL-4894,American,ATL,SFO,7,1,11,690,20.0,4.5,7.3,0.0,1015.4,35.2,2.81,0.2,0,0.0
FL-4895,Alaska,ORD,JFK,23,1,8,2049,13.9,1.8,11.1,0.0,1005.0,69.8,1.0,0.14,0,0.0
FL-4896,JetBlue,LAX,DEN,0,3,1,948,17.4,4.8,9.8,0.0,1009.6,64.6,1.0,0.25,0,0.0
FL-4897,JetBlue,SFO,MIA,2,4,10,582,5.5,70.0,8.5,0.0,998.5,75.5,1.44,0.25,0,0.0
FL-4898,Delta,MIA,DFW,4,3,7,1004,1.5,16.1,10.5,3.8,1000.5,60.7,1.42,0.12,0,0.0
FL-4899,Delta,SFO,JFK,17,6,2,1689,40.4,24.4,6.4,4.2,1034.6,46.6,3.05,0.12,0,0.0
FL-4900,Delta,SEA,SFO,11,4,12,1377,27.3,47.7,6.9,0.0,1010.6,62.9,1.0,0.12,0,0.0
FL-4901,Alaska,DFW,SFO,11,3,2,2417,16.6,1.2,9.6,0.2,1010.6,98.6,1.0,0.14,0,0.0
FL-4902,JetBlue,LAX,DEN,20,6,2,1495,12.4,2.7,11.2,0.5,1011.9,52.0,3.41,0.25,1,126.0
FL-4903,JetBlue,MIA,DEN,18,1,5,1117,43.8,39.5,7.9,2.6,1013.9,59.4,3.2,0.25,1,84.0
FL-4904,JetBlue,SEA,DEN,8,0,7,350,35.1,12.5,4.6,2.1,1016.4,48.5,2.36,0.25,0,0.0
FL-4905,American,BOS,LAX,10,5,4,630,11.6,15.1,10.7,0.0,1005.5,63.3,1.76,0.2,0,0.0
FL-4906,JetBlue,ATL,ORD,16,4,11,2698,3.4,8.4,11.5,2.0,1025.1,49.3,3.67,0.25,0,0.0
FL-4907,American,SFO,DEN,15,0,12,2890,15.6,25.3,6.7,0.0,1007.7,59.7,1.0,0.2,0,0.0
FL-4908,Delta,BOS,ORD,3,1,4,2270,10.5,10.9,8.8,6.3,999.3,84.9,1.0,0.12,0,0.0
FL-4909,Delta,MIA,LAX,9,4,9,2614,3.6,26.2,12.7,0.0,1002.0,77.8,2.42,0.12,0,0.0
FL-4910,Alaska,SEA,ATL,21,0,10,850,31.5,70.0,6.5,0.2,1012.9,62.5,1.0,0.14,1,71.0
FL-4911,Delta,DFW,SFO,14,3,9,1019,21.3,15.6,9.9,0.2,1020.4,63.5,1.0,0.12,0,0.0
FL-4912,Alaska,SFO,BOS,18,6,7,2486,10.1,11.3,8.0,0.0,1019.4,79.0,3.1,0.14,0,0.0
FL-4913,United,ATL,ORD,2,1,10,2681,9.9,6.8,15.0,0.0,1023.2,29.7,1.65,0.18,0,0.0
FL-4914,United,DFW,ORD,20,3,4,2951,15.2,3.2,6.3,0.2,1002.9,55.8,4.23,0.18,1,63.0
FL-4915,Southwest,DEN,SFO,22,3,8,1141,9.2,16.0,4.5,0.0,1023.5,90.4,1.29,0.22,0,0.0
FL-4916,Alaska,SEA,DFW,4,1,10,740,8.1,1.0,11.8,0.0,1017.0,78.3,1.93,0.14,0,0.0
FL-4917,Southwest,BOS,SFO,10,4,3,2880,39.6,47.0,9.0,0.0,1010.4,60.6,2.81,0.22,1,45.0
FL-4918,Southwest,SFO,MIA,23,5,3,2445,4.1,15.6,6.9,3.5,1007.0,28.8,1.6,0.22,0,0.0
FL-4919,United,SFO,ORD,4,2,12,1909,-11.5,48.0,8.5,0.6,1005.6,30.5,1.0,0.18,0,0.0
FL-4920,Alaska,MIA,DFW,6,2,7,2729,22.9,4.8,14.5,0.0,1017.3,33.2,1.17,0.14,0,0.0
FL-4921,United,ATL,SEA,5,5,11,1402,28.4,43.9,10.0,0.0,1013.6,44.1,1.21,0.18,1,68.0
FL-4922,Southwest,ORD,DFW,12,1,12,1068,16.8,14.2,14.4,0.0,998.5,48.2,1.06,0.22,0,0.0
FL-4923,Alaska,DEN,LAX,1,2,9,2770,-4.3,24.9,6.3,0.0,1010.6,82.6,1.0,0.14,0,0.0
FL-4924,Southwest,DFW,ATL,18,5,11,850,13.4,3.0,13.3,0.0,1009.6,38.8,3.38,0.22,1,75.0
FL-4925,JetBlue,LAX,ORD,10,0,4,636,8.9,10.4,7.1,0.0,1022.5,50.4,2.31,0.25,0,0.0
FL-4926,Alaska,LAX,ATL,19,5,4,1988,31.0,12.6,13.7,0.0,1015.8,74.5,3.22,0.14,1,73.0
FL-4927,Alaska,SFO,ATL,4,4,1,513,4.9,7.5,13.4,0.0,1009.6,66.4,1.0,0.14,0,0.0
FL-4928,Southwest,MIA,ATL,8,6,1,218,17.8,4.4,7.0,5.9,1006.7,71.9,3.28,0.22,1,106.0
FL-4929,JetBlue,JFK,BOS,5,5,3,1383,22.2,35.3,11.3,0.0,1015.2,63.4,1.62,0.25,0,0.0
FL-4930,American,SFO,DEN,16,3,12,1017,4.7,1.3,10.6,0.1,1007.9,85.2,2.72,0.2,0,0.0
FL-4931,United,LAX,BOS,18,3,7,321,7.9,2.5,12.8,0.4,1001.4,75.7,2.87,0.18,0,0.0
FL-4932,Southwest,LAX,DFW,22,6,9,2319,20.2,5.8,6.6,2.3,1015.8,44.6,1.0,0.22,0,0.0
FL-4933,Alaska,DEN,BOS,7,1,4,1278,-23.4,37.8,8.8,3.1,1012.4,52.6,2.58,0.14,1,51.0
FL-4934,United,BOS,SEA,6,3,2,2707,31.3,12.5,10.1,2.5,1011.5,67.9,1.0,0.18,0,0.0
FL-4935,United,JFK,DEN,4,0,6,368,2.9,7.0,14.5,0.0,1013.6,65.5,1.23,0.18,0,0.0
FL-4936,United,SFO,DFW,14,5,6,2829,15.5,7.7,10.2,0.0,1017.4,83.0,1.0,0.18,0,0.0
FL-4937,American,DEN,ORD,9,6,9,1372,-1.2,27.3,7.1,0.0,1002.5,85.9,2.21,0.2,0,0.0
FL-4938,Delta,MIA,DFW,23,0,4,828,30.8,0.4,11.0,0.0,1006.4,83.5,1.31,0.12,0,0.0
FL-4939,Southwest,DEN,ORD,15,1,8,225,15.0,0.2,7.0,5.0,1024.8,62.6,1.87,0.22,0,0.0
FL-4940,Delta,SFO,DFW,8,3,3,1471,17.6,0.7,4.9,0.0,1021.9,84.1,2.43,0.12,0,0.0
FL-4941,Delta,SEA,DFW,6,6,2,2968,21.7,9.5,9.5,0.0,1029.3,86.6,1.22,0.12,0,0.0
FL-4942,Delta,ORD,LAX,10,2,9,2146,28.1,13.1,10.8,0.0,1019.3,67.8,1.93,0.12,0,0.0
FL-4943,United,SFO,BOS,8,5,6,1929,1.6,14.7,10.6,1.5,1018.6,35.2,2.32,0.18,0,0.0
FL-4944,JetBlue,ATL,MIA,16,2,11,2056,11.8,19.7,10.2,0.0,1012.3,46.4,2.6,0.25,0,0.0
FL-4945,United,LAX,DEN,8,4,8,1233,30.2,3.2,15.0,0.0,1001.0,55.6,2.61,0.18,0,0.0
FL-4946,United,JFK,SFO,2,1,11,1318,9.7,4.6,14.7,0.0,1018.4,57.0,1.0,0.18,0,0.0
FL-4947,Alaska,JFK,DFW,21,4,10,2368,31.4,4.2,7.5,0.0,1012.4,51.3,1.58,0.14,0,0.0
FL-4948,Alaska,BOS,MIA,7,2,9,325,17.5,2.4,12.8,0.0,999.4,57.9,2.15,0.14,0,0.0
FL-4949,Delta,ORD,LAX,18,2,1,2796,9.9,4.2,15.0,1.9,1017.6,73.9,2.88,0.12,0,0.0
FL-4950,United,ATL,SEA,19,2,1,1292,23.3,14.3,15.0,0.0,1022.0,69.1,2.63,0.18,0,0.0
FL-4951,Delta,LAX,JFK,15,4,11,2544,13.2,6.8,13.0,1.0,1006.6,55.6,1.0,0.12,0,0.0
FL-4952,Alaska,JFK,LAX,6,6,5,885,25.2,21.9,9.6,3.1,1010.0,73.7,1.0,0.14,0,0.0
FL-4953,JetBlue,ATL,ORD,6,1,9,1172,9.3,11.5,6.1,0.0,1015.9,74.7,1.0,0.25,0,0.0
FL-4954,Southwest,DEN,DFW,19,5,7,834,25.3,3.6,7.1,0.0,1005.9,72.9,2.94,0.22,1,102.0
FL-4955,Delta,BOS,SFO,12,6,7,2629,20.3,9.4,11.6,0.3,1011.8,65.9,1.5,0.12,0,0.0
FL-4956,JetBlue,SFO,ATL,2,5,2,2207,10.9,13.5,10.9,0.0,1014.8,70.5,1.0,0.25,0,0.0
FL-4957,Southwest,SFO,MIA,11,0,3,1250,-6.9,30.2,10.2,1.7,1019.4,64.5,1.0,0.22,0,0.0
FL-4958,American,SEA,DEN,23,0,4,904,20.7,26.9,12.7,0.0,1012.9,59.3,1.0,0.2,0,0.0
FL-4959,Delta,LAX,ORD,7,2,2,2744,27.9,8.3,13.5,0.0,1017.2,76.5,2.35,0.12,0,0.0
FL-4960,Delta,ATL,LAX,12,1,10,906,17.3,15.6,13.5,0.0,1011.4,81.8,1.0,0.12,0,0.0
FL-4961,American,DFW,LAX,19,1,9,1831,-11.9,5.3,12.2,0.3,1014.2,50.5,3.47,0.2,0,0.0
FL-4962,American,JFK,ORD,15,3,5,2227,28.7,15.0,11.6,1.1,1015.9,100.0,1.64,0.2,0,0.0
FL-4963,Delta,MIA,BOS,6,3,7,2368,19.8,36.6,8.4,0.3,993.2,45.5,1.0,0.12,0,0.0
FL-4964,American,MIA,DFW,3,6,11,2208,22.4,14.7,10.3,0.0,1007.6,63.9,1.0,0.2,0,0.0
FL-4965,United,SFO,SEA,11,4,9,825,14.0,5.4,11.1,1.1,1022.1,76.0,1.0,0.18,0,0.0
FL-4966,Southwest,DFW,SFO,16,3,5,725,-8.2,15.5,9.8,0.0,996.8,69.8,2.93,0.22,0,0.0
FL-4967,Southwest,MIA,DFW,0,6,6,1797,22.0,35.0,5.2,1.4,1016.2,47.5,1.0,0.22,0,0.0
FL-4968,Southwest,ORD,JFK,16,5,4,1266,12.4,2.2,11.0,0.1,1024.1,68.8,3.0,0.22,0,0.0
FL-4969,United,ORD,DEN,1,5,8,2146,6.2,9.9,9.8,0.0,1022.1,92.1,1.2,0.18,0,0.0
FL-4970,American,LAX,DFW,5,6,1,2999,35.9,5.8,9.6,0.0,1019.7,61.3,1.0,0.2,0,0.0
FL-4971,JetBlue,DFW,ORD,11,4,1,295,22.1,4.1,11.7,2.7,1026.8,39.4,1.0,0.25,0,0.0
FL-4972,American,ORD,DEN,10,0,5,2274,17.6,7.6,11.7,0.0,1022.8,39.6,2.02,0.2,0,0.0
FL-4973,Delta,ORD,LAX,20,2,10,1035,4.6,7.5,13.6,0.0,1009.9,85.0,2.63,0.12,0,0.0
FL-4974,Alaska,SFO,SEA,10,1,9,2118,3.1,3.5,11.8,0.0,1018.7,58.7,2.47,0.14,0,0.0
FL-4975,Southwest,MIA,JFK,17,0,2,1465,21.0,7.8,8.8,0.0,1001.9,64.4,2.73,0.22,0,0.0
FL-4976,American,LAX,BOS,7,6,11,2734,-8.9,15.1,14.0,0.1,1020.8,70.6,2.5,0.2,0,0.0
FL-4977,JetBlue,ATL,SEA,6,5,3,2194,21.6,0.4,14.5,0.0,1012.4,20.0,1.0,0.25,0,0.0
FL-4978,Delta,DEN,JFK,13,0,8,439,22.3,68.0,9.9,0.0,1021.6,83.7,1.0,0.12,1,64.0
FL-4979,United,JFK,BOS,15,4,5,1527,31.5,5.3,13.7,0.0,1015.2,97.5,1.0,0.18,0,0.0
FL-4980,United,JFK,ORD,11,2,3,2314,26.8,14.7,10.5,0.0,1021.0,57.7,1.57,0.18,0,0.0
FL-4981,JetBlue,BOS,ORD,8,5,6,1342,28.7,5.0,13.4,1.2,1014.1,62.9,1.7,0.25,0,0.0
FL-4982,Delta,DEN,LAX,19,4,6,1615,7.8,7.5,14.0,0.4,1011.0,77.7,3.69,0.12,0,0.0
FL-4983,Southwest,DEN,SEA,22,6,5,2478,-2.6,12.0,8.1,0.0,1015.5,56.5,1.73,0.22,0,0.0
FL-4984,American,JFK,ORD,20,0,5,2598,17.1,14.2,14.2,0.6,1000.8,84.6,2.05,0.2,0,0.0
FL-4985,Delta,JFK,ORD,15,1,6,960,20.3,22.1,10.1,4.6,1012.2,74.3,1.63,0.12,0,0.0
FL-4986,United,ATL,JFK,20,3,2,1752,27.1,23.5,11.2,0.1,1009.4,87.7,2.31,0.18,0,0.0
FL-4987,JetBlue,DFW,MIA,18,4,6,1062,32.8,11.0,13.3,0.0,1002.0,44.0,3.22,0.25,1,96.0
FL-4988,JetBlue,DFW,LAX,15,5,2,1355,1.0,1.2,9.2,1.0,1007.4,71.4,1.78,0.25,0,0.0
FL-4989,American,ATL,SFO,8,0,3,556,25.3,12.2,13.0,3.9,1002.6,72.5,2.69,0.2,0,0.0
FL-4990,JetBlue,MIA,DFW,12,3,2,1871,-11.9,9.7,10.5,0.0,1000.7,77.8,1.27,0.25,0,0.0
FL-4991,JetBlue,DEN,ORD,4,3,1,1528,18.3,3.6,8.6,0.0,1008.4,62.7,1.4,0.25,0,0.0
FL-4992,Delta,SEA,ORD,21,0,12,1229,23.4,0.2,11.9,0.1,1017.0,48.4,2.55,0.12,1,52.0
FL-4993,Southwest,DEN,ORD,18,2,1,2576,-3.3,5.7,13.8,2.4,1001.0,38.4,2.7,0.22,1,43.0
FL-4994,American,BOS,SFO,9,0,9,2191,22.5,4.5,10.3,0.0,1012.6,55.2,3.12,0.2,0,0.0
FL-4995,Delta,JFK,DFW,6,5,4,2585,2.2,9.9,7.0,5.3,1014.6,53.6,1.0,0.12,0,0.0
FL-4996,Southwest,DEN,ORD,8,6,5,1081,10.3,21.5,9.0,0.1,1012.1,57.4,1.89,0.22,0,0.0
FL-4997,Delta,JFK,ORD,13,1,10,738,25.3,8.7,7.9,0.0,1019.7,61.6,1.18,0.12,0,0.0
FL-4998,Alaska,DEN,ORD,14,5,7,936,11.2,45.4,15.0,0.0,1037.9,42.0,1.48,0.14,1,68.0
FL-4999,Delta,BOS,ATL,12,6,2,2057,11.0,3.8,7.4,0.0,1026.2,46.5,1.31,0.12,0,0.0
FL-5000,JetBlue,MIA,SFO,9,3,12,1730,18.8,3.7,3.2,0.0,1007.9,56.7,2.3,0.25,0,0.0
FL-5001,Southwest,SEA,ATL,13,1,11,1969,24.6,13.9,8.8,0.0,1005.3,72.2,1.0,0.22,0,0.0
FL-5002,American,ORD,SEA,20,4,10,642,15.0,34.0,10.6,0.0,1009.3,53.3,2.58,0.2,1,47.0
FL-5003,American,ATL,ORD,22,3,9,1123,34.0,16.7,10.1,0.0,1017.1,72.1,1.15,0.2,0,0.0
FL-5004,Southwest,ATL,ORD,11,2,12,2298,11.0,16.8,10.5,0.0,1013.3,96.2,1.26,0.22,1,49.0
FL-5005,JetBlue,SEA,ORD,18,0,4,2396,29.8,24.6,6.2,0.0,1013.4,64.5,3.56,0.25,0,0.0
FL-5006,United,DEN,SEA,5,4,10,2150,21.4,16.6,10.2,0.7,1013.8,94.3,1.0,0.18,0,0.0
FL-5007,Delta,ORD,DFW,11,5,10,1810,23.1,21.4,7.0,0.3,1013.6,86.4,2.83,0.12,0,0.0
FL-5008,JetBlue,BOS,JFK,23,1,1,2041,1.1,30.2,12.7,0.6,1015.1,74.6,1.0,0.25,0,0.0
FL-5009,Alaska,DFW,LAX,12,4,8,567,29.6,0.1,6.6,0.0,1020.5,56.4,1.0,0.14,0,0.0
FL-5010,Southwest,DEN,LAX,7,2,4,779,16.4,32.5,9.7,2.0,1015.8,60.7,2.42,0.22,0,0.0
FL-5011,Delta,MIA,ORD,15,0,7,1970,42.7,3.6,7.6,0.0,1004.2,81.3,1.0,0.12,0,0.0
FL-5012,American,JFK,DEN,1,4,3,855,18.1,36.5,12.9,0.0,1020.4,66.2,1.31,0.2,1,51.0
FL-5013,United,LAX,SEA,21,5,11,2323,14.8,4.6,8.6,0.0,1021.7,99.5,1.32,0.18,0,0.0
FL-5014,Alaska,DEN,JFK,6,1,12,426,8.8,9.1,6.8,1.1,1011.8,59.3,1.33,0.14,0,0.0
FL-5015,American,LAX,BOS,11,4,9,1158,15.1,40.7,13.2,0.0,1015.5,62.8,1.75,0.2,0,0.0
FL-5016,Southwest,DEN,JFK,6,0,5,791,31.9,1.7,4.0,0.0,1009.3,98.9,1.5,0.22,0,0.0
FL-5017,Delta,SEA,LAX,18,5,5,223,24.4,20.5,12.1,1.4,1006.8,46.9,2.36,0.12,0,0.0
FL-5018,Southwest,LAX,ATL,13,4,3,1962,18.5,7.5,11.0,0.0,1007.8,100.0,1.0,0.22,0,0.0
FL-5019,Delta,DEN,MIA,8,1,11,2275,25.3,0.4,15.0,0.0,1008.3,25.9,2.2,0.12,0,0.0
FL-5020,JetBlue,ATL,BOS,17,0,9,2368,9.7,42.0,12.0,0.8,1024.5,49.7,2.91,0.25,1,114.0
FL-5021,United,LAX,ATL,10,2,3,1713,8.8,1.9,11.5,0.8,1012.4,44.7,3.13,0.18,0,0.0
FL-5022,JetBlue,DEN,SEA,15,2,2,1052,7.5,22.3,7.4,1.4,1006.5,34.9,1.38,0.25,0,0.0
FL-5023,JetBlue,DFW,BOS,18,3,11,2871,26.9,7.3,9.3,0.0,1011.1,52.6,2.94,0.25,0,0.0
FL-5024,Southwest,JFK,MIA,10,4,9,1568,28.1,25.0,10.8,0.0,1018.3,56.7,3.1,0.22,0,0.0
FL-5025,United,DFW,ATL,17,1,12,2222,5.4,20.8,14.3,1.7,1024.6,68.3,3.5,0.18,1,67.0
FL-5026,Delta,ORD,DFW,10,4,12,2278,6.9,15.0,7.7,0.0,1017.3,27.6,1.81,0.12,0,0.0
FL-5027,Delta,DEN,ATL,3,0,9,1878,13.4,42.0,4.5,0.0,1012.8,97.4,1.0,0.12,1,57.0
FL-5028,Alaska,SFO,DEN,17,3,10,249,2.7,1.6,10.2,0.0,1026.8,54.9,3.2,0.14,0,0.0
FL-5029,American,MIA,ATL,18,1,12,2973,17.8,24.0,5.2,0.0,1011.2,68.8,2.93,0.2,0,0.0
FL-5030,Alaska,DFW,SFO,12,4,4,2115,32.2,16.7,12.4,0.0,1010.7,53.9,1.38,0.14,0,0.0
FL-5031,Alaska,LAX,BOS,3,1,4,2636,19.4,5.7,14.5,4.7,1003.8,65.1,1.0,0.14,0,0.0
FL-5032,Delta,SEA,DEN,9,0,11,2004,27.3,11.8,13.1,1.1,1008.1,69.8,2.91,0.12,0,0.0
FL-5033,Southwest,MIA,SEA,21,3,10,1930,-0.8,15.5,8.5,0.0,1003.7,77.2,1.0,0.22,0,0.0
FL-5034,JetBlue,SFO,DFW,4,1,6,1989,9.0,20.0,14.9,0.0,1002.6,33.4,1.3,0.25,0,0.0
FL-5035,JetBlue,BOS,DFW,2,0,9,1214,-7.8,3.1,7.7,1.5,1012.3,97.4,1.2,0.25,0,0.0
FL-5036,JetBlue,DEN,MIA,15,2,8,2722,14.3,1.6,7.1,0.0,1009.1,20.0,1.0,0.25,0,0.0
FL-5037,United,SEA,MIA,7,1,10,2850,41.2,1.6,14.3,0.0,1022.6,69.4,3.35,0.18,1,75.0
FL-5038,Delta,DEN,BOS,23,3,3,1229,36.2,5.2,8.9,4.2,1015.4,70.2,1.0,0.12,0,0.0
FL-5039,Southwest,ORD,LAX,6,6,6,611,19.6,2.5,10.5,0.0,1018.5,52.2,2.11,0.22,0,0.0
FL-5040,United,SFO,ORD,18,5,7,2181,16.0,11.5,13.0,0.0,1016.8,62.9,2.09,0.18,1,63.0
FL-5041,American,DEN,LAX,13,5,6,861,20.8,8.6,6.7,0.0,1004.4,68.5,1.0,0.2,0,0.0
FL-5042,Southwest,LAX,MIA,14,1,3,1547,0.9,33.5,8.4,0.0,1011.4,49.3,1.12,0.22,0,0.0
FL-5043,Alaska,ORD,LAX,16,1,9,1505,17.9,19.0,8.2,0.0,1016.4,20.0,2.23,0.14,0,0.0
FL-5044,Southwest,ATL,LAX,20,0,4,390,-10.7,3.5,9.3,0.0,999.1,56.4,2.73,0.22,0,0.0
FL-5045,Southwest,BOS,LAX,0,4,2,784,-15.7,0.7,7.9,1.3,998.9,98.8,1.42,0.22,1,103.0
FL-5046,JetBlue,SFO,ATL,5,5,9,1158,10.8,18.5,11.1,0.0,1014.5,45.9,1.0,0.25,0,0.0
FL-5047,Southwest,JFK,LAX,22,4,3,2053,43.5,28.0,11.1,0.6,1011.0,55.0,1.37,0.22,0,0.0
FL-5048,Alaska,SEA,LAX,14,5,6,699,35.0,18.1,10.0,0.8,985.1,56.1,1.71,0.14,0,0.0
FL-5049,Alaska,DFW,ORD,11,1,5,779,28.7,15.5,10.7,1.0,998.6,56.0,1.25,0.14,0,0.0
FL-5050,Delta,DEN,MIA,20,3,2,1015,15.2,4.3,8.0,1.0,1005.2,37.4,2.49,0.12,0,0.0
FL-5051,Southwest,SEA,JFK,19,3,1,1676,33.7,10.2,10.1,0.4,1017.0,79.9,2.94,0.22,1,44.0
FL-5052,JetBlue,SEA,SFO,1,6,9,1716,8.9,19.4,4.9,0.0,1009.0,70.6,1.0,0.25,0,0.0
FL-5053,Southwest,JFK,ATL,4,5,3,1869,0.8,3.2,13.0,3.1,1022.2,59.3,1.07,0.22,0,0.0
FL-5054,American,JFK,ATL,8,5,7,2237,8.2,9.7,8.3,0.0,1007.2,43.6,2.29,0.2,0,0.0
FL-5055,American,ORD,DFW,19,0,9,1530,-4.3,1.9,8.4,0.0,1008.6,52.8,3.05,0.2,1,88.0
FL-5056,JetBlue,SFO,ATL,13,1,9,979,42.2,11.3,7.2,0.1,1031.5,73.7,1.44,0.25,0,0.0
FL-5057,Delta,LAX,MIA,17,1,12,1349,21.5,12.8,10.4,0.2,1019.8,71.9,1.74,0.12,0,0.0
FL-5058,Delta,BOS,ORD,21,6,10,2512,4.6,11.5,8.4,0.0,1021.4,63.4,1.3,0.12,0,0.0
FL-5059,Alaska,JFK,SEA,7,4,6,206,14.0,9.5,11.9,4.8,1007.1,74.2,2.16,0.14,0,0.0
FL-5060,Alaska,JFK,SEA,1,0,8,1636,13.7,13.3,6.9,0.0,1011.1,100.0,1.0,0.14,0,0.0
FL-5061,United,DFW,MIA,8,2,9,894,32.2,70.0,10.4,0.0,1013.2,84.8,1.66,0.18,1,75.0
FL-5062,JetBlue,ATL,LAX,6,3,3,1191,41.9,14.6,11.3,0.0,1011.2,41.7,1.21,0.25,0,0.0
FL-5063,Southwest,JFK,SFO,17,3,6,1666,28.0,20.9,12.4,0.0,1014.3,95.4,2.86,0.22,0,0.0
FL-5064,JetBlue,ATL,DEN,15,1,5,2175,23.9,3.2,12.0,0.0,1014.3,60.5,1.76,0.25,0,0.0
FL-5065,United,ORD,DFW,20,6,7,947,18.8,11.3,7.3,0.0,1011.5,78.6,3.7,0.18,1,109.0
FL-5066,Alaska,LAX,SFO,4,0,7,345,16.4,0.1,10.2,0.0,1011.0,59.7,1.0,0.14,0,0.0
FL-5067,JetBlue,SEA,BOS,22,2,9,2488,16.1,0.5,9.7,0.8,1024.1,33.2,1.0,0.25,0,0.0
FL-5068,JetBlue,JFK,MIA,14,3,1,1056,16.4,5.8,6.9,0.0,1006.1,69.1,1.7,0.25,0,0.0
FL-5069,Alaska,DEN,LAX,4,0,6,486,12.6,9.4,9.9,0.0,1009.3,89.3,1.0,0.14,0,0.0
FL-5070,United,ATL,JFK,10,2,5,1151,9.6,12.9,5.8,0.0,1001.5,46.9,3.38,0.18,0,0.0
FL-5071,Alaska,DFW,LAX,21,5,4,225,2.3,32.8,10.7,1.5,1005.6,57.3,1.0,0.14,0,0.0
FL-5072,Delta,BOS,ORD,13,1,10,651,12.2,22.2,13.6,6.3,1009.2,100.0,1.18,0.12,0,0.0
FL-5073,Southwest,DFW,LAX,18,4,12,2353,-0.7,5.3,13.0,1.3,1013.9,88.1,3.04,0.22,0,0.0
FL-5074,Alaska,JFK,ATL,2,3,11,439,8.2,20.4,11.2,0.0,1019.7,81.1,1.1,0.14,0,0.0
FL-5075,United,SFO,BOS,23,3,1,531,13.7,12.0,10.8,0.0,1019.9,77.2,1.41,0.18,0,0.0
FL-5076,American,SEA,ATL,9,2,4,2114,18.1,22.7,9.7,0.0,1023.8,70.3,2.07,0.2,0,0.0
FL-5077,Delta,LAX,BOS,5,4,10,1265,17.9,7.9,15.0,0.0,1005.1,49.1,1.08,0.12,0,0.0
FL-5078,American,DEN,ORD,2,5,11,844,20.9,1.4,9.4,0.0,1006.2,55.6,1.07,0.2,0,0.0
FL-5079,Alaska,SFO,JFK,1,0,7,2052,19.9,14.5,6.0,0.0,1004.3,88.7,1.15,0.14,0,0.0
FL-5080,Delta,DFW,SFO,12,1,4,234,36.5,12.2,12.3,0.0,1027.3,62.1,1.58,0.12,0,0.0
FL-5081,Southwest,ATL,LAX,17,0,1,2631,34.9,46.1,11.4,0.8,1017.5,33.0,3.0,0.22,1,111.0
FL-5082,Alaska,ATL,DFW,1,2,10,1010,10.4,2.7,6.7,0.3,1020.1,66.8,1.23,0.14,0,0.0
FL-5083,Southwest,SFO,LAX,14,3,1,1511,26.0,16.0,8.8,0.0,1003.8,29.7,1.83,0.22,0,0.0
FL-5084,JetBlue,ATL,LAX,4,5,1,2995,12.9,9.6,10.5,0.0,1012.9,52.3,1.39,0.25,0,0.0
FL-5085,American,DFW,ORD,14,3,11,2094,-5.1,7.1,8.3,1.8,1017.5,33.6,1.04,0.2,0,0.0
FL-5086,Delta,SFO,DFW,20,0,10,1256,23.0,23.7,12.8,0.0,1001.6,64.9,2.79,0.12,0,0.0
FL-5087,Southwest,DFW,ATL,16,5,5,2342,8.7,25.0,7.7,2.3,1009.0,69.5,3.65,0.22,1,57.0
FL-5088,United,DEN,LAX,1,6,7,404,6.9,18.8,9.2,0.0,1016.5,91.6,1.0,0.18,0,0.0
FL-5089,Southwest,SEA,LAX,17,1,9,2277,8.0,1.3,8.7,0.0,995.6,75.4,3.25,0.22,0,0.0
FL-5090,United,BOS,SFO,14,2,8,2513,5.9,6.3,11.4,0.0,1024.9,56.2,1.09,0.18,0,0.0
FL-5091,Alaska,DEN,MIA,19,1,2,2270,37.0,0.7,11.9,4.1,1018.3,48.6,3.21,0.14,1,56.0
FL-5092,Delta,DEN,SFO,22,2,9,2856,0.5,6.3,11.3,1.2,1003.8,73.1,1.46,0.12,0,0.0
FL-5093,Southwest,ATL,MIA,2,1,4,238,13.2,15.7,4.5,0.0,1012.6,34.6,1.0,0.22,0,0.0
FL-5094,Southwest,JFK,LAX,4,6,12,372,-5.3,11.0,10.5,2.0,1016.8,92.3,1.0,0.22,1,65.0
FL-5095,Delta,MIA,SFO,10,0,10,959,6.2,18.2,11.4,0.0,1014.0,72.7,1.84,0.12,0,0.0
FL-5096,Southwest,ATL,ORD,8,4,11,2114,-0.8,12.0,11.8,0.0,1012.5,43.9,2.52,0.22,0,0.0
FL-5097,United,JFK,LAX,4,5,5,613,21.2,12.2,9.5,1.7,1012.1,50.4,1.51,0.18,0,0.0
FL-5098,Southwest,DFW,SEA,0,2,12,891,-3.3,10.7,10.1,0.0,1019.2,55.5,1.0,0.22,0,0.0
FL-5099,American,MIA,ATL,13,0,11,2862,32.2,6.8,8.3,4.8,1019.5,63.4,1.0,0.2,0,0.0
FL-5100,Alaska,ATL,SEA,4,3,5,2456,-0.8,8.9,13.8,2.3,1018.6,70.4,1.0,0.14,0,0.0
FL-5101,JetBlue,MIA,ATL,7,3,4,221,2.5,1.8,6.0,0.0,1018.6,60.1,2.75,0.25,0,0.0
FL-5102,United,MIA,ATL,20,1,6,2252,23.1,27.0,11.4,1.9,1016.9,70.9,3.0,0.18,0,0.0
FL-5103,American,ORD,DFW,13,3,1,2898,37.5,33.0,7.0,0.0,1017.7,56.6,1.28,0.2,0,0.0
FL-5104,Alaska,SEA,SFO,15,4,2,413,9.8,21.8,8.6,0.0,1026.4,91.0,1.39,0.14,0,0.0
FL-5105,Delta,ORD,BOS,5,2,4,1895,22.1,13.1,9.9,0.0,1012.1,78.8,1.51,0.12,0,0.0
FL-5106,United,JFK,SFO,7,1,4,1119,2.5,12.6,4.0,1.7,999.4,84.7,2.11,0.18,0,0.0
FL-5107,JetBlue,LAX,SEA,1,2,8,1106,8.9,9.5,5.8,0.0,1022.9,71.6,1.88,0.25,1,67.0
FL-5108,Alaska,SFO,SEA,18,2,9,2919,13.7,3.9,5.2,0.9,1016.6,86.1,3.0,0.14,0,0.0
FL-5109,JetBlue,BOS,ATL,8,6,12,2914,5.1,7.3,11.3,3.3,1017.2,26.8,2.81,0.25,0,0.0
FL-5110,Delta,LAX,BOS,4,0,4,999,28.7,68.9,13.1,0.0,1006.0,64.7,1.02,0.12,0,0.0
FL-5111,Delta,SFO,BOS,4,3,6,2564,24.6,2.4,5.2,0.0,999.7,92.1,1.31,0.12,0,0.0
FL-5112,United,JFK,SFO,18,5,4,992,8.6,11.7,9.5,0.7,1015.3,83.2,2.75,0.18,0,0.0
FL-5113,Southwest,JFK,DEN,3,2,4,775,-14.4,30.2,10.8,1.3,1010.9,76.0,1.0,0.22,0,0.0
FL-5114,Delta,DFW,SFO,15,4,12,1927,6.3,9.0,10.8,0.0,1012.9,52.5,1.16,0.12,0,0.0
FL-5115,Alaska,BOS,ORD,15,6,11,1647,30.1,14.0,15.0,0.0,1008.8,77.3,1.49,0.14,0,0.0
FL-5116,Southwest,SEA,MIA,15,4,12,290,13.5,26.4,10.5,0.4,1013.4,73.6,1.66,0.22,0,0.0
FL-5117,American,MIA,BOS,6,5,9,1265,27.3,11.9,7.2,0.0,1007.6,41.5,1.0,0.2,0,0.0
FL-5118,JetBlue,ORD,DFW,17,3,4,960,34.8,19.7,12.2,0.0,1025.0,83.8,3.45,0.25,0,0.0
FL-5119,Southwest,ORD,BOS,23,3,6,969,22.3,6.4,14.8,1.5,1011.4,61.8,1.17,0.22,0,0.0
FL-5120,JetBlue,JFK,BOS,20,1,9,1560,28.6,19.8,6.1,6.8,1019.9,47.2,3.03,0.25,1,131.0
FL-5121,Southwest,ORD,MIA,0,1,3,2248,8.2,0.6,11.6,0.0,1016.8,43.0,1.1,0.22,0,0.0
FL-5122,American,JFK,SEA,2,1,7,2356,29.0,2.5,10.1,0.4,1023.4,55.7,1.0,0.2,0,0.0
FL-5123,Delta,MIA,ORD,20,3,7,2202,12.5,15.2,7.1,0.0,1014.4,69.7,3.24,0.12,0,0.0
FL-5124,American,JFK,SFO,7,2,1,1287,5.8,8.9,8.1,0.1,1020.4,57.0,1.65,0.2,0,0.0
FL-5125,Delta,DFW,ORD,0,0,11,405,40.4,26.4,14.8,0.0,1018.8,48.8,1.0,0.12,0,0.0
FL-5126,Delta,SEA,DEN,6,5,2,2837,14.8,6.3,12.3,1.8,1025.4,52.6,1.0,0.12,0,0.0
FL-5127,JetBlue,DEN,SFO,6,6,5,822,6.4,21.9,11.3,0.0,1018.7,68.3,1.39,0.25,0,0.0
FL-5128,Alaska,ATL,ORD,7,5,8,1877,20.1,2.2,5.5,0.5,1006.8,82.2,2.71,0.14,0,0.0
FL-5129,American,SEA,BOS,18,5,6,1751,2.0,39.9,12.0,0.3,1011.5,66.1,3.07,0.2,1,81.0
FL-5130,Southwest,SEA,JFK,16,1,7,2900,-0.1,8.1,13.3,2.5,1003.3,97.0,3.64,0.22,1,61.0
FL-5131,American,LAX,ATL,10,0,3,2071,12.5,3.9,5.9,0.0,1010.5,48.9,2.28,0.2,0,0.0
FL-5132,JetBlue,BOS,DEN,14,4,6,278,-2.3,23.3,10.1,2.3,1002.0,53.4,1.21,0.25,0,0.0
FL-5133,Delta,BOS,ORD,8,3,9,2662,9.3,44.3,13.0,0.0,1019.0,75.1,2.32,0.12,1,84.0
FL-5134,JetBlue,SFO,ORD,16,4,3,1676,-0.7,37.5,12.6,0.0,998.6,62.0,2.85,0.25,1,59.0
FL-5135,United,ATL,LAX,10,1,6,1372,26.8,4.1,11.9,0.0,1004.5,85.5,3.27,0.18,1,59.0
FL-5136,United,MIA,BOS,5,2,7,838,35.2,16.7,10.1,0.0,1015.6,40.5,1.0,0.18,0,0.0
FL-5137,Southwest,DEN,ATL,8,6,5,1893,-1.7,11.9,13.3,0.0,1019.4,70.2,2.62,0.22,0,0.0
FL-5138,JetBlue,DEN,SFO,17,6,10,1261,40.6,19.4,10.5,1.0,996.9,77.4,2.99,0.25,0,0.0
FL-5139,Southwest,BOS,LAX,19,1,8,2580,24.1,10.0,11.7,0.6,1016.0,32.4,2.98,0.22,0,0.0
FL-5140,Southwest,SEA,BOS,1,0,8,2535,17.9,9.5,11.0,0.0,1018.2,41.3,1.25,0.22,0,0.0
FL-5141,United,DFW,MIA,3,6,6,1925,-3.3,32.1,6.8,0.0,999.5,53.8,1.0,0.18,0,0.0
FL-5142,Southwest,SFO,DFW,17,1,7,1841,-4.7,30.7,7.2,0.0,998.7,40.6,2.46,0.22,0,0.0
FL-5143,United,JFK,MIA,0,5,3,1314,14.6,23.2,5.6,4.2,1013.1,63.4,1.0,0.18,0,0.0
FL-5144,Delta,SFO,ATL,10,2,7,2089,12.9,18.3,8.9,0.0,1016.8,77.3,2.39,0.12,0,0.0
FL-5145,JetBlue,LAX,MIA,2,2,7,360,11.5,17.0,12.4,0.0,1009.3,55.4,1.35,0.25,0,0.0
FL-5146,Southwest,SFO,LAX,7,3,4,1625,15.6,0.9,11.0,0.0,1014.7,78.3,2.99,0.22,0,0.0
FL-5147,United,SEA,DEN,4,3,10,1933,6.4,20.8,9.9,0.0,1013.1,46.5,1.0,0.18,1,55.0
FL-5148,American,MIA,ATL,19,5,4,519,12.3,15.2,14.1,0.0,1029.0,50.8,2.47,0.2,0,0.0
FL-5149,Southwest,SEA,ATL,20,2,3,2611,14.9,5.4,9.1,0.0,995.1,52.7,2.84,0.22,0,0.0
FL-5150,Alaska,BOS,JFK,21,5,10,2722,45.9,25.7,11.7,1.3,1009.2,61.2,1.0,0.14,1,63.0
FL-5151,Delta,MIA,ORD,21,2,7,965,-12.2,26.8,9.0,1.9,1009.9,35.3,1.04,0.12,0,0.0
FL-5152,Delta,ORD,SFO,4,0,5,801,19.5,40.4,5.5,0.2,999.3,38.8,1.47,0.12,0,0.0
FL-5153,American,MIA,DFW,10,1,3,2559,16.0,8.1,7.7,0.0,1015.9,36.1,2.66,0.2,0,0.0
FL-5154,United,SFO,LAX,11,3,6,1755,15.2,12.0,7.7,0.0,1008.5,69.2,1.33,0.18,0,0.0
FL-5155,Southwest,SFO,ATL,21,0,12,788,19.4,35.5,5.7,0.0,1005.9,71.1,1.0,0.22,1,175.0
FL-5156,United,SFO,JFK,8,6,6,1443,38.8,5.7,9.5,0.0,1003.0,20.0,2.13,0.18,0,0.0
FL-5157,Delta,ORD,BOS,20,1,6,1897,19.1,23.9,7.8,0.0,1013.8,94.6,2.68,0.12,0,0.0
FL-5158,United,BOS,JFK,12,3,2,1720,-2.9,70.0,14.5,0.0,1016.9,29.8,1.0,0.18,0,0.0
FL-5159,Delta,JFK,DEN,21,6,11,2590,19.3,15.8,9.3,1.5,1011.6,81.3,1.08,0.12,0,0.0
FL-5160,United,ATL,MIA,19,5,10,1105,13.1,61.8,7.5,0.0,1020.3,84.0,2.97,0.18,1,101.0
FL-5161,American,BOS,ORD,2,6,12,1850,7.6,10.9,6.7,0.0,1016.0,85.5,1.0,0.2,0,0.0
FL-5162,JetBlue,SFO,JFK,12,0,7,1317,17.2,2.5,6.6,0.0,1027.5,53.3,1.0,0.25,0,0.0
FL-5163,American,BOS,DEN,21,4,7,1724,13.6,2.9,12.6,0.0,1004.3,67.0,1.0,0.2,0,0.0
FL-5164,American,LAX,ATL,10,6,10,371,12.3,19.7,12.9,1.4,1001.7,61.7,1.89,0.2,0,0.0
FL-5165,JetBlue,DEN,SFO,10,4,12,825,13.8,0.0,4.0,0.0,1017.8,97.5,2.83,0.25,0,0.0
FL-5166,JetBlue,DEN,SFO,20,3,4,2245,0.9,16.3,15.0,10.6,1010.8,60.2,2.97,0.25,1,141.0
FL-5167,Southwest,ATL,DFW,19,0,11,881,23.6,2.5,10.2,0.0,1002.3,90.0,3.04,0.22,0,0.0
FL-5168,Southwest,ATL,DEN,20,6,6,1544,13.3,62.4,13.1,0.0,1005.1,46.7,3.12,0.22,1,94.0
FL-5169,American,JFK,DFW,6,1,4,2183,18.2,2.7,7.6,0.0,1019.0,53.8,1.0,0.2,0,0.0
FL-5170,American,LAX,SEA,16,6,4,510,4.6,12.1,7.0,0.0,1020.6,59.6,3.15,0.2,0,0.0
FL-5171,Delta,SEA,BOS,15,1,6,2135,1.6,16.6,9.3,2.1,1019.2,65.3,1.97,0.12,0,0.0
FL-5172,Delta,BOS,LAX,13,0,9,2677,10.5,25.7,11.1,1.1,1013.8,64.0,1.57,0.12,0,0.0
FL-5173,Southwest,MIA,DEN,0,4,12,2185,14.7,9.2,10.7,0.0,1011.2,54.3,1.0,0.22,0,0.0
FL-5174,Alaska,MIA,BOS,10,0,7,1723,10.1,40.7,13.5,3.0,1011.5,27.0,1.62,0.14,1,167.0
FL-5175,Alaska,SEA,BOS,12,4,2,484,16.0,9.8,4.7,0.0,1015.0,42.3,1.49,0.14,0,0.0
FL-5176,Southwest,DEN,DFW,0,4,6,1483,-10.8,4.4,12.7,0.0,1014.4,74.9,1.24,0.22,1,43.0
FL-5177,Delta,SEA,JFK,1,5,5,2742,39.0,13.5,11.5,0.5,1005.2,80.8,1.27,0.12,0,0.0
FL-5178,Delta,BOS,SFO,8,5,6,554,5.8,16.1,10.9,0.0,1021.1,59.9,2.22,0.12,0,0.0
FL-5179,Alaska,LAX,SEA,12,1,8,2461,1.1,10.6,6.0,4.6,1013.4,50.4,1.0,0.14,0,0.0
FL-5180,United,SFO,JFK,4,3,8,399,28.7,19.8,7.6,2.0,995.3,34.7,1.08,0.18,0,0.0
FL-5181,United,ORD,LAX,8,2,3,2383,1.0,8.2,11.9,1.1,1003.0,89.9,2.68,0.18,0,0.0
FL-5182,Delta,SFO,JFK,12,0,9,2113,17.4,0.1,2.6,0.1,1009.7,74.7,2.02,0.12,0,0.0
FL-5183,United,ORD,SFO,4,4,6,1147,1.0,4.6,4.3,0.0,1014.7,42.9,1.41,0.18,0,0.0
FL-5184,JetBlue,MIA,LAX,14,0,7,2875,11.4,43.8,11.4,0.9,1013.1,71.0,1.13,0.25,1,82.0
FL-5185,Southwest,ATL,DFW,6,3,9,1116,11.5,21.6,11.7,1.5,1007.4,66.3,1.0,0.22,0,0.0
FL-5186,Southwest,BOS,JFK,13,3,7,1564,6.0,3.2,7.8,0.0,1022.9,83.7,1.13,0.22,0,0.0
FL-5187,Delta,SFO,MIA,15,2,10,2052,25.5,1.0,7.8,3.3,1019.0,68.0,1.07,0.12,1,61.0
FL-5188,American,SEA,MIA,5,6,9,541,32.0,6.5,12.9,4.0,1012.7,63.4,1.0,0.2,0,0.0
FL-5189,Alaska,LAX,SFO,1,2,1,587,5.8,27.1,12.7,2.0,1000.5,76.1,1.31,0.14,0,0.0
FL-5190,Delta,LAX,ORD,15,4,1,203,16.6,1.7,9.0,4.7,1010.6,82.7,1.66,0.12,0,0.0
FL-5191,United,DEN,SEA,18,5,3,876,-0.8,11.8,6.3,0.0,1010.0,65.2,3.97,0.18,1,58.0
FL-5192,Alaska,LAX,JFK,4,6,9,1862,16.3,4.8,14.4,3.1,999.5,44.8,1.07,0.14,0,0.0
FL-5193,American,LAX,MIA,3,2,1,2646,24.9,19.4,6.1,2.3,1017.2,75.4,1.0,0.2,0,0.0
FL-5194,United,ATL,JFK,13,5,1,2658,16.4,0.0,12.0,0.0,1014.5,76.2,1.62,0.18,0,0.0
FL-5195,JetBlue,SEA,SFO,5,6,5,412,8.2,4.9,13.6,0.0,1005.2,70.7,1.0,0.25,0,0.0
FL-5196,United,MIA,SFO,7,5,8,759,11.9,17.1,10.0,2.9,1015.0,72.5,2.59,0.18,0,0.0
FL-5197,JetBlue,LAX,SFO,23,4,2,757,9.2,11.9,8.2,0.0,1020.8,55.8,1.0,0.25,0,0.0
FL-5198,Alaska,MIA,LAX,2,1,4,2805,12.5,22.6,5.2,0.2,1017.1,67.4,1.57,0.14,0,0.0
FL-5199,JetBlue,ATL,LAX,3,5,6,2749,7.2,2.6,10.2,1.4,1008.3,82.3,1.0,0.25,0,0.0
FL-5200,Alaska,LAX,BOS,0,4,1,2891,17.1,11.4,5.6,0.0,1032.2,72.7,1.44,0.14,0,0.0
FL-5201,Alaska,BOS,DFW,1,2,4,2194,0.6,3.3,10.9,0.0,1016.5,82.0,1.04,0.14,0,0.0
FL-5202,Alaska,DEN,DFW,12,0,4,2778,-18.5,15.3,3.9,0.0,1008.0,81.7,1.29,0.14,0,0.0
FL-5203,Alaska,SFO,MIA,8,2,9,1152,27.8,2.1,5.0,0.0,1026.0,97.8,2.36,0.14,0,0.0
FL-5204,Alaska,BOS,SFO,11,3,9,674,14.3,2.4,10.4,0.0,998.6,85.6,1.17,0.14,0,0.0
FL-5205,United,DFW,LAX,9,2,6,1967,16.4,6.0,12.5,0.0,1003.7,55.2,2.98,0.18,0,0.0
FL-5206,Alaska,JFK,LAX,9,1,8,241,6.0,7.7,9.1,2.9,1009.1,57.0,2.26,0.14,0,0.0
FL-5207,United,LAX,SFO,17,4,12,2851,9.8,10.4,13.2,0.4,1020.8,32.0,3.19,0.18,0,0.0
FL-5208,Alaska,MIA,ATL,11,5,10,2295,2.2,13.0,8.3,0.0,1007.7,50.6,1.63,0.14,0,0.0
FL-5209,JetBlue,JFK,ATL,21,3,4,2186,29.1,9.5,15.0,0.0,1012.0,73.6,1.0,0.25,1,76.0
FL-5210,Alaska,ORD,LAX,15,4,10,927,9.0,0.7,6.0,0.0,1005.6,81.4,1.0,0.14,0,0.0
FL-5211,American,LAX,ORD,22,4,8,2468,-3.5,6.3,7.9,1.5,1018.6,48.2,1.0,0.2,0,0.0
FL-5212,Alaska,DFW,ATL,5,5,3,1844,23.1,1.0,14.1,0.0,1016.8,79.7,1.0,0.14,0,0.0
FL-5213,Alaska,ATL,LAX,23,6,2,1139,28.6,1.9,9.2,0.0,1001.4,67.7,1.0,0.14,0,0.0
FL-5214,JetBlue,DEN,ATL,23,2,6,542,12.8,1.5,12.8,0.0,1012.6,85.6,1.05,0.25,0,0.0
FL-5215,Southwest,DFW,ORD,20,0,5,2402,33.1,2.6,6.0,0.0,1015.0,86.3,3.88,0.22,1,66.0
FL-5216,JetBlue,MIA,BOS,23,6,8,1040,18.5,25.1,7.1,0.0,1011.5,72.2,1.06,0.25,0,0.0
FL-5217,American,ATL,MIA,9,3,1,2227,13.5,14.8,11.8,0.0,1012.4,59.1,3.54,0.2,1,68.0
FL-5218,Southwest,SFO,ORD,14,5,11,2634,13.9,10.6,5.7,0.0,1007.5,70.6,1.0,0.22,0,0.0
FL-5219,Delta,ATL,SEA,8,1,12,1093,21.0,19.8,6.4,0.0,1019.6,82.8,1.9,0.12,0,0.0
FL-5220,Delta,LAX,BOS,23,1,10,2132,27.9,48.7,9.7,0.0,1006.9,87.4,1.0,0.12,0,0.0
FL-5221,American,JFK,MIA,1,0,3,1538,21.2,8.1,14.0,0.0,1020.5,59.9,1.0,0.2,0,0.0
FL-5222,JetBlue,JFK,DEN,17,0,7,237,18.1,6.9,11.1,1.2,1013.0,88.5,3.05,0.25,0,0.0
FL-5223,United,MIA,ATL,11,2,10,1564,15.9,57.1,9.4,0.0,1009.0,62.4,1.0,0.18,0,0.0
FL-5224,American,ATL,SFO,2,1,12,1050,23.4,22.1,10.5,0.0,1012.5,100.0,1.0,0.2,1,74.0
FL-5225,Southwest,DFW,SEA,6,3,4,2976,7.4,22.5,4.8,0.0,1013.7,56.0,1.0,0.22,0,0.0
FL-5226,Southwest,MIA,ORD,8,5,10,430,-3.1,13.7,8.3,0.0,1010.2,49.7,2.51,0.22,0,0.0
FL-5227,Alaska,DEN,LAX,7,0,5,2699,17.2,10.6,11.3,0.0,1010.0,81.1,2.66,0.14,1,46.0
FL-5228,Delta,MIA,ORD,5,0,8,1565,2.9,12.0,10.7,0.0,1005.0,79.0,1.0,0.12,0,0.0
FL-5229,Southwest,MIA,DEN,0,0,1,2504,-2.9,15.8,11.8,0.0,1024.5,43.8,1.29,0.22,0,0.0
FL-5230,American,SFO,SEA,13,5,1,2681,34.4,7.1,12.1,0.0,1006.5,63.7,1.0,0.2,0,0.0
FL-5231,Southwest,BOS,JFK,15,3,12,408,-24.9,22.9,10.7,0.6,1003.3,75.7,1.0,0.22,0,0.0
FL-5232,American,LAX,MIA,15,1,7,1424,22.5,36.0,2.5,0.0,1016.5,65.8,1.63,0.2,1,101.0
FL-5233,United,SFO,BOS,3,6,12,2384,2.1,12.7,11.0,0.0,997.9,82.1,1.82,0.18,0,0.0
FL-5234,Alaska,JFK,ATL,5,3,9,2812,5.4,7.2,8.5,0.0,1013.2,72.5,1.0,0.14,0,0.0
FL-5235,Delta,JFK,ATL,14,5,4,2968,20.2,17.8,8.8,0.0,1004.1,80.0,1.12,0.12,0,0.0
FL-5236,Southwest,ORD,SEA,21,3,8,2283,42.9,3.0,8.9,0.0,1016.5,69.6,1.0,0.22,0,0.0
FL-5237,American,ORD,DFW,7,2,10,1438,23.4,51.9,10.9,9.9,1011.5,83.3,2.0,0.2,1,123.0
FL-5238,JetBlue,DFW,SEA,0,6,7,2274,2.8,16.1,5.6,0.0,1005.9,83.6,1.12,0.25,0,0.0
FL-5239,Delta,JFK,SFO,12,5,2,2265,14.5,1.0,4.9,0.0,1011.6,68.3,1.13,0.12,0,0.0
FL-5240,United,BOS,ORD,17,6,5,829,11.5,11.3,6.3,1.8,1016.5,64.7,2.78,0.18,1,52.0
FL-5241,American,SFO,ATL,17,6,9,778,-9.9,20.8,12.8,1.4,1009.4,58.8,2.82,0.2,0,0.0
FL-5242,Alaska,DEN,ATL,12,0,9,1102,15.7,4.9,8.7,0.0,1010.0,60.2,1.0,0.14,0,0.0
FL-5243,Alaska,BOS,MIA,21,1,3,2049,6.9,0.8,11.5,0.0,1020.4,70.8,1.56,0.14,0,0.0
FL-5244,United,ORD,DEN,13,6,11,1253,23.9,10.1,11.4,1.9,1016.3,78.3,1.0,0.18,0,0.0
FL-5245,United,ATL,MIA,10,2,12,322,11.3,26.9,11.2,0.8,1009.2,86.0,2.04,0.18,0,0.0
FL-5246,Alaska,BOS,SEA,6,2,3,1156,33.6,4.3,11.6,0.0,1013.6,34.4,1.0,0.14,0,0.0
FL-5247,Southwest,BOS,SFO,17,5,2,1200,19.2,18.9,8.4,1.2,1010.4,23.8,2.84,0.22,0,0.0
FL-5248,Southwest,BOS,ORD,20,4,7,1186,17.6,7.9,12.0,1.2,1021.3,62.4,2.61,0.22,0,0.0
FL-5249,American,BOS,ORD,21,0,6,1451,38.6,0.9,11.1,0.7,999.4,67.4,1.0,0.2,0,0.0
FL-5250,JetBlue,BOS,ORD,3,1,5,537,18.6,5.4,5.2,0.0,1017.4,30.0,1.0,0.25,0,0.0
FL-5251,American,ORD,LAX,16,1,7,1190,34.7,5.7,10.2,0.0,1016.9,69.1,2.45,0.2,0,0.0
FL-5252,JetBlue,JFK,LAX,18,1,4,2520,1.4,35.3,9.6,0.0,1007.1,44.9,3.03,0.25,1,72.0
FL-5253,United,MIA,JFK,13,5,5,1660,-9.2,60.1,11.4,0.0,1005.7,67.4,1.0,0.18,1,59.0
FL-5254,Delta,BOS,ATL,9,0,9,1101,17.7,3.5,10.1,3.2,1022.2,30.5,3.52,0.12,0,0.0
FL-5255,American,BOS,ORD,5,6,11,2286,29.4,8.4,9.3,2.6,1011.3,55.0,1.32,0.2,0,0.0
FL-5256,American,LAX,SFO,17,6,9,2929,1.2,56.4,14.7,0.0,1024.5,69.7,3.13,0.2,1,79.0
FL-5257,JetBlue,JFK,BOS,3,5,4,625,9.7,7.8,11.8,0.0,1004.9,75.4,1.0,0.25,0,0.0
FL-5258,United,MIA,SEA,10,1,6,2562,-5.1,6.4,10.1,0.0,1012.3,66.9,2.34,0.18,0,0.0
FL-5259,United,DEN,BOS,12,6,2,813,14.6,1.7,6.6,5.9,1008.4,45.5,1.0,0.18,1,55.0
FL-5260,JetBlue,DEN,DFW,7,3,3,2404,14.9,21.0,10.4,0.4,1009.6,72.0,1.9,0.25,0,0.0
FL-5261,United,ATL,SEA,9,3,9,1071,22.3,8.9,7.4,0.0,1015.7,49.6,1.96,0.18,0,0.0
FL-5262,Alaska,SEA,ATL,22,0,6,2504,9.0,15.3,5.0,9.9,1007.0,73.2,1.0,0.14,0,0.0
FL-5263,Southwest,SFO,DFW,10,1,8,2199,11.8,10.7,8.8,4.5,1011.6,95.1,2.46,0.22,0,0.0
FL-5264,Alaska,LAX,ATL,2,5,11,2093,22.5,2.9,9.0,1.6,1006.9,59.4,1.0,0.14,0,0.0
FL-5265,Delta,JFK,SFO,14,4,5,834,17.6,2.9,13.1,0.0,1017.8,100.0,1.15,0.12,0,0.0
FL-5266,American,JFK,ATL,7,4,2,2703,19.9,42.1,12.9,1.2,1028.4,76.0,2.41,0.2,1,95.0
FL-5267,Delta,SEA,DFW,19,4,7,2294,25.2,33.0,12.0,1.0,1023.4,60.6,3.79,0.12,1,47.0
FL-5268,American,ATL,SFO,17,3,6,2257,23.8,14.1,9.7,0.0,1005.3,99.1,3.14,0.2,1,52.0
FL-5269,Southwest,DFW,DEN,20,5,11,2391,40.3,0.0,9.8,0.0,1009.2,65.0,2.44,0.22,1,71.0
FL-5270,United,ORD,BOS,0,4,2,1654,20.3,8.5,11.7,2.3,1012.6,49.3,1.0,0.18,0,0.0
FL-5271,Alaska,ATL,JFK,23,1,6,686,20.4,11.3,11.9,0.0,996.7,53.9,1.75,0.14,0,0.0
FL-5272,JetBlue,MIA,SFO,7,1,8,2096,11.3,9.0,11.1,0.0,1012.6,66.4,2.05,0.25,0,0.0
FL-5273,Alaska,ATL,JFK,2,4,1,2838,15.8,38.9,11.5,0.0,1016.8,52.5,1.0,0.14,0,0.0
FL-5274,Southwest,SEA,SFO,0,2,4,1655,-0.4,0.6,9.8,0.0,1012.9,58.5,1.0,0.22,0,0.0
FL-5275,Delta,SEA,LAX,19,4,1,406,7.6,16.0,9.2,0.0,1012.2,54.2,2.98,0.12,0,0.0
FL-5276,JetBlue,SFO,SEA,15,2,2,1824,28.5,5.6,3.3,0.0,1007.7,75.3,1.75,0.25,0,0.0
FL-5277,United,LAX,ATL,8,0,1,1725,-3.6,12.3,9.0,0.4,1010.2,100.0,2.58,0.18,0,0.0
FL-5278,Southwest,BOS,SFO,16,0,6,1682,31.8,16.0,7.8,1.0,1009.2,62.7,3.03,0.22,0,0.0
FL-5279,JetBlue,DEN,SFO,15,1,11,458,11.4,8.7,10.3,0.0,1004.7,48.9,1.0,0.25,0,0.0
FL-5280,Southwest,SEA,ATL,22,5,6,1552,4.1,2.4,8.0,1.0,1020.4,63.7,1.03,0.22,0,0.0
FL-5281,Southwest,SFO,DFW,5,3,1,653,11.7,11.0,10.4,0.2,1025.6,47.5,1.4,0.22,0,0.0
FL-5282,United,ORD,LAX,22,5,4,998,22.1,40.5,4.4,1.3,1008.1,100.0,1.0,0.18,1,95.0
FL-5283,American,DEN,SEA,6,1,4,574,16.1,11.5,7.1,0.4,1004.9,84.6,1.0,0.2,0,0.0
FL-5284,JetBlue,DFW,MIA,23,1,8,2711,37.9,2.0,7.9,0.3,1006.9,93.0,1.49,0.25,0,0.0
FL-5285,United,JFK,DEN,15,5,6,274,20.2,26.1,6.9,1.7,1005.2,80.1,1.0,0.18,0,0.0
FL-5286,Southwest,ORD,MIA,7,3,2,441,21.1,3.8,15.0,0.0,1009.2,43.7,2.17,0.22,0,0.0
FL-5287,United,DFW,JFK,9,1,5,1240,21.5,6.9,3.9,0.0,1015.1,72.5,3.11,0.18,0,0.0
FL-5288,American,DEN,DFW,13,6,4,1912,16.7,8.4,12.0,0.0,1022.6,72.5,1.0,0.2,0,0.0
FL-5289,Alaska,ORD,MIA,10,6,10,322,12.1,6.2,13.0,0.0,1000.3,84.6,2.44,0.14,0,0.0
FL-5290,JetBlue,SFO,JFK,1,3,4,2202,16.2,7.8,8.7,0.0,1020.6,71.5,1.0,0.25,0,0.0
FL-5291,American,DFW,LAX,11,1,12,2358,17.7,23.8,11.0,2.3,1013.0,50.1,1.0,0.2,0,0.0
FL-5292,Delta,JFK,BOS,19,6,8,2481,14.4,3.8,11.8,0.1,996.0,100.0,2.85,0.12,0,0.0
FL-5293,JetBlue,BOS,ORD,19,0,5,696,30.1,9.5,10.4,0.0,1002.9,80.4,2.86,0.25,0,0.0
FL-5294,American,SFO,DEN,12,2,3,1345,28.8,0.3,4.7,0.0,1017.1,59.2,1.45,0.2,0,0.0
FL-5295,Southwest,MIA,DEN,14,1,10,1673,0.8,10.6,11.2,0.0,1006.1,65.1,1.0,0.22,0,0.0
FL-5296,JetBlue,JFK,BOS,11,2,12,926,26.6,1.8,12.9,0.3,1009.9,74.1,1.98,0.25,0,0.0
FL-5297,JetBlue,LAX,SFO,12,4,4,2031,14.8,5.0,15.0,0.2,1012.0,59.2,1.0,0.25,0,0.0
FL-5298,United,ATL,DFW,7,6,1,2021,11.3,5.9,5.9,0.0,1022.5,67.3,2.93,0.18,0,0.0
FL-5299,Southwest,LAX,ORD,15,1,6,2016,23.5,1.3,9.5,0.0,1002.8,71.1,1.0,0.22,0,0.0
FL-5300,Delta,SEA,ORD,2,0,11,291,18.4,6.7,9.9,0.0,1018.1,61.9,1.0,0.12,0,0.0
FL-5301,Alaska,BOS,DFW,12,3,10,2169,4.2,10.3,9.7,0.0,1023.2,78.2,1.0,0.14,0,0.0
FL-5302,American,MIA,LAX,11,0,4,2584,24.7,8.5,5.0,0.0,1005.2,59.5,1.0,0.2,0,0.0
FL-5303,United,MIA,ATL,18,2,6,712,14.0,4.9,13.3,0.0,1019.2,53.9,3.29,0.18,1,48.0
FL-5304,American,ATL,JFK,1,3,2,802,24.5,5.2,13.0,0.0,1008.8,83.0,1.28,0.2,0,0.0
FL-5305,Delta,DFW,ATL,0,0,5,627,14.8,15.1,11.1,3.4,1007.5,76.6,1.0,0.12,0,0.0
FL-5306,Delta,ATL,MIA,7,0,11,2219,24.6,19.0,8.7,0.0,1010.4,64.7,1.59,0.12,0,0.0
FL-5307,JetBlue,SEA,ORD,8,0,9,1656,26.4,12.9,9.4,1.7,1014.8,53.3,2.81,0.25,0,0.0
FL-5308,Delta,LAX,SEA,7,5,8,206,29.3,56.1,9.1,0.0,1007.0,80.5,2.54,0.12,1,56.0
FL-5309,American,MIA,SFO,20,3,3,2367,7.7,43.5,5.8,0.0,1020.3,64.1,2.76,0.2,1,83.0
FL-5310,Southwest,LAX,DEN,16,0,1,2634,36.9,1.6,12.1,0.0,1009.5,60.8,2.71,0.22,0,0.0
FL-5311,Southwest,JFK,LAX,8,6,10,1573,13.3,4.5,10.1,1.0,996.7,54.7,2.15,0.22,0,0.0
FL-5312,JetBlue,BOS,DFW,5,6,3,840,0.6,30.4,12.1,4.4,1012.4,43.6,1.42,0.25,0,0.0
FL-5313,Alaska,ORD,ATL,14,0,8,1321,17.2,0.5,10.8,3.8,1002.8,83.3,1.0,0.14,0,0.0
FL-5314,American,SEA,JFK,22,2,11,1266,12.8,13.5,7.0,0.0,1010.9,49.4,1.69,0.2,0,0.0
FL-5315,American,ORD,SEA,23,0,3,2430,8.0,46.4,7.2,9.3,1015.9,40.4,2.19,0.2,1,73.0
FL-5316,Delta,SEA,DEN,12,6,5,2944,15.6,17.0,13.9,0.0,1007.7,63.4,1.33,0.12,0,0.0
FL-5317,American,DEN,MIA,20,0,2,764,24.0,1.4,11.7,0.0,999.3,70.3,4.13,0.2,1,66.0
FL-5318,United,BOS,ATL,21,4,1,1896,19.0,20.7,8.9,0.0,1005.0,92.3,1.35,0.18,1,78.0
FL-5319,Alaska,JFK,DEN,11,3,11,645,31.0,7.1,11.7,0.0,1023.4,70.7,1.0,0.14,0,0.0
FL-5320,Delta,BOS,SEA,12,4,10,2130,13.5,38.2,7.4,0.0,1014.5,28.6,1.82,0.12,0,0.0
FL-5321,United,DFW,ORD,6,5,5,399,20.1,5.1,13.3,0.0,1019.9,47.4,1.0,0.18,0,0.0
FL-5322,JetBlue,SEA,BOS,22,2,5,712,18.0,9.6,5.9,0.0,1026.3,92.4,2.22,0.25,0,0.0
FL-5323,Southwest,ORD,DFW,17,4,6,1189,37.3,20.6,10.6,1.9,1029.5,64.6,2.75,0.22,0,0.0
FL-5324,JetBlue,SEA,DFW,13,5,2,2460,2.8,4.5,9.6,2.7,1014.7,45.8,1.47,0.25,0,0.0
FL-5325,Southwest,DFW,MIA,10,1,9,1601,8.2,3.0,10.0,0.0,1010.7,40.8,2.5,0.22,0,0.0
FL-5326,JetBlue,SEA,SFO,13,3,2,2012,40.0,0.0,12.0,6.5,1008.0,75.7,1.0,0.25,1,146.0
FL-5327,American,BOS,MIA,16,0,2,745,12.3,10.0,13.0,0.0,1013.8,48.5,2.55,0.2,0,0.0
FL-5328,United,SFO,SEA,23,4,12,2733,-3.9,39.6,8.8,0.0,1016.7,63.2,1.0,0.18,0,0.0
FL-5329,Southwest,SEA,MIA,20,4,5,2209,38.8,5.0,4.0,0.0,1018.6,58.0,2.97,0.22,0,0.0
FL-5330,Delta,DEN,ORD,1,0,9,2005,3.3,0.7,4.8,0.0,1004.9,96.7,1.26,0.12,0,0.0
FL-5331,United,DEN,SFO,18,0,4,2415,16.2,14.5,8.9,0.0,1005.0,45.5,1.92,0.18,0,0.0
FL-5332,Delta,MIA,DEN,15,2,6,1089,27.9,0.9,10.1,5.4,1011.1,90.1,1.0,0.12,0,0.0
FL-5333,United,DEN,BOS,21,4,2,1130,25.8,10.6,11.1,0.0,1013.0,100.0,1.0,0.18,0,0.0
FL-5334,United,SEA,ATL,9,4,4,1027,4.5,7.2,10.6,1.1,1025.9,46.1,2.55,0.18,0,0.0
FL-5335,JetBlue,SEA,DFW,21,6,12,2384,43.6,9.7,12.7,0.0,994.1,39.3,1.0,0.25,0,0.0
FL-5336,Southwest,SFO,SEA,7,1,9,2362,21.3,2.7,15.0,6.9,1008.1,70.5,2.58,0.22,0,0.0
FL-5337,Southwest,DEN,JFK,20,6,2,1475,14.5,1.4,10.3,0.0,1019.8,66.2,2.71,0.22,0,0.0
FL-5338,United,LAX,DEN,4,5,1,1716,3.0,20.7,11.1,0.0,1005.0,89.4,1.0,0.18,0,0.0
FL-5339,American,SEA,ATL,6,1,4,1512,20.8,4.2,7.7,0.0,1012.8,43.5,1.36,0.2,0,0.0
FL-5340,American,JFK,SFO,12,6,4,1272,33.0,24.2,10.2,0.0,1020.7,69.0,1.15,0.2,0,0.0
FL-5341,Delta,JFK,SFO,15,4,1,715,11.6,21.3,10.6,0.0,1018.3,73.0,1.0,0.12,0,0.0
FL-5342,Delta,ORD,LAX,4,1,4,2114,-6.0,3.3,10.5,0.0,1018.5,67.1,1.0,0.12,0,0.0
FL-5343,JetBlue,SFO,SEA,15,4,3,887,6.5,35.8,7.7,0.0,1011.4,57.7,1.0,0.25,1,55.0
FL-5344,United,DFW,LAX,14,3,2,1219,11.0,2.6,10.5,0.0,1014.0,64.2,1.0,0.18,0,0.0
FL-5345,Delta,LAX,DFW,8,2,10,1495,-3.3,23.9,10.3,0.0,1014.3,100.0,2.22,0.12,0,0.0
FL-5346,Delta,SEA,DFW,21,1,4,1249,21.3,8.2,11.0,5.8,1008.7,34.4,1.0,0.12,1,62.0
FL-5347,Alaska,BOS,JFK,22,4,8,1293,23.8,3.0,8.8,0.2,1019.7,100.0,1.0,0.14,0,0.0
FL-5348,United,ATL,DEN,11,1,7,2540,6.4,41.7,10.0,0.0,1002.5,56.1,1.0,0.18,1,90.0
FL-5349,JetBlue,ATL,LAX,7,5,9,1457,25.1,49.6,15.0,1.0,1007.7,44.4,2.93,0.25,1,94.0
FL-5350,Delta,DFW,SFO,12,2,8,2478,4.0,10.7,10.2,0.0,1019.7,45.6,1.0,0.12,0,0.0
FL-5351,JetBlue,MIA,SFO,4,3,1,1809,-1.0,9.5,13.2,4.0,997.2,62.5,1.04,0.25,0,0.0
FL-5352,Southwest,BOS,MIA,13,0,12,1344,2.3,34.7,14.3,0.0,1014.1,67.4,1.0,0.22,0,0.0
FL-5353,JetBlue,ATL,BOS,15,0,2,717,5.1,13.6,5.6,0.0,1021.8,66.4,1.0,0.25,0,0.0
FL-5354,American,DFW,DEN,10,1,12,905,24.5,4.6,9.4,0.1,1006.9,57.9,2.17,0.2,0,0.0
FL-5355,American,ATL,SFO,19,4,2,2624,21.7,8.3,9.5,2.8,1016.3,94.1,3.45,0.2,1,68.0
FL-5356,JetBlue,SFO,ATL,11,5,12,2134,4.0,27.1,15.0,0.1,1014.0,44.5,1.0,0.25,1,93.0
FL-5357,American,ORD,LAX,14,2,8,2684,6.9,29.4,15.0,0.0,1018.2,58.4,1.0,0.2,0,0.0
FL-5358,Southwest,MIA,LAX,23,3,12,1945,36.2,42.0,5.6,0.0,1013.1,64.5,1.0,0.22,1,64.0
FL-5359,United,SFO,MIA,11,3,4,1868,24.8,5.1,7.0,0.0,1022.2,64.2,1.0,0.18,0,0.0
FL-5360,American,BOS,DFW,8,6,9,1169,-1.9,17.1,13.7,5.4,1016.0,45.0,2.41,0.2,0,0.0
FL-5361,American,DFW,MIA,0,3,2,2746,30.9,1.1,8.4,0.0,1019.9,66.8,1.0,0.2,0,0.0
FL-5362,JetBlue,LAX,JFK,2,0,4,1397,42.1,19.4,11.9,3.1,1019.5,72.0,1.0,0.25,0,0.0
FL-5363,Southwest,BOS,JFK,11,2,1,1886,14.7,12.4,9.3,2.9,1023.9,72.4,1.0,0.22,0,0.0
FL-5364,United,BOS,DFW,19,6,3,2847,11.4,4.3,6.8,0.0,1005.3,72.8,3.06,0.18,0,0.0
FL-5365,JetBlue,DEN,LAX,12,0,6,1732,9.9,15.9,13.9,6.0,1003.1,51.7,1.34,0.25,1,115.0
FL-5366,JetBlue,LAX,SEA,22,1,9,977,11.3,2.2,7.8,0.0,1021.3,45.0,1.0,0.25,0,0.0
FL-5367,Alaska,JFK,ATL,5,3,11,1533,24.2,6.1,9.6,0.0,1014.3,48.7,1.0,0.14,0,0.0
FL-5368,Southwest,DEN,JFK,9,2,1,2317,7.4,7.7,6.6,2.7,1028.0,50.6,2.19,0.22,0,0.0
FL-5369,United,DFW,LAX,9,3,5,2452,24.2,22.5,6.7,0.0,995.5,22.9,2.26,0.18,0,0.0
FL-5370,Southwest,JFK,MIA,15,0,12,2588,15.0,5.5,10.2,0.0,1012.4,61.2,1.0,0.22,0,0.0
FL-5371,United,ATL,DEN,0,0,2,317,7.9,0.8,7.1,0.0,1012.8,62.5,1.0,0.18,0,0.0
FL-5372,Southwest,ATL,SEA,15,0,7,214,19.3,3.0,14.5,2.7,1020.2,46.5,1.46,0.22,0,0.0
FL-5373,JetBlue,BOS,DEN,3,3,4,1545,12.4,14.1,12.1,0.0,1028.6,73.9,1.0,0.25,0,0.0
FL-5374,JetBlue,DEN,SEA,5,2,5,2241,7.3,0.2,12.4,0.0,1013.1,60.7,1.0,0.25,0,0.0
FL-5375,Delta,SEA,ORD,18,2,8,2242,14.7,23.6,9.1,0.0,1016.4,73.5,3.13,0.12,0,0.0
FL-5376,American,LAX,DEN,1,1,2,1110,14.8,34.7,9.2,1.0,998.7,55.1,1.0,0.2,0,0.0
FL-5377,Alaska,JFK,MIA,17,3,3,2874,9.3,10.3,11.3,1.1,1015.3,55.2,2.66,0.14,0,0.0
FL-5378,Southwest,LAX,JFK,9,1,11,1755,5.2,18.4,1.9,0.0,1015.4,79.6,2.18,0.22,1,82.0
FL-5379,Alaska,DEN,JFK,3,5,5,889,16.1,9.3,8.6,0.0,1008.4,37.7,1.0,0.14,0,0.0
FL-5380,Delta,BOS,DEN,0,1,10,973,17.5,5.5,4.5,0.0,1015.4,64.8,1.32,0.12,0,0.0
FL-5381,American,SFO,ORD,14,1,4,1814,19.8,2.7,10.7,0.0,1015.0,72.5,1.0,0.2,0,0.0
FL-5382,Southwest,ATL,ORD,9,1,5,1734,19.4,11.0,6.5,0.0,1025.9,85.1,2.91,0.22,1,53.0
FL-5383,United,JFK,SFO,17,0,3,319,30.8,39.9,9.6,0.0,1006.9,70.8,2.88,0.18,1,85.0
FL-5384,American,JFK,DEN,15,5,12,2273,1.9,33.1,7.3,0.0,1005.9,46.7,1.0,0.2,0,0.0
FL-5385,JetBlue,DFW,LAX,12,6,9,1936,34.0,37.8,14.3,4.1,1006.2,55.5,1.58,0.25,0,0.0
FL-5386,Delta,JFK,ATL,14,1,8,263,-1.1,50.9,15.0,6.2,1009.5,32.0,1.0,0.12,1,68.0
FL-5387,American,DEN,SFO,1,2,6,659,30.0,2.7,12.8,0.0,1000.3,52.9,1.34,0.2,0,0.0
FL-5388,American,JFK,ATL,19,1,1,1949,21.0,2.4,12.9,0.0,1010.9,84.3,3.1,0.2,1,56.0
FL-5389,JetBlue,JFK,SFO,3,0,4,2561,8.8,8.4,9.9,3.8,1013.3,88.7,1.0,0.25,0,0.0
FL-5390,Southwest,LAX,BOS,0,4,7,1813,-14.0,17.5,8.1,2.5,1025.0,60.1,1.0,0.22,0,0.0
FL-5391,United,BOS,ORD,6,6,10,2983,-2.9,8.7,4.2,0.0,1012.0,97.6,1.0,0.18,0,0.0
FL-5392,JetBlue,ORD,DEN,22,5,5,1763,7.4,33.4,10.5,0.3,1023.1,53.5,1.05,0.25,0,0.0
FL-5393,United,JFK,SFO,10,4,4,1181,20.3,19.0,9.1,5.0,1019.6,68.4,3.17,0.18,0,0.0
FL-5394,Southwest,SEA,DFW,9,4,9,2826,8.6,15.1,10.7,0.0,1014.1,27.4,2.56,0.22,0,0.0
FL-5395,American,BOS,SFO,0,5,8,1349,14.5,1.1,7.9,0.0,1011.9,63.5,1.0,0.2,0,0.0
FL-5396,United,MIA,SFO,10,3,3,1171,9.8,2.9,5.5,0.4,1017.3,66.2,2.6,0.18,0,0.0
FL-5397,Delta,DFW,JFK,23,6,6,906,17.0,8.4,6.5,0.0,1018.1,53.3,1.61,0.12,0,0.0
FL-5398,Delta,LAX,BOS,9,6,12,1909,-1.6,56.2,14.6,0.0,1008.8,85.5,2.52,0.12,0,0.0
FL-5399,JetBlue,DFW,SFO,13,2,12,1566,11.8,6.1,15.0,0.0,1017.7,33.3,1.14,0.25,0,0.0
FL-5400,Southwest,SFO,JFK,13,0,4,2046,21.3,14.9,5.3,0.0,1012.3,32.8,1.0,0.22,0,0.0
FL-5401,JetBlue,JFK,SEA,6,5,7,594,45.3,67.5,8.0,0.0,1017.4,66.9,1.47,0.25,1,63.0
FL-5402,JetBlue,ATL,MIA,22,4,1,683,25.1,4.6,4.8,0.7,1026.1,25.1,1.0,0.25,0,0.0
FL-5403,Alaska,SEA,DEN,10,0,1,865,12.8,2.7,10.2,1.4,1010.1,78.2,1.85,0.14,0,0.0
FL-5404,JetBlue,LAX,SFO,21,0,12,655,7.3,11.9,10.3,0.0,997.1,61.3,1.0,0.25,0,0.0
FL-5405,Alaska,DFW,JFK,3,3,12,409,20.5,12.0,9.7,0.0,1012.6,77.4,1.03,0.14,0,0.0
FL-5406,Delta,JFK,BOS,23,4,6,724,4.9,38.2,8.5,0.0,1004.4,66.4,1.0,0.12,0,0.0
FL-5407,Delta,ATL,BOS,1,1,10,875,16.7,0.4,10.7,0.0,1015.1,70.7,1.3,0.12,0,0.0
FL-5408,JetBlue,ATL,SEA,6,0,11,1201,18.8,7.8,12.0,0.0,1004.9,63.3,1.0,0.25,0,0.0
FL-5409,Delta,SFO,DFW,18,4,7,1095,12.6,5.6,12.1,0.7,1012.1,86.6,3.03,0.12,0,0.0
FL-5410,Southwest,BOS,ORD,13,6,9,1203,26.7,12.7,13.7,0.0,1026.0,84.2,1.0,0.22,0,0.0
FL-5411,Alaska,SEA,MIA,18,0,7,1799,13.9,0.1,9.0,0.0,1027.7,71.9,2.83,0.14,0,0.0
FL-5412,Alaska,ORD,JFK,6,3,9,2554,9.6,18.6,8.2,0.0,1015.9,70.3,1.61,0.14,0,0.0
FL-5413,JetBlue,SEA,ORD,11,3,10,259,8.9,10.0,12.9,0.0,1005.8,77.7,1.11,0.25,0,0.0
FL-5414,Delta,SFO,MIA,2,1,9,585,-0.5,18.1,8.3,0.0,1020.0,62.4,1.02,0.12,1,56.0
FL-5415,United,DEN,ATL,14,3,8,2303,-2.1,8.9,9.4,0.0,1009.3,71.3,1.0,0.18,0,0.0
FL-5416,Alaska,BOS,DEN,4,4,7,2415,22.2,9.6,8.4,0.0,1001.1,52.7,1.0,0.14,0,0.0
FL-5417,JetBlue,LAX,SFO,7,5,12,1635,32.7,33.9,15.0,3.9,1028.6,41.5,2.16,0.25,0,0.0
FL-5418,JetBlue,BOS,SFO,13,3,3,2964,40.8,3.6,11.8,0.0,1012.9,63.1,1.0,0.25,0,0.0
FL-5419,Southwest,SFO,MIA,3,5,11,1994,28.4,3.7,6.6,1.7,1017.4,83.2,1.13,0.22,0,0.0
FL-5420,American,SFO,MIA,6,1,3,2729,21.2,12.3,10.0,2.4,1010.4,77.4,1.0,0.2,1,62.0
FL-5421,American,LAX,MIA,6,6,11,2142,18.7,16.2,11.2,0.0,1017.3,45.6,1.0,0.2,1,63.0
FL-5422,Alaska,LAX,MIA,17,2,5,1790,30.7,6.6,6.6,5.6,1006.4,52.4,3.06,0.14,1,128.0
FL-5423,Southwest,LAX,MIA,13,0,7,2587,10.6,11.0,11.1,0.1,1012.1,57.9,1.0,0.22,0,0.0
FL-5424,Southwest,BOS,ORD,7,0,12,995,36.6,3.9,9.5,0.0,1020.3,39.6,1.92,0.22,0,0.0
FL-5425,Southwest,JFK,ATL,11,4,10,1091,14.5,2.2,6.3,5.2,1011.6,51.5,1.22,0.22,1,55.0
FL-5426,Alaska,DFW,MIA,9,1,7,1482,18.1,4.1,6.0,5.8,1006.3,42.3,1.71,0.14,1,46.0
FL-5427,American,MIA,LAX,13,1,1,800,15.3,37.2,14.1,0.0,1020.4,58.7,1.0,0.2,1,51.0
FL-5428,Southwest,LAX,ORD,8,1,8,2684,28.5,24.3,7.5,1.7,1010.1,56.1,2.47,0.22,0,0.0
FL-5429,Delta,DFW,ORD,5,0,1,1445,14.9,2.3,13.0,0.0,1009.9,79.9,1.0,0.12,0,0.0
FL-5430,JetBlue,MIA,ATL,4,3,11,1636,19.9,0.7,12.0,3.8,1004.0,69.9,1.0,0.25,0,0.0
FL-5431,JetBlue,BOS,SFO,0,0,4,1573,0.4,1.5,8.1,0.0,1025.4,84.3,1.65,0.25,0,0.0
FL-5432,United,DFW,SEA,0,0,2,1282,12.7,5.2,11.5,0.0,1021.5,26.6,1.22,0.18,0,0.0
FL-5433,United,LAX,MIA,19,0,5,351,27.6,25.0,11.0,0.0,1011.0,45.5,3.33,0.18,1,65.0
FL-5434,Alaska,ORD,DFW,16,6,6,1133,4.9,5.8,12.7,0.1,1006.0,71.2,2.6,0.14,0,0.0
FL-5435,Alaska,SFO,LAX,10,6,4,2787,14.7,3.1,10.5,0.0,1018.4,69.9,3.23,0.14,1,47.0
FL-5436,JetBlue,DFW,LAX,11,3,12,2472,14.5,7.6,9.0,0.0,1016.2,59.1,1.0,0.25,0,0.0
FL-5437,Delta,ATL,DFW,2,2,4,1541,8.0,2.0,14.0,0.0,1009.7,82.4,1.12,0.12,0,0.0
FL-5438,American,ATL,DEN,5,4,7,2810,27.2,9.5,12.2,1.9,1012.3,64.1,1.1,0.2,0,0.0
FL-5439,American,DFW,ORD,10,2,11,757,20.9,16.9,8.1,0.0,1017.7,100.0,2.14,0.2,0,0.0
FL-5440,Alaska,LAX,DEN,12,2,4,1697,25.8,6.9,9.5,0.3,1014.8,66.8,1.0,0.14,0,0.0
FL-5441,Delta,SEA,DFW,10,0,2,2069,27.6,2.9,13.9,0.0,1016.0,53.7,2.34,0.12,0,0.0
FL-5442,Alaska,LAX,SFO,7,2,4,817,15.4,9.1,14.5,0.0,1015.1,93.2,2.2,0.14,0,0.0
FL-5443,American,BOS,LAX,9,0,7,2019,33.9,21.6,9.5,0.1,1018.8,65.4,1.81,0.2,0,0.0
FL-5444,Alaska,LAX,SEA,1,0,1,223,0.4,1.2,11.5,0.6,1008.5,76.1,1.0,0.14,0,0.0
FL-5445,Southwest,BOS,DFW,23,4,4,1742,13.2,1.1,11.1,2.1,1014.3,47.7,1.31,0.22,0,0.0
FL-5446,Alaska,SEA,LAX,13,1,6,2615,16.8,5.7,6.7,3.5,1007.2,71.5,1.0,0.14,0,0.0
FL-5447,JetBlue,ORD,MIA,15,0,8,2219,-5.9,8.0,11.5,0.0,1007.8,64.1,1.28,0.25,0,0.0
FL-5448,Alaska,BOS,SEA,16,6,8,1198,32.0,3.7,3.5,0.0,1028.2,77.1,3.17,0.14,0,0.0
FL-5449,JetBlue,DEN,BOS,10,2,9,2582,4.6,0.4,12.7,0.0,1001.6,58.7,2.61,0.25,0,0.0
FL-5450,Delta,ATL,JFK,1,4,5,1656,15.8,3.7,11.6,1.3,1018.3,35.1,2.01,0.12,0,0.0
FL-5451,American,SFO,MIA,23,5,2,202,24.1,8.6,0.9,0.0,1034.7,77.8,1.0,0.2,1,77.0
FL-5452,United,ATL,BOS,22,5,3,1207,42.8,1.2,7.1,0.0,1027.1,64.8,1.14,0.18,0,0.0
FL-5453,United,BOS,SFO,4,5,2,1481,-5.0,18.9,4.7,0.0,1017.5,53.0,1.0,0.18,0,0.0
FL-5454,American,DEN,JFK,15,2,9,462,22.2,12.0,6.9,1.4,1028.3,67.5,1.0,0.2,0,0.0
FL-5455,United,JFK,ORD,15,1,6,320,11.7,8.5,10.4,0.0,1016.2,68.0,1.0,0.18,0,0.0
FL-5456,Alaska,ORD,DFW,1,3,11,1943,22.8,11.0,15.0,0.0,1010.6,72.8,1.0,0.14,0,0.0
FL-5457,Delta,ORD,DFW,15,1,12,220,26.2,16.0,11.6,0.0,1013.2,72.3,1.0,0.12,0,0.0
FL-5458,Delta,JFK,ORD,4,4,1,1104,20.0,70.0,8.9,0.4,1020.2,90.2,1.0,0.12,0,0.0
FL-5459,American,SFO,SEA,7,1,3,339,16.0,22.4,12.2,0.0,1029.6,59.3,1.73,0.2,0,0.0
FL-5460,United,SEA,LAX,19,5,7,2015,2.3,11.7,11.9,0.4,1021.5,83.2,2.84,0.18,1,86.0
FL-5461,Alaska,MIA,ORD,13,1,7,1512,3.2,22.1,14.3,1.2,1012.3,58.1,1.0,0.14,0,0.0
FL-5462,Delta,DEN,ATL,9,4,5,405,24.7,9.7,12.5,0.4,1007.9,37.4,1.94,0.12,0,0.0
FL-5463,Delta,BOS,SEA,22,4,3,242,4.7,5.6,10.0,0.0,997.5,88.0,1.0,0.12,0,0.0
FL-5464,Southwest,MIA,JFK,1,5,7,1228,20.1,4.6,5.5,0.0,1011.9,49.8,1.0,0.22,0,0.0
FL-5465,Southwest,SFO,SEA,2,6,5,2454,30.6,7.6,14.0,3.0,1004.7,79.5,1.0,0.22,0,0.0
FL-5466,Delta,SEA,DFW,17,2,6,2882,-0.6,0.0,9.6,0.0,1020.4,66.4,3.39,0.12,1,70.0
FL-5467,American,ORD,MIA,20,0,3,2062,30.7,2.9,7.3,0.3,1011.0,69.0,2.87,0.2,0,0.0
FL-5468,JetBlue,BOS,MIA,1,3,6,544,30.3,2.0,4.0,3.3,1020.8,85.2,1.0,0.25,0,0.0
FL-5469,JetBlue,BOS,DFW,20,3,7,1365,19.1,48.4,6.6,0.9,1033.1,25.7,3.15,0.25,1,86.0
FL-5470,Alaska,SEA,MIA,8,5,8,2619,7.6,1.0,11.2,0.0,1012.0,79.7,1.98,0.14,0,0.0
FL-5471,Delta,ATL,SEA,1,6,2,2794,21.4,10.4,8.8,0.0,1014.3,76.7,1.0,0.12,0,0.0
FL-5472,Delta,DEN,BOS,6,3,2,1587,12.9,37.8,13.0,0.0,1015.9,48.8,1.12,0.12,0,0.0
FL-5473,Delta,SEA,LAX,6,1,6,1183,6.5,14.0,14.9,1.5,1010.7,65.2,1.0,0.12,0,0.0
FL-5474,American,LAX,ATL,13,4,8,534,16.7,10.3,3.6,0.0,1013.9,80.7,1.25,0.2,0,0.0
FL-5475,Southwest,LAX,JFK,4,6,5,2258,4.5,20.4,6.9,0.0,1010.2,45.7,1.0,0.22,0,0.0
FL-5476,Delta,SEA,ATL,7,4,1,2322,0.8,6.5,10.4,0.0,1023.9,61.5,2.87,0.12,0,0.0
FL-5477,Delta,ORD,SFO,22,5,11,1523,8.5,3.2,14.4,0.5,1011.3,84.7,1.0,0.12,0,0.0
FL-5478,United,SEA,JFK,21,4,1,2957,-5.7,28.2,7.5,0.0,1003.0,39.6,1.0,0.18,0,0.0
FL-5479,American,DFW,SEA,17,0,10,975,29.4,0.9,10.7,0.8,1003.7,69.8,3.24,0.2,1,80.0
FL-5480,Alaska,SFO,LAX,5,4,9,1085,21.2,24.7,6.7,3.2,1006.3,70.0,1.0,0.14,0,0.0
FL-5481,Delta,LAX,JFK,13,4,4,2235,4.7,1.6,9.7,0.0,1009.4,68.7,1.0,0.12,0,0.0
FL-5482,United,MIA,LAX,17,6,12,935,8.9,14.7,10.4,0.0,1020.0,42.6,2.53,0.18,0,0.0
FL-5483,JetBlue,SEA,DFW,16,1,10,2881,24.1,9.7,9.0,0.0,1019.5,64.0,2.85,0.25,0,0.0
FL-5484,Alaska,LAX,BOS,8,2,1,1251,30.3,70.0,14.9,0.0,1020.2,65.2,2.28,0.14,1,62.0
FL-5485,Delta,SFO,BOS,12,3,11,1686,16.3,7.4,13.6,0.0,1013.1,61.9,1.58,0.12,0,0.0
FL-5486,Delta,SFO,LAX,15,1,8,595,11.9,47.3,9.0,0.0,1020.9,79.4,1.0,0.12,0,0.0
FL-5487,United,MIA,LAX,20,1,2,882,-4.6,7.8,9.2,0.0,1011.0,64.9,3.47,0.18,1,73.0
FL-5488,American,BOS,ORD,9,1,12,2201,11.1,17.2,12.4,1.3,998.3,68.9,2.91,0.2,0,0.0
FL-5489,Delta,DFW,MIA,9,3,2,2668,1.3,15.5,10.1,0.0,1020.6,40.1,2.35,0.12,0,0.0
FL-5490,JetBlue,SEA,ORD,3,5,1,563,1.0,1.4,10.0,0.0,1007.5,48.7,1.0,0.25,0,0.0
FL-5491,Delta,JFK,LAX,11,1,1,2054,29.8,20.4,7.9,0.0,1011.3,53.1,1.0,0.12,0,0.0
FL-5492,JetBlue,SEA,SFO,7,2,9,1981,13.6,3.5,11.8,0.1,1010.1,54.6,2.84,0.25,0,0.0
FL-5493,Alaska,BOS,ORD,14,5,1,292,16.7,7.4,8.1,0.2,1017.2,65.3,1.0,0.14,0,0.0
FL-5494,Alaska,DEN,JFK,20,4,6,1798,19.9,22.9,8.1,0.0,1014.3,49.0,3.5,0.14,1,77.0
FL-5495,Southwest,ATL,DFW,22,2,12,465,12.9,43.3,10.9,1.4,1011.2,42.8,1.0,0.22,1,113.0
FL-5496,Southwest,ORD,JFK,18,6,7,2453,15.8,12.3,10.4,0.0,1025.8,66.9,2.37,0.22,0,0.0
FL-5497,JetBlue,BOS,JFK,14,5,4,2284,15.2,11.0,10.1,7.5,1012.3,63.9,1.01,0.25,1,55.0
FL-5498,American,SFO,LAX,7,4,5,1234,9.9,10.5,4.6,2.7,1011.1,70.3,3.39,0.2,1,73.0
FL-5499,Delta,JFK,SEA,7,4,4,1313,18.3,25.4,10.7,0.0,1019.5,100.0,2.13,0.12,0,0.0
FL-5500,Delta,ORD,LAX,18,1,4,943,13.9,70.0,4.0,0.0,1022.3,42.2,3.69,0.12,1,97.0
FL-5501,Southwest,LAX,ORD,8,1,10,2266,16.1,15.1,13.1,0.0,1020.1,65.6,3.74,0.22,1,61.0
FL-5502,JetBlue,SEA,MIA,23,3,1,573,15.0,7.1,8.3,1.9,1008.2,64.1,1.0,0.25,0,0.0
FL-5503,Delta,ORD,DEN,16,0,6,2009,38.5,3.7,10.5,3.2,1015.9,66.9,2.14,0.12,0,0.0
FL-5504,Delta,LAX,DFW,7,2,10,293,26.9,3.3,8.3,0.0,1013.7,100.0,1.96,0.12,0,0.0
FL-5505,American,ATL,ORD,11,3,10,231,24.3,29.1,10.9,0.0,1011.5,20.0,1.0,0.2,0,0.0
FL-5506,United,LAX,JFK,14,3,7,339,20.6,70.0,6.4,1.1,1005.5,57.9,1.0,0.18,1,66.0
FL-5507,Southwest,JFK,ATL,3,2,7,1793,20.1,18.0,15.0,0.0,1014.8,64.8,1.03,0.22,0,0.0
FL-5508,Southwest,SFO,BOS,5,5,8,2980,11.6,46.8,7.9,0.0,1021.7,74.3,1.0,0.22,1,60.0
FL-5509,United,BOS,DFW,15,6,7,1442,28.4,6.5,12.6,0.0,1026.0,77.5,1.0,0.18,0,0.0
FL-5510,Delta,MIA,SFO,4,2,6,1764,19.0,14.8,6.7,4.5,1022.2,33.8,1.22,0.12,0,0.0
FL-5511,American,BOS,DFW,22,4,12,1782,22.0,10.8,8.8,2.0,1009.4,61.6,1.0,0.2,0,0.0
FL-5512,American,BOS,JFK,12,6,8,2131,11.5,9.9,7.7,0.0,1005.5,47.8,1.31,0.2,0,0.0
FL-5513,Southwest,LAX,JFK,14,0,3,257,4.6,15.0,8.2,0.0,1001.1,71.4,1.21,0.22,0,0.0
FL-5514,American,SEA,ATL,16,5,9,1498,28.6,5.6,11.3,0.0,1021.4,67.7,3.72,0.2,0,0.0
FL-5515,Alaska,ORD,ATL,21,1,3,2387,16.6,15.4,11.4,1.6,1019.6,54.4,1.0,0.14,0,0.0
FL-5516,United,MIA,SEA,19,0,4,1246,9.3,16.8,11.2,0.0,1008.6,97.0,4.17,0.18,1,63.0
FL-5517,Delta,MIA,DEN,21,0,10,577,19.1,27.1,7.4,0.0,1006.9,59.7,1.0,0.12,0,0.0
FL-5518,Alaska,ORD,MIA,4,1,6,1121,13.7,19.7,10.4,1.1,1023.1,59.0,1.0,0.14,0,0.0
FL-5519,United,ORD,SEA,18,0,12,572,33.6,5.8,7.5,0.0,1020.8,48.7,2.91,0.18,0,0.0
FL-5520,JetBlue,SFO,MIA,6,5,12,1787,10.7,9.0,14.4,0.0,1023.3,20.0,1.05,0.25,0,0.0
FL-5521,Southwest,JFK,ORD,2,5,8,977,20.4,1.9,7.2,0.0,1017.5,66.1,1.11,0.22,0,0.0
FL-5522,American,ATL,DFW,12,5,3,1565,28.0,4.5,8.6,0.0,1018.2,49.0,1.62,0.2,0,0.0
FL-5523,JetBlue,JFK,DEN,13,3,10,366,22.9,11.0,10.2,0.0,996.5,68.3,2.03,0.25,0,0.0
FL-5524,American,ORD,ATL,15,3,6,2770,21.5,1.6,6.9,0.0,1010.0,100.0,1.13,0.2,0,0.0
FL-5525,Alaska,SEA,ORD,12,5,5,2211,8.9,12.7,11.9,0.0,1029.2,68.6,1.88,0.14,0,0.0
FL-5526,Delta,DFW,DEN,1,1,5,783,16.4,7.4,13.3,0.0,1008.5,68.3,1.55,0.12,0,0.0
FL-5527,Delta,DFW,JFK,13,1,5,2748,20.5,0.5,7.4,0.0,1014.7,82.9,1.0,0.12,0,0.0
FL-5528,Delta,ATL,JFK,19,2,9,1198,17.0,8.5,8.0,0.0,1025.5,89.1,3.29,0.12,1,68.0
FL-5529,American,ORD,SFO,6,2,7,759,32.8,5.0,13.6,0.0,1020.0,68.7,1.0,0.2,0,0.0
FL-5530,JetBlue,DFW,JFK,4,5,12,1211,13.0,1.0,10.4,0.0,1005.3,68.4,1.53,0.25,0,0.0
FL-5531,Delta,ATL,SEA,13,6,9,432,15.4,5.2,9.3,0.0,1003.6,55.1,1.28,0.12,0,0.0
FL-5532,JetBlue,MIA,LAX,8,0,9,759,46.0,5.2,7.7,0.0,1025.9,74.9,2.97,0.25,0,0.0
FL-5533,American,ATL,DEN,9,0,6,1431,25.0,6.6,8.9,1.5,1018.9,75.8,1.79,0.2,0,0.0
FL-5534,Alaska,MIA,DFW,6,1,6,1962,3.4,6.8,9.6,0.0,1015.8,65.7,1.28,0.14,0,0.0
FL-5535,JetBlue,SFO,ATL,13,6,4,1724,21.0,8.4,11.9,0.0,1017.0,43.4,1.13,0.25,0,0.0
FL-5536,Alaska,DFW,JFK,13,0,8,1120,24.5,1.4,10.0,2.8,1010.0,68.5,1.0,0.14,0,0.0
FL-5537,American,ATL,ORD,1,4,2,1442,5.4,0.1,7.3,0.0,1005.9,78.9,1.14,0.2,0,0.0
FL-5538,American,ATL,DFW,16,3,5,280,11.4,20.0,8.4,0.0,1016.5,47.7,2.57,0.2,0,0.0
FL-5539,Southwest,ATL,LAX,19,0,1,2861,0.7,6.2,6.6,0.0,1008.2,69.7,2.7,0.22,0,0.0
FL-5540,American,SEA,LAX,3,0,10,902,18.5,14.3,9.6,1.5,1008.3,78.6,1.46,0.2,0,0.0
FL-5541,American,ATL,LAX,12,2,2,740,-4.5,5.5,15.0,1.2,1010.1,70.8,1.0,0.2,0,0.0
FL-5542,United,SEA,JFK,17,4,1,2049,5.5,62.2,15.0,0.6,1019.3,97.6,3.12,0.18,1,97.0
FL-5543,Delta,BOS,LAX,2,0,6,1474,-1.6,5.7,11.0,0.4,1007.4,52.3,1.02,0.12,0,0.0
FL-5544,Southwest,SFO,DEN,18,3,2,2985,18.9,13.9,5.0,5.9,1006.7,46.3,3.18,0.22,1,108.0
FL-5545,Southwest,BOS,ORD,4,0,12,2853,10.9,3.7,12.8,0.0,1005.4,48.4,1.02,0.22,0,0.0
FL-5546,Southwest,DEN,DFW,0,1,4,821,19.8,10.9,12.0,0.0,1011.8,54.7,1.0,0.22,0,0.0
FL-5547,United,BOS,JFK,8,4,5,1440,-7.0,13.0,15.0,0.0,1021.1,52.4,2.05,0.18,0,0.0
FL-5548,Alaska,ORD,SEA,23,0,7,2443,5.6,3.0,10.2,0.0,1011.8,79.6,1.0,0.14,0,0.0
FL-5549,American,MIA,ATL,7,6,10,1520,24.5,2.0,8.7,0.0,1013.0,30.7,1.54,0.2,0,0.0
FL-5550,Delta,ORD,BOS,2,4,1,2291,1.2,54.5,7.0,3.5,1014.5,52.1,1.02,0.12,1,61.0
FL-5551,JetBlue,JFK,DFW,1,0,12,2640,27.3,33.6,12.5,1.7,1010.4,82.1,1.0,0.25,0,0.0
FL-5552,Alaska,BOS,LAX,0,3,11,1666,13.2,16.2,9.4,1.6,1005.7,61.6,1.0,0.14,0,0.0
FL-5553,American,DFW,ORD,11,3,5,1313,5.0,29.6,9.2,0.0,1009.5,42.5,1.0,0.2,0,0.0
FL-5554,United,LAX,SFO,21,4,4,2402,5.7,1.5,8.5,0.0,1008.5,56.1,1.0,0.18,1,45.0
FL-5555,American,BOS,SFO,12,5,7,1844,17.6,19.6,15.0,0.0,1012.3,88.3,1.1,0.2,0,0.0
FL-5556,American,SFO,MIA,9,2,10,258,41.3,5.0,8.8,1.3,1009.4,61.6,2.51,0.2,0,0.0
FL-5557,United,BOS,ATL,16,2,7,2357,47.6,11.6,12.1,0.0,1014.8,70.5,3.28,0.18,1,83.0
FL-5558,Southwest,SEA,DEN,10,1,8,678,-1.0,21.7,11.4,0.0,1012.1,61.4,2.26,0.22,0,0.0
FL-5559,Southwest,JFK,ATL,4,5,4,2865,23.1,0.5,3.3,0.0,1008.0,93.9,1.45,0.22,0,0.0
FL-5560,Delta,ATL,MIA,8,2,4,2122,35.0,17.8,15.0,2.1,1024.6,59.3,2.81,0.12,0,0.0
FL-5561,Delta,JFK,DFW,12,4,10,1956,0.1,8.6,4.4,0.9,1016.8,54.8,1.0,0.12,0,0.0
FL-5562,Southwest,JFK,SEA,19,2,5,1998,7.5,8.7,7.3,0.0,1011.3,77.9,2.84,0.22,0,0.0
FL-5563,Alaska,MIA,BOS,22,1,5,1817,18.5,35.7,8.5,1.0,1008.7,75.6,1.94,0.14,0,0.0
FL-5564,JetBlue,LAX,MIA,10,0,11,983,15.5,29.5,7.8,3.3,1020.3,62.0,2.24,0.25,0,0.0
FL-5565,American,JFK,SEA,22,2,3,1600,-1.6,0.9,9.3,5.8,1006.1,68.5,1.85,0.2,1,55.0
FL-5566,JetBlue,MIA,SEA,3,4,5,1255,24.0,14.4,7.7,0.0,1024.2,77.4,1.34,0.25,0,0.0
FL-5567,American,ATL,LAX,20,4,5,1709,20.2,8.6,14.1,0.0,1001.5,54.9,2.54,0.2,0,0.0
FL-5568,Southwest,ORD,BOS,10,1,8,2848,26.3,1.9,11.8,0.0,1035.1,79.4,2.47,0.22,0,0.0
FL-5569,Delta,ATL,DEN,8,6,7,2778,21.4,28.6,8.1,0.0,1009.6,66.6,2.23,0.12,0,0.0
FL-5570,Alaska,DFW,ATL,6,1,8,1226,21.3,1.1,7.5,0.0,1002.6,70.2,1.0,0.14,0,0.0
FL-5571,Delta,JFK,SFO,15,6,5,577,15.3,0.5,8.3,0.0,1007.6,54.7,1.0,0.12,0,0.0
FL-5572,JetBlue,JFK,SFO,22,3,12,771,29.5,3.3,7.3,0.7,1010.5,64.8,1.0,0.25,0,0.0
FL-5573,Delta,ORD,MIA,22,3,11,2154,-0.9,5.4,6.4,2.8,1008.5,49.3,1.0,0.12,0,0.0
FL-5574,Southwest,SFO,BOS,4,3,2,1764,1.8,0.9,12.8,0.0,1015.8,55.3,1.02,0.22,0,0.0
FL-5575,Alaska,JFK,MIA,5,6,8,786,28.2,15.4,8.8,0.0,1015.3,85.3,1.49,0.14,0,0.0
FL-5576,JetBlue,LAX,BOS,18,0,9,1818,11.6,8.6,11.2,0.0,1038.4,45.9,2.8,0.25,0,0.0
FL-5577,Alaska,DEN,ATL,0,4,2,556,4.1,8.0,10.2,0.0,1013.7,54.4,1.08,0.14,0,0.0
FL-5578,American,JFK,DFW,15,3,1,884,25.1,2.4,14.3,0.0,1002.4,49.8,1.07,0.2,0,0.0
FL-5579,Delta,DEN,SFO,17,4,12,2146,23.1,8.6,12.7,2.8,1011.6,71.9,2.54,0.12,0,0.0
FL-5580,Alaska,ATL,SEA,23,1,6,858,-8.9,7.4,11.1,0.0,1014.1,90.4,1.66,0.14,0,0.0
FL-5581,United,BOS,SEA,12,0,3,1496,23.2,7.3,15.0,0.0,1008.9,60.7,1.0,0.18,0,0.0
FL-5582,Delta,SFO,JFK,0,1,1,1725,7.4,3.7,7.9,0.0,1018.1,29.1,1.0,0.12,0,0.0
FL-5583,American,MIA,JFK,9,4,6,2282,20.9,1.5,9.4,3.0,1019.2,77.6,3.11,0.2,0,0.0
FL-5584,Alaska,SEA,MIA,6,5,12,2708,14.1,4.5,12.0,2.8,1007.9,63.0,1.16,0.14,0,0.0
FL-5585,JetBlue,SFO,MIA,4,6,8,2965,22.4,16.5,12.5,1.5,1010.2,73.2,1.44,0.25,0,0.0
FL-5586,American,SEA,BOS,12,5,9,1893,14.9,1.1,7.4,0.0,997.7,77.4,1.0,0.2,0,0.0
FL-5587,United,ATL,ORD,21,3,6,1857,0.0,7.2,9.9,0.0,1006.0,54.1,1.94,0.18,0,0.0
FL-5588,Alaska,SFO,DFW,15,5,12,711,-4.3,10.8,10.1,2.0,1010.9,44.7,1.0,0.14,0,0.0
FL-5589,Southwest,MIA,ORD,23,1,6,1271,-1.2,49.5,15.0,1.5,1014.1,43.8,1.4,0.22,1,71.0
FL-5590,Delta,SEA,DFW,19,6,1,2738,1.6,27.9,12.0,0.0,1011.9,98.1,3.32,0.12,1,73.0
FL-5591,JetBlue,ORD,JFK,21,5,5,2520,20.3,37.3,13.2,0.9,1006.3,55.6,1.0,0.25,1,69.0
FL-5592,Southwest,LAX,DFW,13,2,3,1836,26.5,25.7,8.8,0.2,1021.9,56.8,1.42,0.22,0,0.0
FL-5593,Alaska,SFO,DEN,10,0,7,1212,11.3,13.3,7.7,0.0,1021.1,75.2,1.76,0.14,0,0.0
FL-5594,Alaska,ATL,LAX,18,4,12,2774,4.2,29.6,8.7,0.0,1021.8,63.9,2.98,0.14,0,0.0
FL-5595,American,JFK,MIA,22,6,9,1351,15.4,12.5,11.6,1.9,1025.4,24.1,1.42,0.2,0,0.0
FL-5596,Alaska,MIA,SEA,1,3,11,409,-8.7,6.6,14.4,1.5,1005.1,45.8,1.53,0.14,0,0.0
FL-5597,JetBlue,SEA,JFK,7,1,6,823,22.4,7.0,5.7,0.0,1016.4,68.5,2.92,0.25,0,0.0
FL-5598,Southwest,SEA,ATL,12,0,5,2005,14.1,12.5,15.0,0.0,1020.3,47.8,1.0,0.22,0,0.0
FL-5599,JetBlue,LAX,DFW,6,3,7,1365,15.9,24.9,12.7,0.0,1031.2,93.2,1.4,0.25,0,0.0
FL-5600,United,SEA,DFW,11,1,11,372,8.6,2.2,13.0,0.3,1025.0,42.2,1.12,0.18,0,0.0
FL-5601,United,DEN,ATL,7,5,9,2088,7.5,0.6,12.8,0.3,1010.9,44.8,3.17,0.18,0,0.0
FL-5602,Delta,DFW,BOS,15,6,5,646,-4.8,23.4,8.8,2.0,1000.3,46.1,1.0,0.12,0,0.0
FL-5603,Delta,DEN,MIA,17,4,5,210,25.4,15.6,9.6,0.0,1003.3,74.1,2.05,0.12,0,0.0
FL-5604,United,SEA,LAX,18,6,10,960,-0.1,25.8,12.0,0.0,1018.4,43.0,2.98,0.18,0,0.0
FL-5605,Alaska,MIA,JFK,3,2,4,1527,6.4,56.4,9.3,0.0,1013.5,92.9,1.0,0.14,1,53.0
FL-5606,JetBlue,SFO,BOS,11,2,5,1983,3.6,4.3,10.7,1.8,1007.4,87.7,1.09,0.25,0,0.0
FL-5607,United,ATL,JFK,15,6,7,1377,25.0,3.2,8.0,1.3,997.1,81.3,1.0,0.18,0,0.0
FL-5608,Delta,JFK,DEN,20,5,3,2570,8.0,6.3,12.3,0.1,1020.1,35.1,3.67,0.12,0,0.0
FL-5609,United,SFO,LAX,21,4,4,1176,26.6,31.6,9.6,1.8,1003.8,69.7,1.05,0.18,0,0.0
FL-5610,Alaska,ORD,DFW,16,0,9,2692,22.0,0.2,8.8,0.3,1024.3,26.0,1.97,0.14,0,0.0
FL-5611,United,SFO,DEN,3,4,12,2589,3.7,0.2,7.5,1.6,1005.0,90.5,1.68,0.18,0,0.0
FL-5612,JetBlue,SFO,DFW,19,5,2,2468,13.8,3.7,8.0,0.0,1009.4,70.6,4.17,0.25,1,57.0
FL-5613,Southwest,ATL,DEN,23,1,8,2357,-5.4,7.1,6.0,0.0,1007.7,74.0,1.0,0.22,0,0.0
FL-5614,Alaska,LAX,ATL,23,6,9,2657,19.8,5.4,11.3,1.1,1018.1,57.2,1.0,0.14,0,0.0
FL-5615,Delta,SEA,DFW,21,6,5,2752,7.1,26.1,8.2,2.7,1007.6,67.0,1.0,0.12,0,0.0
FL-5616,JetBlue,LAX,ORD,23,6,7,2000,2.3,17.6,9.9,1.5,1011.3,65.5,1.0,0.25,0,0.0
FL-5617,United,ORD,MIA,8,6,6,239,11.7,27.3,13.6,0.0,1010.2,68.7,2.73,0.18,0,0.0
FL-5618,United,BOS,ORD,4,0,1,1682,9.4,7.3,9.6,2.4,1006.0,75.4,1.0,0.18,0,0.0
FL-5619,Southwest,JFK,LAX,16,2,8,2510,18.4,13.6,9.5,0.0,1013.1,37.6,2.61,0.22,0,0.0
FL-5620,Delta,DEN,SEA,16,5,9,2955,37.8,10.9,9.8,0.0,1015.1,67.9,2.83,0.12,0,0.0
FL-5621,Delta,JFK,SEA,1,1,10,2049,30.9,9.7,10.9,0.0,1018.6,88.9,1.66,0.12,0,0.0
FL-5622,American,SEA,ORD,1,5,11,1022,0.7,5.1,8.6,0.0,1017.9,57.0,1.0,0.2,0,0.0
FL-5623,Delta,JFK,MIA,20,3,1,660,33.4,18.5,12.6,0.9,1018.7,90.3,2.74,0.12,0,0.0
FL-5624,Southwest,DFW,BOS,22,3,8,1341,15.6,11.1,10.4,3.6,998.8,36.8,1.0,0.22,0,0.0
FL-5625,American,DEN,SEA,6,3,3,416,-15.5,1.2,8.4,0.0,1012.8,97.6,1.22,0.2,0,0.0
FL-5626,American,ORD,ATL,3,2,12,1940,12.3,0.0,9.0,0.7,1005.8,42.2,1.0,0.2,0,0.0
FL-5627,United,SEA,LAX,12,4,6,2324,-3.7,0.3,13.4,0.0,1013.1,66.9,1.0,0.18,0,0.0
FL-5628,United,MIA,DEN,19,0,10,1644,9.7,1.2,8.0,4.4,1014.1,70.3,3.53,0.18,1,72.0
FL-5629,Delta,ORD,MIA,10,6,8,1395,37.9,7.0,11.3,0.3,1014.7,66.1,1.79,0.12,0,0.0
FL-5630,American,DFW,BOS,2,2,5,2637,-0.7,5.5,11.4,2.8,1000.2,51.5,1.0,0.2,0,0.0
FL-5631,United,DEN,DFW,1,1,8,1351,-1.1,2.6,6.8,0.0,1032.1,84.9,1.0,0.18,0,0.0
FL-5632,Southwest,ATL,DFW,15,1,7,573,13.8,10.9,5.7,0.3,1031.4,49.4,1.0,0.22,0,0.0
FL-5633,United,DFW,SEA,2,3,7,853,5.2,52.7,9.0,0.2,1008.0,100.0,1.19,0.18,1,200.0
FL-5634,Alaska,ORD,DFW,23,0,7,1103,11.9,2.6,12.4,0.0,1004.1,47.0,1.0,0.14,0,0.0
FL-5635,Alaska,SEA,ATL,14,3,9,943,16.3,4.3,5.6,0.0,1035.7,83.6,1.01,0.14,0,0.0
FL-5636,United,BOS,LAX,16,1,6,2670,-2.8,9.3,7.4,4.8,1021.9,39.4,3.8,0.18,0,0.0
FL-5637,American,SEA,JFK,15,1,6,1052,17.7,15.4,12.0,0.7,1019.0,52.0,1.23,0.2,0,0.0
FL-5638,American,DEN,ATL,19,6,11,1970,5.9,13.8,6.8,0.0,1003.2,20.0,2.8,0.2,0,0.0
FL-5639,JetBlue,BOS,DEN,6,4,9,1030,27.9,11.0,13.1,0.0,1025.9,87.6,1.0,0.25,0,0.0
FL-5640,Alaska,LAX,BOS,15,6,6,1761,4.5,20.0,15.0,0.3,1006.1,75.6,1.0,0.14,0,0.0
FL-5641,Southwest,DEN,BOS,4,4,7,1172,6.5,28.1,7.6,0.0,1011.5,26.9,1.39,0.22,0,0.0
FL-5642,American,DEN,JFK,1,6,7,2876,3.8,70.0,14.4,0.0,1024.0,42.7,1.68,0.2,0,0.0
FL-5643,Delta,DFW,SFO,0,4,2,2817,10.0,9.4,11.0,0.0,1009.7,29.3,1.0,0.12,0,0.0
FL-5644,Alaska,SEA,DEN,21,3,12,1493,-2.3,70.0,7.6,0.0,1014.9,59.1,1.0,0.14,1,80.0
FL-5645,Southwest,ORD,MIA,12,5,8,1552,21.3,19.7,14.8,0.0,1022.4,58.5,1.58,0.22,0,0.0
FL-5646,Southwest,ATL,DEN,15,0,12,1518,8.7,16.1,11.2,0.0,1003.3,83.9,1.0,0.22,0,0.0
FL-5647,American,JFK,DFW,4,4,11,321,24.7,15.3,13.6,0.0,1022.3,62.6,1.04,0.2,0,0.0
FL-5648,Southwest,SFO,ORD,2,2,6,358,15.7,36.2,15.0,0.0,1025.9,96.1,1.0,0.22,0,0.0
FL-5649,American,ATL,BOS,14,4,4,506,35.5,44.3,9.7,0.0,1012.4,42.0,1.0,0.2,1,72.0
FL-5650,United,JFK,DFW,15,3,11,1312,11.9,2.9,11.7,0.0,1022.9,58.9,1.36,0.18,0,0.0
FL-5651,Alaska,LAX,SEA,10,0,7,950,10.7,10.2,6.7,0.0,1006.8,54.1,2.81,0.14,0,0.0
FL-5652,JetBlue,ORD,JFK,18,4,8,1261,22.1,42.6,8.6,5.0,1000.7,54.6,2.49,0.25,1,95.0
FL-5653,United,SEA,DEN,17,6,1,2096,-9.9,7.2,9.8,0.3,997.1,79.1,3.18,0.18,0,0.0
FL-5654,Alaska,MIA,SFO,20,0,10,790,9.2,4.0,10.6,1.5,1017.1,76.3,1.75,0.14,1,52.0
FL-5655,American,DEN,JFK,8,2,4,2080,14.0,1.6,3.6,0.0,1016.6,38.4,1.93,0.2,0,0.0
FL-5656,Alaska,ATL,DFW,7,1,4,545,23.7,13.6,14.6,1.2,1008.3,62.8,2.05,0.14,0,0.0
FL-5657,American,JFK,SFO,21,6,10,348,26.2,18.1,11.9,0.7,1022.4,68.1,1.47,0.2,0,0.0
FL-5658,United,MIA,SEA,18,0,9,1239,28.4,3.3,11.6,1.1,1007.8,89.7,2.84,0.18,0,0.0
FL-5659,Delta,ATL,DFW,21,5,6,1590,11.5,16.8,15.0,0.0,1003.1,94.8,1.22,0.12,0,0.0
FL-5660,Delta,ORD,ATL,4,4,4,980,6.2,34.5,14.9,1.2,1005.4,72.8,1.34,0.12,0,0.0
FL-5661,Alaska,SEA,LAX,16,6,1,317,15.7,4.2,9.5,0.0,1024.3,67.8,2.99,0.14,0,0.0
FL-5662,Delta,BOS,ATL,4,3,8,903,11.8,2.0,8.3,4.0,1019.7,73.4,1.64,0.12,0,0.0
FL-5663,American,ATL,DFW,13,5,11,2564,-5.1,27.1,11.9,0.0,1011.7,46.9,1.0,0.2,0,0.0
FL-5664,Southwest,ATL,SFO,6,5,9,487,17.0,37.2,14.7,7.9,1010.8,54.9,1.09,0.22,1,87.0
FL-5665,American,SEA,DEN,8,3,5,1574,4.0,3.6,9.6,0.0,1008.5,47.8,1.45,0.2,0,0.0
FL-5666,Southwest,LAX,BOS,16,3,5,2544,12.3,19.2,12.7,0.0,993.5,85.2,3.32,0.22,0,0.0
FL-5667,United,DFW,LAX,2,3,10,2224,11.5,13.4,15.0,0.0,1000.2,58.4,1.28,0.18,0,0.0
FL-5668,JetBlue,ATL,SFO,7,5,8,642,40.7,4.1,13.0,0.0,1011.9,60.6,2.28,0.25,0,0.0
FL-5669,Southwest,SEA,BOS,21,0,8,1100,25.8,26.0,5.2,0.0,1017.7,68.3,1.0,0.22,0,0.0
FL-5670,Delta,DFW,ORD,12,3,5,500,22.7,9.5,6.4,0.0,1010.4,73.5,1.53,0.12,0,0.0
FL-5671,American,SEA,JFK,15,1,4,2673,26.7,18.1,15.0,0.0,1000.6,98.3,1.0,0.2,0,0.0
FL-5672,United,SEA,LAX,20,5,6,449,10.8,5.4,10.3,3.6,1026.0,66.8,3.48,0.18,1,93.0
FL-5673,Delta,LAX,DEN,9,5,10,2157,0.1,25.4,11.0,0.0,1002.0,62.9,2.24,0.12,0,0.0
FL-5674,United,SEA,DFW,17,5,5,1966,-10.9,4.6,11.7,0.0,1013.1,86.9,3.22,0.18,1,75.0
FL-5675,JetBlue,ORD,JFK,2,2,8,1738,21.5,6.8,14.3,0.0,1014.3,63.9,1.0,0.25,0,0.0
FL-5676,American,ATL,JFK,11,0,9,885,21.6,7.5,7.7,0.3,1031.8,47.6,1.0,0.2,0,0.0
FL-5677,Alaska,JFK,DFW,15,0,1,2999,5.9,3.5,8.8,0.0,1005.4,25.6,1.05,0.14,0,0.0
FL-5678,American,JFK,DFW,17,3,9,1197,7.4,31.1,7.0,0.0,1013.4,71.6,3.97,0.2,1,75.0
FL-5679,JetBlue,JFK,DEN,16,5,9,605,5.4,1.8,3.8,0.0,1014.4,62.5,3.6,0.25,0,0.0
FL-5680,American,SEA,SFO,6,6,6,443,5.4,12.4,11.2,0.0,1003.9,94.1,1.0,0.2,0,0.0
FL-5681,Alaska,MIA,SFO,18,5,11,2614,8.9,25.2,7.4,0.4,1015.4,61.0,3.65,0.14,1,85.0
FL-5682,Southwest,DFW,JFK,22,3,10,2367,19.0,13.0,12.9,1.2,1009.5,46.3,1.0,0.22,1,51.0
FL-5683,United,DFW,BOS,22,0,5,1805,27.7,5.9,8.2,0.0,1010.5,78.8,1.35,0.18,0,0.0
FL-5684,Alaska,SEA,DEN,7,3,7,632,14.7,22.8,6.0,0.0,1007.2,66.7,2.39,0.14,0,0.0
FL-5685,Delta,ORD,MIA,16,3,11,382,30.2,10.4,13.2,1.2,1022.4,80.3,2.61,0.12,0,0.0
FL-5686,JetBlue,ORD,MIA,20,3,8,1684,43.5,2.7,11.6,0.5,1012.0,69.0,2.75,0.25,0,0.0
FL-5687,Southwest,DEN,LAX,6,3,9,1341,19.8,5.7,9.5,0.0,1006.6,69.3,1.0,0.22,0,0.0
FL-5688,Delta,SEA,LAX,0,3,9,230,14.3,13.4,9.7,0.0,995.7,67.8,1.0,0.12,0,0.0
FL-5689,Delta,SFO,DEN,7,4,10,1372,-12.9,16.1,11.8,0.0,1028.0,54.6,1.9,0.12,0,0.0
FL-5690,JetBlue,LAX,MIA,18,4,11,2775,22.2,11.9,15.0,1.4,1013.6,66.5,3.16,0.25,1,78.0
FL-5691,Southwest,JFK,ATL,19,5,3,1496,15.7,4.8,11.2,0.0,1023.3,66.0,3.4,0.22,1,105.0
FL-5692,Delta,LAX,DFW,19,5,8,2103,16.1,13.5,11.4,1.4,1022.9,94.9,2.78,0.12,0,0.0
FL-5693,Delta,JFK,ATL,9,6,1,301,12.3,6.1,8.6,0.0,1016.0,65.8,1.81,0.12,0,0.0
FL-5694,Southwest,BOS,DEN,11,6,7,1295,9.8,3.8,9.3,0.0,1020.3,59.9,1.51,0.22,0,0.0
FL-5695,American,BOS,DEN,23,4,12,1928,3.0,43.7,0.5,2.4,1023.1,84.4,1.0,0.2,1,94.0
FL-5696,Delta,SEA,ATL,0,0,5,2870,24.7,5.7,7.2,0.0,1004.7,49.0,1.57,0.12,0,0.0
FL-5697,United,BOS,DEN,23,2,2,2655,-17.5,6.1,6.8,0.0,1020.2,74.5,1.14,0.18,0,0.0
FL-5698,Southwest,MIA,DFW,20,0,2,1590,20.3,34.1,6.7,0.0,1015.3,44.3,3.93,0.22,1,99.0
FL-5699,Delta,DEN,JFK,3,6,8,1029,-3.2,2.3,8.9,0.5,1005.9,32.7,1.0,0.12,0,0.0
FL-5700,JetBlue,ORD,DFW,3,5,5,817,30.3,13.2,9.2,0.0,1019.9,85.4,1.0,0.25,0,0.0
FL-5701,Alaska,MIA,DEN,8,4,12,2796,11.0,23.0,6.8,0.3,1005.3,58.6,2.57,0.14,0,0.0
FL-5702,United,LAX,ORD,14,0,11,490,21.7,4.8,13.8,1.6,1017.4,26.2,1.0,0.18,0,0.0
FL-5703,Alaska,LAX,ORD,23,2,3,2669,17.3,27.9,11.8,0.0,1015.3,50.5,1.0,0.14,0,0.0
FL-5704,Alaska,BOS,JFK,14,3,1,380,29.3,22.0,10.6,3.2,1007.8,61.7,1.65,0.14,0,0.0
FL-5705,Delta,ORD,LAX,6,1,11,2902,37.1,10.0,11.9,0.3,1028.1,100.0,1.14,0.12,0,0.0
FL-5706,United,DEN,SEA,11,4,7,2361,28.9,1.9,4.8,0.0,1019.9,21.9,1.0,0.18,0,0.0
FL-5707,United,JFK,SEA,2,4,11,1461,22.4,52.7,4.8,0.0,1006.6,80.5,1.02,0.18,1,91.0
FL-5708,American,MIA,SEA,19,2,12,459,11.6,14.7,13.7,0.0,1023.0,55.4,3.01,0.2,0,0.0
FL-5709,Alaska,DEN,JFK,8,3,3,2491,20.8,10.9,15.0,0.0,1010.2,64.2,1.56,0.14,0,0.0
FL-5710,United,ATL,JFK,13,3,7,2670,27.3,32.5,10.2,0.0,1009.8,51.7,1.43,0.18,0,0.0
FL-5711,American,DFW,ATL,12,1,12,534,10.4,8.2,15.0,0.0,1020.7,83.0,1.37,0.2,0,0.0
FL-5712,Southwest,BOS,SFO,23,3,2,1246,15.8,12.4,10.0,0.0,1018.2,69.6,1.0,0.22,0,0.0
FL-5713,American,JFK,SEA,11,2,4,2096,5.9,29.3,7.9,0.0,1011.0,48.9,1.11,0.2,0,0.0
FL-5714,JetBlue,ATL,LAX,0,5,2,470,25.4,7.5,12.9,3.2,1025.6,81.2,1.0,0.25,0,0.0
FL-5715,Delta,JFK,ATL,18,3,4,2701,21.0,22.2,3.5,0.3,1006.7,90.8,3.95,0.12,0,0.0
FL-5716,Southwest,JFK,DEN,15,5,5,1607,-0.2,4.4,8.2,2.3,1024.4,85.6,1.46,0.22,0,0.0
FL-5717,Southwest,BOS,ATL,11,6,8,2841,19.1,18.2,7.5,0.0,1007.0,100.0,1.0,0.22,0,0.0
FL-5718,JetBlue,JFK,ORD,9,6,2,1600,12.7,10.7,6.4,0.0,1015.9,84.8,1.95,0.25,0,0.0
FL-5719,American,DEN,MIA,1,5,10,1209,16.5,2.7,8.5,0.0,1010.1,67.2,1.0,0.2,0,0.0
FL-5720,Delta,DEN,ATL,17,2,3,1661,6.6,2.2,10.9,0.0,1019.4,54.4,2.62,0.12,1,80.0
FL-5721,American,ATL,SEA,12,4,10,1804,30.8,9.2,13.9,0.8,996.7,81.8,1.21,0.2,0,0.0
FL-5722,United,LAX,SEA,23,4,12,331,7.1,18.6,13.1,1.1,1004.7,53.1,1.0,0.18,0,0.0
FL-5723,American,ORD,MIA,5,4,5,1944,40.5,13.9,5.2,1.8,1017.6,87.0,1.0,0.2,0,0.0
FL-5724,Southwest,MIA,BOS,11,0,11,2748,16.8,28.9,15.0,2.6,1020.1,61.5,1.0,0.22,0,0.0
FL-5725,Delta,MIA,ATL,21,4,12,1745,11.5,7.4,13.7,0.0,1007.9,71.7,1.0,0.12,0,0.0
FL-5726,American,SFO,MIA,3,2,12,334,20.4,27.8,10.1,0.7,1021.6,43.9,1.41,0.2,0,0.0
FL-5727,Delta,BOS,JFK,0,1,9,966,18.7,0.6,14.0,2.0,1007.4,60.5,2.01,0.12,0,0.0
FL-5728,Delta,SEA,ATL,10,6,10,969,38.8,6.8,7.2,0.0,1017.2,47.3,2.45,0.12,0,0.0
FL-5729,United,SEA,LAX,22,3,11,2341,20.6,1.1,12.5,2.7,1011.9,95.4,1.05,0.18,0,0.0
FL-5730,United,ATL,BOS,7,4,5,2107,-7.3,37.7,4.2,0.0,1001.0,59.9,2.1,0.18,0,0.0
FL-5731,Southwest,JFK,SFO,1,0,9,1464,7.4,9.7,9.1,0.8,1027.1,63.8,1.33,0.22,0,0.0
FL-5732,JetBlue,JFK,ATL,1,6,4,1972,24.7,5.7,14.1,1.4,1008.5,45.7,1.0,0.25,0,0.0
FL-5733,Delta,BOS,ATL,15,6,10,364,12.9,10.2,8.6,0.0,1007.1,37.4,1.02,0.12,0,0.0
FL-5734,JetBlue,DFW,DEN,0,5,5,524,9.0,11.4,8.8,0.0,1009.9,49.3,1.42,0.25,0,0.0
FL-5735,Southwest,LAX,JFK,3,0,9,819,7.0,28.1,8.2,0.9,1009.6,49.5,1.31,0.22,0,0.0
FL-5736,Delta,SFO,MIA,5,2,4,430,4.0,11.7,9.4,0.0,1014.6,49.1,1.0,0.12,0,0.0
FL-5737,Delta,DEN,SEA,20,1,5,2829,18.1,8.5,7.0,0.0,1009.2,48.7,3.39,0.12,0,0.0
FL-5738,Alaska,JFK,MIA,19,4,5,2980,7.0,48.8,14.7,0.0,1008.8,78.4,3.85,0.14,1,94.0
FL-5739,JetBlue,SFO,MIA,13,4,4,1402,31.1,51.9,6.4,0.0,1016.9,56.7,1.15,0.25,1,51.0
FL-5740,American,MIA,BOS,19,0,4,1577,5.1,0.6,11.0,0.0,1013.1,75.5,3.26,0.2,1,48.0
FL-5741,United,DFW,ATL,14,2,11,2918,-0.6,18.4,12.5,2.2,1016.7,56.4,1.3,0.18,0,0.0
FL-5742,American,DEN,MIA,6,0,5,2091,14.8,7.0,7.8,0.5,1010.7,69.4,1.0,0.2,0,0.0
FL-5743,JetBlue,BOS,SEA,6,0,12,602,-9.4,16.9,5.6,0.0,1015.4,77.0,1.24,0.25,0,0.0
FL-5744,United,SFO,DFW,17,1,6,2368,-13.9,15.2,8.3,0.0,1000.8,52.1,2.93,0.18,0,0.0
FL-5745,American,ATL,LAX,22,2,7,2974,22.5,6.0,8.8,1.0,1021.7,87.2,1.63,0.2,0,0.0
FL-5746,Alaska,DEN,DFW,1,1,6,584,15.7,64.8,12.8,0.0,1009.7,66.1,1.07,0.14,0,0.0
FL-5747,United,BOS,ATL,19,2,1,1963,-10.0,6.6,9.6,0.0,1011.3,43.6,2.75,0.18,0,0.0
FL-5748,Delta,SEA,MIA,14,4,2,1648,16.1,15.0,10.0,0.0,1017.4,53.3,1.0,0.12,0,0.0
FL-5749,American,BOS,DFW,0,3,7,2723,11.5,25.2,5.8,0.0,1015.0,58.5,1.86,0.2,0,0.0
FL-5750,United,BOS,SEA,20,5,3,2807,-3.3,2.4,9.4,0.0,1018.1,56.6,4.5,0.18,1,112.0
FL-5751,Alaska,DEN,BOS,16,3,12,1390,23.8,5.4,14.3,0.0,1023.9,21.2,3.2,0.14,0,0.0
FL-5752,United,DFW,ORD,19,6,10,588,33.2,3.3,13.3,0.5,1011.0,44.4,2.65,0.18,0,0.0
FL-5753,United,DEN,SFO,12,2,11,1746,38.1,22.8,8.5,0.0,1012.7,77.0,1.0,0.18,0,0.0
FL-5754,Alaska,ORD,DEN,11,3,2,1973,18.9,24.2,12.5,0.0,1034.5,60.9,1.0,0.14,0,0.0
FL-5755,American,LAX,DFW,23,0,6,989,15.3,4.4,9.6,0.0,1009.2,69.9,1.03,0.2,1,49.0
FL-5756,Southwest,DFW,ORD,21,4,11,1694,36.3,0.1,11.5,0.0,1007.6,69.1,1.0,0.22,0,0.0
FL-5757,American,ATL,JFK,14,5,4,2951,18.0,8.3,9.1,2.4,1019.3,60.7,1.0,0.2,0,0.0
FL-5758,JetBlue,DFW,MIA,23,5,12,1747,10.9,17.4,7.1,0.0,1020.5,51.5,1.19,0.25,0,0.0
FL-5759,Alaska,MIA,DFW,4,6,11,2300,7.1,14.6,6.9,1.2,1019.8,54.3,1.0,0.14,0,0.0
FL-5760,American,ATL,MIA,6,5,5,2814,21.6,8.9,11.6,3.9,1007.7,67.7,1.0,0.2,0,0.0
FL-5761,United,SEA,JFK,7,4,6,1020,-4.6,5.4,2.1,2.9,1011.9,45.3,2.68,0.18,1,87.0
FL-5762,Alaska,DEN,SEA,22,3,3,1244,28.9,9.6,13.2,0.0,1013.0,72.1,1.0,0.14,0,0.0
FL-5763,Delta,BOS,ORD,13,5,1,1242,-1.7,0.2,9.3,0.0,1010.6,90.0,2.81,0.12,0,0.0
FL-5764,American,DEN,MIA,3,5,3,2079,4.8,1.2,8.1,2.4,1014.3,24.3,1.29,0.2,0,0.0
FL-5765,Alaska,MIA,ORD,20,2,3,1061,18.7,2.7,13.0,1.6,1010.5,74.6,2.29,0.14,0,0.0
FL-5766,American,SFO,ORD,13,0,6,1679,35.9,14.7,1.7,0.0,1025.2,61.5,1.38,0.2,1,109.0
FL-5767,Alaska,MIA,BOS,9,2,4,2569,11.8,3.7,11.4,0.7,1005.1,74.2,2.81,0.14,1,44.0
FL-5768,United,ORD,LAX,21,3,7,2680,2.4,8.3,14.9,0.0,1027.0,54.7,1.18,0.18,0,0.0
FL-5769,Delta,BOS,ATL,15,4,11,1994,27.8,14.6,5.9,1.1,1003.0,89.9,1.71,0.12,0,0.0
FL-5770,Delta,BOS,SFO,10,4,2,1663,9.7,26.6,8.6,4.5,1028.8,61.6,2.72,0.12,0,0.0
FL-5771,JetBlue,JFK,ATL,21,2,12,2107,-5.2,12.0,11.4,0.2,1020.4,68.2,1.0,0.25,1,43.0
FL-5772,Alaska,SFO,MIA,13,1,4,2305,22.3,2.9,5.3,0.0,1007.4,72.3,1.0,0.14,0,0.0
FL-5773,American,JFK,MIA,13,2,8,950,12.3,45.5,10.7,0.0,1013.0,67.4,1.0,0.2,0,0.0
FL-5774,Delta,SEA,DFW,1,1,11,1516,12.1,1.4,15.0,0.0,1018.7,68.2,1.44,0.12,0,0.0
FL-5775,Delta,LAX,ATL,21,6,6,381,23.8,6.9,11.0,0.0,1018.7,70.1,1.0,0.12,0,0.0
FL-5776,Southwest,LAX,ORD,12,2,10,2104,24.9,38.1,10.9,3.3,1012.0,56.1,1.0,0.22,1,56.0
FL-5777,Southwest,DEN,ATL,2,1,3,2854,6.0,13.8,6.4,0.4,1004.9,59.8,2.33,0.22,1,59.0
FL-5778,Delta,LAX,DFW,17,1,10,1160,16.5,16.3,14.0,1.8,1021.4,83.6,3.01,0.12,0,0.0
FL-5779,Alaska,BOS,MIA,21,5,12,304,-3.7,5.4,1.8,0.0,1015.2,37.2,1.0,0.14,1,98.0
FL-5780,JetBlue,MIA,SEA,3,6,2,1484,11.9,1.2,9.9,0.0,1024.2,50.4,1.0,0.25,0,0.0
FL-5781,Delta,SFO,DFW,20,5,3,2854,4.5,6.8,12.7,0.0,1012.1,34.1,2.55,0.12,0,0.0
FL-5782,United,DEN,SFO,20,1,1,1189,12.5,7.7,2.5,0.9,1014.6,34.5,2.6,0.18,1,122.0
FL-5783,American,DEN,SEA,18,1,1,683,10.1,4.7,4.0,0.9,1024.4,47.1,2.99,0.2,0,0.0
FL-5784,JetBlue,SFO,JFK,15,0,2,1925,12.8,3.6,5.6,0.0,1014.9,60.9,1.0,0.25,0,0.0
FL-5785,United,BOS,DFW,3,1,3,2376,-5.1,6.6,14.1,0.0,1002.6,74.5,1.21,0.18,0,0.0
FL-5786,JetBlue,SEA,ATL,18,5,9,2566,-0.8,15.3,8.1,1.1,1001.5,71.9,2.36,0.25,1,104.0
FL-5787,United,SEA,ATL,22,1,8,906,12.4,44.6,12.7,0.0,999.2,76.0,1.69,0.18,1,93.0
FL-5788,American,DEN,LAX,14,4,12,2756,32.9,18.2,12.2,1.2,1006.0,53.7,1.6,0.2,0,0.0
FL-5789,American,SEA,JFK,0,0,11,219,23.8,22.7,5.0,7.1,1009.6,99.9,1.0,0.2,1,46.0
FL-5790,Southwest,BOS,SFO,15,1,11,951,20.2,5.5,8.8,0.0,1020.1,64.4,1.92,0.22,0,0.0
FL-5791,Alaska,ORD,MIA,14,5,9,434,7.9,1.7,9.3,0.6,1021.1,89.3,1.0,0.14,0,0.0
FL-5792,United,ORD,SFO,15,5,7,1820,3.7,5.2,11.5,1.0,996.2,57.5,1.0,0.18,0,0.0
FL-5793,Southwest,JFK,SEA,21,3,7,805,22.5,7.7,10.7,0.0,1017.9,52.6,1.0,0.22,0,0.0
FL-5794,United,DFW,BOS,19,5,5,753,1.0,17.6,9.8,0.0,1010.1,70.1,2.68,0.18,0,0.0
FL-5795,Southwest,ATL,LAX,0,0,7,2099,34.6,42.0,13.5,2.0,1015.8,41.9,1.0,0.22,1,69.0
FL-5796,American,LAX,DFW,16,5,4,2700,14.5,24.9,13.5,0.0,1028.4,41.7,2.77,0.2,0,0.0
FL-5797,JetBlue,SEA,BOS,4,4,5,785,39.2,4.6,5.7,0.0,1006.4,87.1,1.36,0.25,0,0.0
FL-5798,Southwest,ORD,SFO,4,2,12,1183,35.4,25.7,8.7,3.0,1017.0,66.9,1.0,0.22,0,0.0
FL-5799,United,MIA,ORD,6,4,1,1850,20.1,8.0,10.1,0.0,1021.5,59.5,2.59,0.18,0,0.0
FL-5800,United,SFO,DEN,12,6,11,622,19.6,2.9,10.3,1.7,1013.7,89.2,1.71,0.18,0,0.0
FL-5801,Alaska,DFW,ORD,11,4,4,2253,7.3,9.3,11.7,0.9,1008.0,51.9,1.64,0.14,0,0.0
FL-5802,American,JFK,SFO,3,0,3,657,30.9,12.4,11.1,0.0,1007.9,100.0,1.0,0.2,0,0.0
FL-5803,United,ATL,ORD,3,0,2,2114,10.4,21.6,11.8,0.0,1009.2,62.0,1.0,0.18,1,98.0
FL-5804,Delta,ORD,DEN,22,3,2,2801,-5.3,6.5,12.1,2.2,1014.9,51.2,1.0,0.12,0,0.0
FL-5805,JetBlue,JFK,SFO,20,5,8,2769,28.8,2.4,9.2,0.0,1007.5,83.2,2.46,0.25,0,0.0
FL-5806,Southwest,DFW,BOS,20,3,1,1045,21.5,1.5,9.0,1.6,1017.7,52.1,4.03,0.22,1,71.0
FL-5807,Alaska,SFO,ORD,5,0,8,750,8.8,1.8,14.2,0.0,1016.4,66.3,1.54,0.14,0,0.0
FL-5808,JetBlue,LAX,DEN,23,5,9,1620,18.2,44.9,8.5,0.0,999.3,100.0,1.0,0.25,0,0.0
FL-5809,American,ORD,SEA,14,0,6,2194,15.4,45.5,12.2,0.0,1022.0,58.8,1.21,0.2,1,97.0
FL-5810,Alaska,SFO,MIA,20,0,1,2258,32.7,52.0,7.7,0.0,1030.7,65.0,3.05,0.14,1,52.0
FL-5811,Southwest,ATL,DEN,18,2,10,1845,2.9,5.4,11.0,0.9,1009.2,68.4,2.51,0.22,0,0.0
FL-5812,Southwest,SEA,LAX,5,4,12,696,32.9,3.2,11.2,0.0,1020.3,86.8,1.39,0.22,0,0.0
FL-5813,Delta,DFW,MIA,11,3,7,2992,31.0,59.4,11.9,0.0,1023.8,60.6,1.05,0.12,0,0.0
FL-5814,American,ATL,SEA,13,3,5,2736,7.3,66.7,14.8,0.0,1018.7,93.9,1.0,0.2,0,0.0
FL-5815,Alaska,LAX,JFK,17,1,9,2983,20.0,1.2,7.0,0.0,1017.5,60.8,2.42,0.14,0,0.0
FL-5816,Alaska,SFO,BOS,11,6,7,2705,21.6,20.9,10.4,0.0,999.5,79.6,1.3,0.14,0,0.0
FL-5817,United,BOS,ATL,23,2,5,2711,50.7,5.1,12.0,0.0,1010.7,54.9,1.0,0.18,0,0.0
FL-5818,Delta,LAX,SEA,23,0,2,2290,5.6,36.0,12.0,0.0,1011.8,68.5,1.0,0.12,0,0.0
FL-5819,Delta,DEN,MIA,14,0,4,738,-8.1,1.4,9.1,0.6,1023.7,75.2,1.6,0.12,0,0.0
FL-5820,Alaska,ORD,MIA,18,2,2,767,-9.1,32.9,11.2,0.2,1002.8,65.0,3.07,0.14,0,0.0
FL-5821,Alaska,SEA,LAX,7,5,9,320,17.5,0.0,9.9,1.0,1028.6,49.2,1.62,0.14,0,0.0
FL-5822,JetBlue,DFW,JFK,8,3,2,2872,27.3,11.1,12.2,0.1,1026.1,58.4,3.24,0.25,1,64.0
FL-5823,JetBlue,MIA,ATL,4,0,2,515,4.3,6.1,9.8,2.8,1005.1,82.2,1.0,0.25,0,0.0
FL-5824,JetBlue,SFO,LAX,4,6,2,1338,12.7,8.4,9.8,0.0,1003.0,57.1,1.0,0.25,0,0.0
FL-5825,Delta,BOS,MIA,5,1,1,820,9.7,8.5,10.8,0.0,1021.7,100.0,1.02,0.12,0,0.0
FL-5826,United,MIA,DEN,22,3,9,653,1.3,15.9,8.5,0.0,1010.7,67.6,1.0,0.18,0,0.0
FL-5827,Southwest,ORD,SEA,2,4,8,2934,22.2,0.4,7.7,3.1,1011.0,67.6,1.0,0.22,0,0.0
FL-5828,JetBlue,ORD,DEN,4,6,2,2871,-6.0,17.6,6.0,0.3,1020.8,70.6,1.79,0.25,0,0.0
FL-5829,United,DFW,JFK,0,2,2,811,22.7,0.3,9.6,0.0,1003.6,67.5,1.69,0.18,0,0.0
FL-5830,American,BOS,SEA,10,3,5,1743,9.8,3.1,7.8,0.0,1020.7,95.8,2.91,0.2,0,0.0
FL-5831,JetBlue,ORD,DEN,20,4,12,1158,26.8,14.0,9.1,0.1,1003.1,58.8,3.5,0.25,1,69.0
FL-5832,Southwest,MIA,JFK,19,1,12,2208,17.1,1.4,13.7,1.5,1002.6,72.9,3.56,0.22,1,61.0
FL-5833,American,BOS,JFK,0,5,4,846,-3.6,70.0,9.2,0.0,1020.3,84.3,1.47,0.2,1,57.0
FL-5834,American,MIA,SEA,6,2,2,962,18.8,23.0,13.8,0.3,1018.5,95.2,1.1,0.2,0,0.0
FL-5835,Southwest,LAX,DEN,14,5,8,1560,10.4,18.3,11.2,0.0,995.5,71.9,1.0,0.22,0,0.0
FL-5836,JetBlue,ATL,SEA,16,6,8,439,28.1,4.7,9.2,0.0,1020.1,41.5,2.63,0.25,0,0.0
FL-5837,Delta,BOS,MIA,7,0,4,2981,23.7,0.7,6.9,0.0,1028.4,39.4,2.21,0.12,0,0.0
FL-5838,Southwest,JFK,SEA,1,5,4,1609,28.7,57.8,9.7,0.0,1013.9,72.7,1.0,0.22,1,84.0
FL-5839,Southwest,ATL,MIA,12,0,9,1368,10.9,2.4,8.8,0.0,1023.3,74.2,1.36,0.22,0,0.0
FL-5840,Southwest,ATL,MIA,11,6,4,2624,4.0,26.6,13.6,0.6,1011.2,67.1,1.2,0.22,0,0.0
FL-5841,American,BOS,ATL,4,4,10,2251,14.8,3.3,15.0,0.0,1021.7,60.4,1.06,0.2,1,54.0
FL-5842,United,SEA,BOS,12,3,11,396,23.8,7.0,13.1,0.3,991.9,63.9,1.0,0.18,0,0.0
FL-5843,Delta,ORD,LAX,5,1,9,2636,3.5,17.7,7.8,0.0,1008.1,63.5,1.2,0.12,0,0.0
FL-5844,JetBlue,LAX,BOS,14,4,3,460,18.7,43.6,10.2,0.0,1035.8,62.8,1.07,0.25,0,0.0
FL-5845,JetBlue,SEA,ORD,22,1,2,2850,19.5,0.3,9.3,0.5,1025.0,72.2,1.0,0.25,0,0.0
FL-5846,United,SEA,LAX,21,5,11,1994,31.5,4.5,8.2,3.3,1010.5,65.6,1.39,0.18,0,0.0
FL-5847,Southwest,JFK,DFW,20,1,8,2157,2.5,21.7,9.7,0.0,1012.8,52.6,2.97,0.22,1,45.0
FL-5848,Delta,SFO,DFW,21,5,12,293,20.9,2.9,9.6,0.0,1004.1,58.8,1.3,0.12,0,0.0
FL-5849,JetBlue,BOS,LAX,10,1,3,1480,9.1,1.8,15.0,0.0,1013.1,40.3,2.97,0.25,1,45.0
FL-5850,Alaska,MIA,JFK,3,2,2,335,5.9,0.7,11.0,5.9,999.2,27.0,1.0,0.14,1,51.0
FL-5851,JetBlue,ORD,SFO,0,4,11,2772,38.3,10.5,12.5,0.5,1017.3,66.0,1.27,0.25,0,0.0
FL-5852,Southwest,SEA,BOS,14,2,8,2203,20.3,21.9,13.1,0.0,1008.6,69.8,1.0,0.22,0,0.0
FL-5853,Alaska,LAX,SFO,11,3,8,2745,33.4,48.9,12.3,6.8,1018.6,44.4,1.39,0.14,1,111.0
FL-5854,United,SFO,BOS,8,3,5,1401,6.0,4.7,14.1,2.1,1008.5,73.7,2.98,0.18,0,0.0
FL-5855,Delta,JFK,DEN,10,0,9,2359,35.1,1.9,8.9,0.0,1007.9,70.2,2.91,0.12,0,0.0
FL-5856,United,DEN,ORD,4,0,11,1487,10.1,7.7,12.9,0.0,1020.3,52.9,1.51,0.18,0,0.0
FL-5857,United,ORD,DFW,23,0,6,568,24.5,0.9,15.0,0.0,1009.5,63.4,1.6,0.18,0,0.0
FL-5858,Delta,DEN,ATL,6,6,5,1135,3.7,6.0,7.8,0.0,1010.0,41.2,1.0,0.12,0,0.0
FL-5859,Delta,ATL,JFK,7,3,12,967,2.1,15.5,9.0,0.0,1025.1,75.4,2.82,0.12,0,0.0
FL-5860,JetBlue,SEA,ORD,0,1,3,2833,14.7,2.8,8.8,0.0,1024.9,29.1,1.46,0.25,0,0.0
FL-5861,JetBlue,DFW,ORD,0,5,7,872,33.6,15.0,15.0,0.9,1019.9,61.6,1.0,0.25,0,0.0
FL-5862,Delta,ORD,JFK,2,6,9,710,30.2,53.6,6.8,0.0,1013.2,87.6,1.0,0.12,0,0.0
FL-5863,Alaska,MIA,BOS,7,1,4,912,16.7,29.9,10.3,0.5,1032.9,64.3,2.76,0.14,0,0.0
FL-5864,American,SFO,JFK,10,4,11,1019,11.1,6.6,11.5,1.9,1024.1,56.1,2.88,0.2,0,0.0
FL-5865,JetBlue,LAX,BOS,0,3,7,2624,18.8,8.2,8.4,1.3,1007.9,40.4,1.56,0.25,0,0.0
FL-5866,American,ORD,JFK,13,5,12,744,2.4,8.2,7.0,0.0,1019.0,100.0,1.01,0.2,0,0.0
FL-5867,Alaska,MIA,LAX,0,5,3,2320,16.7,29.5,7.5,0.0,1005.3,41.1,1.06,0.14,0,0.0
FL-5868,Delta,BOS,LAX,5,5,11,703,15.6,70.0,9.2,0.0,1016.6,87.4,1.05,0.12,0,0.0
FL-5869,Alaska,DEN,SFO,20,0,2,1004,15.6,26.2,8.4,0.3,1011.6,57.6,2.73,0.14,0,0.0
FL-5870,JetBlue,BOS,DEN,5,5,11,909,20.6,12.3,14.3,0.0,1008.7,68.2,1.4,0.25,0,0.0
FL-5871,United,SFO,JFK,2,5,1,2572,24.5,1.5,8.4,0.0,1016.8,62.4,1.32,0.18,0,0.0
FL-5872,Delta,JFK,ATL,9,3,6,587,-13.7,46.3,8.4,0.6,1006.2,43.0,2.45,0.12,0,0.0
FL-5873,Southwest,SEA,LAX,11,1,5,439,5.0,29.5,11.2,0.0,1011.1,50.7,1.03,0.22,0,0.0
FL-5874,American,ORD,SEA,9,6,2,1297,7.1,27.6,10.9,0.0,1016.8,87.9,2.42,0.2,0,0.0
FL-5875,Alaska,DFW,BOS,21,6,3,2278,13.1,7.5,0.5,1.9,1013.8,26.4,1.97,0.14,1,60.0
FL-5876,Delta,DEN,LAX,1,1,9,2726,14.2,8.9,7.4,2.3,1011.6,61.9,1.3,0.12,0,0.0
FL-5877,Alaska,DEN,LAX,23,2,3,2964,22.6,1.9,8.5,0.0,1010.6,96.1,1.0,0.14,0,0.0
FL-5878,Delta,ORD,BOS,21,2,7,1539,18.9,41.7,7.0,0.0,1010.9,73.3,1.0,0.12,1,47.0
FL-5879,JetBlue,ATL,DFW,12,4,1,267,29.4,43.0,12.9,1.4,1025.8,73.2,1.0,0.25,1,56.0
FL-5880,JetBlue,BOS,DFW,15,3,7,2785,11.4,4.4,5.5,0.0,1021.4,73.8,1.04,0.25,0,0.0
FL-5881,JetBlue,DEN,BOS,12,2,9,2143,6.9,17.9,13.2,0.0,999.7,63.9,1.0,0.25,0,0.0
FL-5882,Alaska,MIA,SFO,3,2,12,1919,13.3,3.4,3.7,2.6,1004.9,57.4,1.48,0.14,0,0.0
FL-5883,Southwest,LAX,BOS,3,3,11,1872,15.4,7.5,10.2,0.4,1003.3,86.0,1.0,0.22,0,0.0
FL-5884,JetBlue,SEA,BOS,10,1,8,490,16.2,5.4,14.7,0.1,1009.5,44.1,2.54,0.25,0,0.0
FL-5885,Delta,DEN,MIA,22,4,7,1174,11.9,7.4,8.2,0.0,1022.9,74.2,1.14,0.12,0,0.0
FL-5886,JetBlue,MIA,BOS,13,4,10,2271,28.0,5.5,10.1,0.2,1006.5,48.4,1.05,0.25,0,0.0
FL-5887,United,SFO,DFW,2,4,8,614,26.8,6.4,13.1,0.0,1016.7,53.3,1.0,0.18,0,0.0
FL-5888,JetBlue,SFO,DFW,18,2,4,1050,28.1,23.5,13.0,0.0,1021.9,85.7,2.55,0.25,0,0.0
FL-5889,Alaska,SEA,MIA,21,1,2,2928,3.2,5.4,10.9,0.0,995.7,59.3,1.0,0.14,0,0.0
FL-5890,Southwest,ATL,DFW,0,4,11,2348,23.7,25.3,9.5,0.0,1008.7,53.7,1.13,0.22,0,0.0
FL-5891,United,DFW,BOS,4,3,9,745,34.3,12.6,9.4,0.0,1000.2,95.3,1.0,0.18,0,0.0
FL-5892,Alaska,SEA,DEN,16,4,3,2286,28.4,22.7,5.8,0.0,1007.9,47.0,2.63,0.14,0,0.0
FL-5893,Alaska,JFK,MIA,0,6,11,2458,8.8,37.7,6.9,0.0,1016.9,100.0,1.0,0.14,0,0.0
FL-5894,Alaska,ATL,ORD,18,0,4,941,11.0,2.2,10.1,0.0,999.2,69.4,3.27,0.14,1,71.0
FL-5895,Delta,DEN,ATL,18,1,7,2014,-3.8,6.3,10.8,2.3,1013.0,85.9,2.89,0.12,1,51.0
FL-5896,Alaska,SEA,DEN,3,0,2,791,30.4,0.9,15.0,0.0,998.9,51.4,1.03,0.14,0,0.0
FL-5897,Delta,BOS,DFW,18,1,8,949,3.3,7.8,12.3,0.6,1002.8,82.2,2.9,0.12,0,0.0
FL-5898,Alaska,SFO,ORD,5,5,12,2419,9.2,4.1,9.0,0.0,1022.6,81.0,2.28,0.14,0,0.0
FL-5899,American,MIA,JFK,14,3,10,1037,21.7,12.7,11.5,2.2,1018.6,54.7,1.01,0.2,0,0.0
FL-5900,United,SEA,DEN,3,5,8,2689,16.7,22.9,4.7,0.0,1002.8,58.1,1.0,0.18,0,0.0
FL-5901,American,BOS,SFO,23,2,12,733,19.4,10.0,10.3,0.0,1013.0,37.6,1.0,0.2,0,0.0
FL-5902,Alaska,ATL,MIA,0,2,5,564,8.1,6.1,12.1,0.3,1011.1,45.6,1.0,0.14,0,0.0
FL-5903,United,JFK,ORD,23,5,9,566,-0.1,2.5,12.1,0.6,1015.2,79.4,1.81,0.18,0,0.0
FL-5904,United,MIA,ATL,16,1,8,1973,17.6,0.4,9.8,3.7,1020.0,62.1,2.28,0.18,0,0.0
FL-5905,Southwest,LAX,ORD,10,4,1,2543,4.4,17.0,11.7,0.0,1033.2,40.7,2.1,0.22,0,0.0
FL-5906,American,JFK,SEA,16,0,9,2853,21.2,0.5,9.2,0.0,1010.3,73.3,4.09,0.2,0,0.0
FL-5907,Southwest,DEN,MIA,22,3,5,2770,4.3,38.0,11.2,0.0,1029.0,89.5,1.0,0.22,1,61.0
FL-5908,United,BOS,JFK,0,4,9,1852,13.2,13.5,7.2,0.4,1006.0,84.0,1.4,0.18,0,0.0
FL-5909,Delta,SEA,LAX,8,2,9,464,35.6,6.5,6.6,0.0,1012.0,85.2,2.38,0.12,0,0.0
FL-5910,United,SEA,LAX,13,4,10,1261,17.6,0.6,13.8,0.0,1009.1,30.5,1.0,0.18,0,0.0
FL-5911,Southwest,ORD,DFW,14,5,10,2234,5.4,8.0,9.4,0.0,1009.5,73.3,1.29,0.22,0,0.0
FL-5912,American,SFO,ORD,23,5,3,581,21.0,30.3,11.3,0.0,1014.9,31.3,1.0,0.2,0,0.0
FL-5913,Alaska,DEN,JFK,0,6,8,1366,13.3,52.5,7.6,0.0,1019.2,42.9,1.44,0.14,1,73.0
FL-5914,Alaska,BOS,LAX,1,6,7,2678,5.5,1.3,6.6,0.0,1015.9,82.2,1.0,0.14,0,0.0
FL-5915,American,SEA,BOS,17,0,7,588,15.3,22.5,8.4,6.3,1019.2,71.8,2.39,0.2,1,96.0
FL-5916,Alaska,LAX,JFK,17,2,12,2301,29.9,4.5,11.3,0.0,1018.6,89.4,3.66,0.14,1,63.0
FL-5917,Alaska,MIA,BOS,5,1,10,2271,22.2,7.2,3.8,0.0,1015.6,62.0,1.0,0.14,0,0.0
FL-5918,Southwest,DEN,MIA,19,3,2,594,12.8,11.9,10.6,2.5,1012.1,87.4,3.43,0.22,1,66.0
FL-5919,American,ATL,LAX,7,5,2,2880,0.4,70.0,12.0,1.1,1008.1,70.2,3.33,0.2,1,60.0
FL-5920,JetBlue,LAX,ORD,0,3,2,2366,23.8,3.5,7.4,0.0,1009.3,48.6,1.0,0.25,0,0.0
FL-5921,Delta,MIA,DFW,14,2,11,1182,20.7,2.1,10.7,2.8,1023.9,82.4,1.0,0.12,0,0.0
FL-5922,Delta,DFW,SFO,9,1,2,2439,-4.5,13.6,10.5,3.5,1008.9,64.9,2.78,0.12,0,0.0
FL-5923,Alaska,SFO,ATL,3,6,4,2162,-2.8,28.8,7.4,0.0,1017.7,69.8,1.0,0.14,0,0.0
FL-5924,Delta,DEN,ORD,9,5,7,2734,33.9,15.7,9.6,0.0,1025.2,85.0,2.75,0.12,0,0.0
FL-5925,American,BOS,ATL,10,0,2,2880,18.8,6.4,10.0,0.0,1017.2,100.0,3.36,0.2,0,0.0
FL-5926,American,JFK,DFW,4,3,5,920,-1.7,56.6,7.4,0.0,1015.0,58.8,1.0,0.2,1,71.0
FL-5927,United,MIA,LAX,8,2,7,2631,28.6,70.0,9.0,0.0,1027.0,75.8,2.21,0.18,1,63.0
FL-5928,United,ATL,SFO,4,3,9,2593,29.6,22.1,9.9,0.0,1014.4,63.0,1.14,0.18,0,0.0
FL-5929,Delta,SEA,DFW,10,6,8,672,6.5,24.3,10.9,1.5,1010.0,52.8,2.54,0.12,1,66.0
FL-5930,JetBlue,JFK,SFO,2,6,9,2923,3.9,21.5,15.0,0.0,1026.3,62.9,1.0,0.25,0,0.0
FL-5931,United,LAX,JFK,3,1,7,2003,16.0,4.5,7.1,0.0,1010.0,79.6,1.62,0.18,0,0.0
FL-5932,United,SFO,DEN,9,0,3,2175,16.9,2.4,14.1,1.8,1013.6,79.0,1.09,0.18,0,0.0
FL-5933,American,BOS,LAX,6,6,1,2250,13.1,12.1,7.3,0.2,1009.0,38.7,1.0,0.2,0,0.0
FL-5934,JetBlue,JFK,MIA,0,1,10,1124,2.1,46.2,10.0,0.0,996.2,60.2,1.34,0.25,1,67.0
FL-5935,Alaska,ATL,DFW,5,6,7,1075,10.8,31.6,12.8,0.8,1000.3,95.4,1.0,0.14,0,0.0
FL-5936,Delta,MIA,DFW,7,5,11,1172,9.9,1.7,11.3,0.2,1004.5,37.8,2.91,0.12,0,0.0
FL-5937,United,BOS,DFW,16,4,6,578,-2.9,0.9,2.9,9.3,1013.4,40.9,3.82,0.18,1,178.0
FL-5938,JetBlue,DFW,SFO,23,1,2,1521,26.9,31.0,13.3,4.6,1014.3,85.8,1.0,0.25,0,0.0
FL-5939,JetBlue,SEA,LAX,6,1,1,2385,2.3,14.2,11.0,0.4,1015.8,60.2,1.0,0.25,0,0.0
FL-5940,Delta,SFO,DFW,0,3,12,324,30.7,5.4,8.3,0.0,1007.6,29.4,1.0,0.12,0,0.0
FL-5941,JetBlue,JFK,ATL,8,6,10,1625,16.8,12.4,9.6,0.0,1007.0,61.7,2.84,0.25,0,0.0
FL-5942,JetBlue,SFO,ATL,10,1,4,679,7.3,3.8,11.3,3.2,1038.2,54.6,2.03,0.25,0,0.0
FL-5943,JetBlue,SFO,LAX,18,2,4,2817,19.7,44.0,11.8,4.7,1007.6,49.8,3.75,0.25,1,56.0
FL-5944,United,SFO,ATL,1,5,6,1585,13.4,26.3,11.6,0.0,1016.6,100.0,1.0,0.18,0,0.0
FL-5945,Delta,MIA,BOS,22,3,11,2313,30.9,49.1,7.9,0.0,1021.8,32.9,1.0,0.12,1,49.0
FL-5946,JetBlue,SFO,SEA,10,3,5,631,40.5,3.1,10.0,0.0,1016.7,53.2,2.96,0.25,0,0.0
FL-5947,JetBlue,DFW,ORD,2,4,9,2158,19.7,27.8,7.5,1.5,1011.0,68.3,1.0,0.25,0,0.0
FL-5948,United,LAX,JFK,16,5,8,1312,12.9,12.3,12.3,0.0,1003.9,36.6,3.43,0.18,0,0.0
FL-5949,Delta,ATL,JFK,9,2,9,800,34.2,5.9,9.3,0.0,1003.7,86.7,1.87,0.12,0,0.0
FL-5950,American,BOS,SFO,2,5,10,1055,12.5,9.8,11.3,0.1,1009.6,50.1,1.0,0.2,0,0.0
FL-5951,United,DFW,ORD,21,1,7,2253,8.7,43.3,8.5,0.0,1011.9,43.6,1.65,0.18,1,74.0
FL-5952,Delta,BOS,ATL,2,4,9,357,29.8,17.6,10.3,1.9,1012.7,76.3,1.0,0.12,0,0.0
FL-5953,JetBlue,ATL,JFK,20,2,3,2577,25.1,6.7,9.4,0.0,1007.2,75.6,2.24,0.25,0,0.0
FL-5954,Delta,LAX,SEA,6,4,9,1326,8.8,70.0,6.4,0.0,1009.2,64.8,1.87,0.12,0,0.0
FL-5955,Delta,DEN,JFK,1,5,2,422,18.8,6.4,13.3,0.0,1024.1,47.6,1.0,0.12,0,0.0
FL-5956,Alaska,BOS,DFW,0,0,9,2649,10.9,25.2,12.0,0.0,1004.8,56.2,1.0,0.14,0,0.0
FL-5957,Delta,BOS,SFO,6,5,6,1906,22.3,23.0,6.2,0.0,1007.5,65.6,1.0,0.12,0,0.0
FL-5958,American,LAX,ORD,19,1,4,744,21.1,19.3,7.5,0.0,1002.6,49.5,3.51,0.2,1,77.0
FL-5959,Delta,JFK,MIA,10,4,12,2756,-0.3,16.6,8.2,0.2,1035.9,90.2,3.94,0.12,0,0.0
FL-5960,American,DFW,MIA,22,0,12,2431,15.5,1.7,14.0,0.9,997.4,97.8,1.0,0.2,0,0.0
FL-5961,JetBlue,JFK,LAX,5,1,11,2828,-2.8,70.0,12.6,0.0,1010.2,40.5,2.0,0.25,1,78.0
FL-5962,American,JFK,DFW,22,4,2,737,-2.1,2.6,10.6,0.0,1027.6,94.7,2.09,0.2,0,0.0
FL-5963,JetBlue,JFK,DFW,3,4,10,1636,9.1,13.6,5.3,0.4,1024.1,61.3,1.06,0.25,0,0.0
FL-5964,JetBlue,SFO,DFW,18,5,3,2765,7.8,4.3,11.4,0.0,1015.7,39.9,2.9,0.25,1,70.0
FL-5965,American,SEA,JFK,20,6,5,2542,-5.5,2.8,10.5,0.7,1016.9,73.8,2.82,0.2,1,76.0
FL-5966,United,BOS,JFK,18,4,9,459,0.8,12.3,9.0,0.0,1004.4,59.3,3.08,0.18,0,0.0
FL-5967,Southwest,JFK,MIA,13,4,7,1025,-3.5,27.1,14.0,0.0,1000.8,72.5,1.97,0.22,0,0.0
FL-5968,Delta,DFW,BOS,2,3,11,515,6.1,7.1,9.4,0.0,1007.8,81.5,1.09,0.12,0,0.0
FL-5969,Alaska,SEA,JFK,3,6,12,945,21.3,1.2,13.5,0.0,1008.8,77.1,1.0,0.14,0,0.0
FL-5970,Southwest,SEA,LAX,7,4,11,918,32.7,14.7,8.9,0.0,1017.2,51.9,2.49,0.22,0,0.0
FL-5971,Delta,JFK,DEN,17,5,3,1300,27.7,21.8,7.4,0.0,1012.3,96.5,3.24,0.12,1,48.0
FL-5972,Delta,MIA,SFO,3,3,4,2927,20.2,5.3,6.3,0.1,1026.3,58.6,1.0,0.12,0,0.0
FL-5973,JetBlue,JFK,ORD,10,3,12,660,19.5,17.6,9.8,0.1,1015.1,79.1,2.36,0.25,0,0.0
FL-5974,Delta,MIA,BOS,15,0,11,1304,13.7,1.2,10.1,1.6,1000.0,78.3,1.0,0.12,1,59.0
FL-5975,Alaska,JFK,DFW,2,1,2,1902,13.8,6.7,7.1,1.8,1001.5,71.6,1.0,0.14,0,0.0
FL-5976,Delta,DFW,MIA,6,3,8,1606,31.6,9.6,7.3,0.0,1010.0,72.8,1.29,0.12,0,0.0
FL-5977,American,MIA,SFO,1,2,6,2396,22.4,22.8,13.5,0.1,1007.3,47.5,1.0,0.2,0,0.0
FL-5978,Southwest,SFO,ORD,0,3,3,2592,17.4,6.2,12.2,1.0,1012.9,58.7,1.0,0.22,0,0.0
FL-5979,American,SEA,MIA,0,2,5,2013,-6.1,9.1,15.0,2.1,1019.3,46.7,1.0,0.2,0,0.0
FL-5980,Alaska,JFK,MIA,5,6,5,2014,23.7,14.8,5.1,0.0,1017.9,81.9,1.45,0.14,0,0.0
FL-5981,Delta,SEA,BOS,18,0,12,1941,23.9,14.7,15.0,0.0,1004.2,56.2,2.85,0.12,0,0.0
FL-5982,Alaska,JFK,ATL,6,2,1,1173,7.6,10.9,7.6,0.0,1022.5,57.6,1.29,0.14,0,0.0
FL-5983,JetBlue,BOS,JFK,23,0,5,1121,17.7,6.0,6.1,0.0,1010.3,55.2,1.0,0.25,0,0.0
FL-5984,American,BOS,LAX,4,0,6,229,13.4,16.6,10.8,0.0,1013.4,56.0,1.6,0.2,0,0.0
FL-5985,American,ORD,JFK,20,0,10,2977,8.5,27.2,4.4,0.6,1005.8,62.4,3.28,0.2,1,181.0
FL-5986,United,JFK,SFO,17,2,10,1181,19.9,2.5,13.2,0.0,1016.3,58.4,3.65,0.18,1,66.0
FL-5987,Delta,ORD,LAX,23,2,11,430,2.0,6.2,10.5,2.8,1015.8,68.3,1.14,0.12,0,0.0
FL-5988,JetBlue,LAX,ATL,12,0,11,1385,39.5,16.6,7.9,0.0,1024.8,61.5,1.12,0.25,0,0.0
FL-5989,American,LAX,SEA,0,6,11,2976,21.4,21.1,13.0,2.0,1007.9,40.8,1.0,0.2,0,0.0
FL-5990,American,SEA,DFW,9,0,2,1451,13.7,22.8,9.6,0.0,1013.8,79.1,2.62,0.2,0,0.0
FL-5991,JetBlue,MIA,ATL,8,6,3,1444,26.5,15.9,10.1,0.0,1016.0,70.1,1.94,0.25,0,0.0
FL-5992,Alaska,JFK,SFO,16,1,10,2993,24.4,9.8,11.9,0.0,1015.5,78.2,2.6,0.14,0,0.0
FL-5993,Alaska,ATL,DEN,0,6,5,1296,6.1,15.6,8.1,0.0,1023.4,65.8,1.0,0.14,0,0.0
FL-5994,Delta,JFK,MIA,0,6,3,598,8.9,2.2,6.8,0.0,1006.7,73.5,1.0,0.12,0,0.0
FL-5995,United,JFK,BOS,6,6,5,294,-12.4,3.5,9.6,0.3,1016.8,43.7,1.0,0.18,0,0.0
FL-5996,American,ATL,JFK,3,0,5,2163,2.1,39.4,5.9,0.0,1017.5,56.8,1.0,0.2,1,70.0
FL-5997,United,LAX,DFW,22,4,8,674,23.0,38.3,8.7,0.0,1010.1,75.6,1.0,0.18,1,69.0
FL-5998,Alaska,ORD,BOS,20,1,10,2129,17.2,19.3,7.0,0.0,1014.9,56.7,3.78,0.14,1,57.0
FL-5999,Alaska,SEA,DFW,11,1,9,1978,9.1,5.9,9.1,0.0,1014.5,88.9,1.0,0.14,0,0.0
